#
# A fatal error has been detected by the Java Runtime Environment:
#
#  SIGSEGV (0xb) at pc=0x00007f725e84e3fc, pid=1889, tid=1889
#
# JRE version: OpenJDK Runtime Environment (21.0.9+10) (build 21.0.9+10-Ubuntu-122.04)
# Java VM: OpenJDK 64-Bit Server VM (21.0.9+10-Ubuntu-122.04, mixed mode, sharing, tiered, compressed oops, compressed class ptrs, g1 gc, linux-amd64)
# Problematic frame:
# C  [libc.so.6+0x453fc]
#
# Core dump will be written. Default location: Core dumps may be processed with "/usr/share/apport/apport -p%p -s%s -c%c -d%d -P%P -u%u -g%g -F%F -- %E" (or dumping to /data/hc_storage/ChildCenteredEvaluation/code/core.1889)
#
# If you would like to submit a bug report, please visit:
#   https://bugs.launchpad.net/ubuntu/+source/openjdk-21
# The crash happened outside the Java Virtual Machine in native code.
# See problematic frame for where to report the bug.
#

---------------  S U M M A R Y ------------

Command Line: jupyter[pyterrier]:/home/hchakrabar/data/hc_storage/ChildCenteredEvaluation/code/indexing_retrieval.ipynb

Host: Intel(R) Xeon(R) Gold 6342 CPU @ 2.80GHz, 22 cores, 172G, Ubuntu 22.04.5 LTS
Time: Sun Jan  4 13:11:11 2026 CET elapsed time: 1886.657167 seconds (0d 0h 31m 26s)

---------------  T H R E A D  ---------------

Current thread (0x000000000531af00):  JavaThread "main"      [_thread_in_native, id=1889, stack(0x00007fffd8d1d000,0x00007fffd8e1d000) (1024K)]

Stack: [0x00007fffd8d1d000,0x00007fffd8e1d000],  sp=0x00007fffd8e1c550,  free space=1021k
Native frames: (J=compiled Java code, j=interpreted, Vv=VM code, C=native code)
C  [libc.so.6+0x453fc]

siginfo: si_signo: 11 (SIGSEGV), si_code: 1 (SEGV_MAPERR), si_addr: 0x000fee4bdfcfbfb0

Registers:
RAX=0x00007f725ea23cdf, RBX=0x0000000000000000, RCX=0x0000000000000001, RDX=0x000fee4bd4479be0
RSP=0x00007fffd8e1c550, RBP=0x0000000000000000, RSI=0x0000000000000000, RDI=0x00007f71998b2240
R8 =0x000000000773e980, R9 =0x0000000000000000, R10=0x0000000000000008, R11=0x0000000000000001
R12=0x00007f725ea23838, R13=0x0000000000000000, R14=0x00007f725ea24ee8, R15=0x000000000b8823c0
RIP=0x00007f725e84e3fc, EFLAGS=0x0000000000010202, CSGSFS=0x002b000000000033, ERR=0x0000000000000004
  TRAPNO=0x000000000000000e

XMM[0]=0x0000000000000000 0x0000000000000000
XMM[1]=0x0000000000000000 0x00007f725ea23ce0
XMM[2]=0x0000000000000000 0x000000000f2de9e0
XMM[3]=0x0000000000000000 0x0000000029f83110
XMM[4]=0x0000000000000000 0x00007fffd8e1c50f
XMM[5]=0x00007f725ddce898 0x00007f725ddcec30
XMM[6]=0x0000000000745e00 0x00007f6f599c4000
XMM[7]=0x0000000000000000 0x00007fffd8e1c2d0
XMM[8]=0x00007fffd8e1c2f0 0x00007fffd8e1c2f0
XMM[9]=0x0000000000000000 0x00007fffd8e1c2e0
XMM[10]=0x00007fffd8e1c2e0 0x00007fffd8e1c2e0
XMM[11]=0x000000000001767e 0x0000000000000001
XMM[12]=0x00007fffd8e1c2d0 0x00007fffd8e1c2d0
XMM[13]=0x00000000000c9cc8 0x0000000000000012
XMM[14]=0x00007fffd8e1c2e0 0x00007fffd8e1c2e0
XMM[15]=0x0000000000000000 0x0000000003c0bf78
  MXCSR=0x00001fa2


Register to memory mapping:

RAX=0x00007f725ea23cdf: <offset 0x000000000021acdf> in /lib/x86_64-linux-gnu/libc.so.6 at 0x00007f725e809000
RBX=0x0 is null
RCX=0x0000000000000001 is an unknown value
RDX=0x000fee4bd4479be0 is an unknown value
RSP=0x00007fffd8e1c550 is pointing into the stack for thread: 0x000000000531af00
RBP=0x0 is null
RSI=0x0 is null
RDI=0x00007f71998b2240: <offset 0x00000000002b2240> in /home/hchakrabar/miniconda3/envs/pt_env/lib/python3.10/site-packages/torch/lib/../../nvidia/cuda_runtime/lib/libcudart.so.12 at 0x00007f7199600000
R8 =0x000000000773e980 points into unknown readable memory: 0x0000000000000001 | 01 00 00 00 00 00 00 00
R9 =0x0 is null
R10=0x0000000000000008 is an unknown value
R11=0x0000000000000001 is an unknown value
R12=0x00007f725ea23838: <offset 0x000000000021a838> in /lib/x86_64-linux-gnu/libc.so.6 at 0x00007f725e809000
R13=0x0 is null
R14=0x00007f725ea24ee8: <offset 0x000000000021bee8> in /lib/x86_64-linux-gnu/libc.so.6 at 0x00007f725e809000
R15=0x000000000b8823c0 points into unknown readable memory: 0x000000000bac6f10 | 10 6f ac 0b 00 00 00 00

Top of Stack: (sp=0x00007fffd8e1c550)
0x00007fffd8e1c550:   0000000000000005 00007fffd8e1c6c8
0x00007fffd8e1c560:   0000000000588590 0000000100000000
0x00007fffd8e1c570:   00007f725eb6e040 0000000000000000
0x00007fffd8e1c580:   0000000000000005 00007fffd8e1c6c8
0x00007fffd8e1c590:   0000000000588590 0000000000000000
0x00007fffd8e1c5a0:   00007f725eb6e040 00007f725e84e610
0x00007fffd8e1c5b0:   0000000000000000 00007f725e832d97
0x00007fffd8e1c5c0:   0000000000000000 0000000000588590
0x00007fffd8e1c5d0:   0000000500000000 00007fffd8e1c6c8
0x00007fffd8e1c5e0:   0000000000000000 cf96f9ca04f7e97f
0x00007fffd8e1c5f0:   00007fffd8e1c6c8 0000000000588590
0x00007fffd8e1c600:   0000000000000000 00007f725eb6e040
0x00007fffd8e1c610:   306948098f7de97f 317244cc5e75e97f
0x00007fffd8e1c620:   0000000000000000 0000000000000000
0x00007fffd8e1c630:   0000000000000000 0000000000000000
0x00007fffd8e1c640:   0000000000000000 42ac598c1d05f500
0x00007fffd8e1c650:   0000000000000000 00007f725e832e40
0x00007fffd8e1c660:   00007fff00000000 00007fffd8e1c6f8
0x00007fffd8e1c670:   00007f725eb6f2e0 0000000000000000
0x00007fffd8e1c680:   0000000000000000 0000000000588465
0x00007fffd8e1c690:   00007fffd8e1c6c0 0000000000000000
0x00007fffd8e1c6a0:   0000000000000000 000000000058848e
0x00007fffd8e1c6b0:   00007fffd8e1c6b8 000000000000001c
0x00007fffd8e1c6c0:   0000000000000005 00007fffd8e1cab2
0x00007fffd8e1c6d0:   00007fffd8e1cae6 00007fffd8e1cae9
0x00007fffd8e1c6e0:   00007fffd8e1cafc 00007fffd8e1caff
0x00007fffd8e1c6f0:   0000000000000000 00007fffd8e1cb5e
0x00007fffd8e1c700:   00007fffd8e1cbaa 00007fffd8e1cbb7
0x00007fffd8e1c710:   00007fffd8e1cbed 00007fffd8e1cc1c
0x00007fffd8e1c720:   00007fffd8e1cc4c 00007fffd8e1cc5d
0x00007fffd8e1c730:   00007fffd8e1cc9b 00007fffd8e1ccfb
0x00007fffd8e1c740:   00007fffd8e1cd62 00007fffd8e1cd8c 

Instructions: (pc=0x00007f725e84e3fc)
0x00007f725e84e2fc:   75 22 48 c7 03 00 00 00 00 31 c0 87 05 bb 6b 1d
0x00007f725e84e30c:   00 83 f8 01 7f 26 31 c0 5b c3 66 2e 0f 1f 84 00
0x00007f725e84e31c:   00 00 00 00 e8 4b 30 fe ff 48 c7 05 88 6b 1d 00
0x00007f725e84e32c:   00 00 00 00 eb cc 66 0f 1f 44 00 00 48 8d 3d 89
0x00007f725e84e33c:   6b 1d 00 e8 bc bf 04 00 31 c0 5b c3 0f 1f 84 00
0x00007f725e84e34c:   00 00 00 00 48 8d 3d 71 6b 1d 00 e8 d4 be 04 00
0x00007f725e84e35c:   eb 88 66 90 f3 0f 1e fa 48 8b 05 15 4b 1d 00 8b
0x00007f725e84e36c:   00 85 c0 75 0f e9 fa f7 ff ff 66 2e 0f 1f 84 00
0x00007f725e84e37c:   00 00 00 00 31 c0 c3 66 2e 0f 1f 84 00 00 00 00
0x00007f725e84e38c:   00 0f 1f 00 f3 0f 1e fa 41 57 41 56 41 55 41 54
0x00007f725e84e39c:   49 89 f4 55 89 fd 53 48 83 ec 28 89 54 24 1c 84
0x00007f725e84e3ac:   c9 0f 85 11 02 00 00 4c 8d 35 2e 6b 1d 00 31 c0
0x00007f725e84e3bc:   ba 01 00 00 00 f0 41 0f b1 16 0f 85 02 02 00 00
0x00007f725e84e3cc:   31 db 4d 8b 3c 24 4d 85 ff 0f 84 35 01 00 00 0f
0x00007f725e84e3dc:   1f 44 00 00 49 8b 47 08 48 85 c0 0f 84 13 01 00
0x00007f725e84e3ec:   00 48 83 e8 01 48 89 c2 49 89 47 08 48 c1 e2 05
0x00007f725e84e3fc:   49 8b 4c 17 10 48 83 f9 03 0f 84 ad 00 00 00 48
0x00007f725e84e40c:   83 f9 04 74 4f 48 83 f9 02 75 cd 4c 01 fa 48 8b
0x00007f725e84e41c:   42 18 48 8b 72 20 89 da 48 c1 c8 11 64 48 33 04
0x00007f725e84e42c:   25 30 00 00 00 41 87 16 83 fa 01 0f 8f 1b 01 00
0x00007f725e84e43c:   00 89 ef ff d0 ba 01 00 00 00 89 d8 f0 41 0f b1
0x00007f725e84e44c:   16 74 91 4c 89 f7 e8 d9 bd 04 00 eb 87 0f 1f 80
0x00007f725e84e45c:   00 00 00 00 4c 01 fa 48 8b 42 18 4c 8b 6a 20 48
0x00007f725e84e46c:   c7 42 10 00 00 00 00 89 da 48 c1 c8 11 64 48 33
0x00007f725e84e47c:   04 25 30 00 00 00 41 87 16 83 fa 01 0f 8f 12 01
0x00007f725e84e48c:   00 00 89 ee 4c 89 ef ff d0 ba 01 00 00 00 89 d8
0x00007f725e84e49c:   f0 41 0f b1 16 0f 84 39 ff ff ff 4c 89 f7 e8 81
0x00007f725e84e4ac:   bd 04 00 e9 2c ff ff ff 0f 1f 40 00 49 8b 44 17
0x00007f725e84e4bc:   18 89 da 48 c1 c8 11 64 48 33 04 25 30 00 00 00
0x00007f725e84e4cc:   41 87 16 83 fa 01 0f 8f a8 00 00 00 ff d0 ba 01
0x00007f725e84e4dc:   00 00 00 89 d8 f0 41 0f b1 16 0f 84 f4 fe ff ff
0x00007f725e84e4ec:   4c 89 f7 e8 3c bd 04 00 e9 e7 fe ff ff 0f 1f 80 


Stack slot to memory mapping:

stack at sp + 0 slots: 0x0000000000000005 is an unknown value
stack at sp + 1 slots: 0x00007fffd8e1c6c8 is pointing into the stack for thread: 0x000000000531af00
stack at sp + 2 slots: 0x0000000000588590: <offset 0x0000000000188590> in /home/hchakrabar/miniconda3/envs/pt_env/bin/python3 at 0x0000000000400000
stack at sp + 3 slots: 0x0000000100000000 is an oop: [B 
{0x0000000100000000} - klass: {type array byte}
 - length: 358421
stack at sp + 4 slots: 0x00007f725eb6e040: _rtld_global+0x0000000000000000 in /lib64/ld-linux-x86-64.so.2 at 0x00007f725eb34000
stack at sp + 5 slots: 0x0 is null
stack at sp + 6 slots: 0x0000000000000005 is an unknown value
stack at sp + 7 slots: 0x00007fffd8e1c6c8 is pointing into the stack for thread: 0x000000000531af00


---------------  P R O C E S S  ---------------

Threads class SMR info:
_java_thread_list=0x00007f69100ade10, length=10, elements={
0x000000000531af00, 0x00000000076aebe0, 0x00000000076b01d0, 0x00000000076b30a0,
0x00000000076b46c0, 0x00000000076b5f20, 0x00000000076b7660, 0x00000000076c21d0,
0x00000000076e93f0, 0x00007f7130009110
}

Java Threads: ( => current thread )
=>0x000000000531af00 JavaThread "main"                       [_thread_in_native, id=1889, stack(0x00007fffd8d1d000,0x00007fffd8e1d000) (1024K)]
  0x00000000076aebe0 JavaThread "Reference Handler"          [_thread_blocked, id=2182, stack(0x00007f71a8a6f000,0x00007f71a8b6f000) (1024K)]
  0x00000000076b01d0 JavaThread "Finalizer"                  [_thread_blocked, id=2183, stack(0x00007f71a896f000,0x00007f71a8a6f000) (1024K)]
  0x00000000076b30a0 JavaThread "Service Thread"             [_thread_blocked, id=2185, stack(0x00007f71a876f000,0x00007f71a886f000) (1024K)]
  0x00000000076b46c0 JavaThread "Monitor Deflation Thread"   [_thread_blocked, id=2186, stack(0x00007f71a866f000,0x00007f71a876f000) (1024K)]
  0x00000000076b5f20 JavaThread "C2 CompilerThread0"         [_thread_blocked, id=2187, stack(0x00007f71a856f000,0x00007f71a866f000) (1024K)]
  0x00000000076b7660 JavaThread "C1 CompilerThread0"         [_thread_blocked, id=2188, stack(0x00007f71a846f000,0x00007f71a856f000) (1024K)]
  0x00000000076c21d0 JavaThread "Notification Thread"        [_thread_blocked, id=2189, stack(0x00007f71a829e000,0x00007f71a839e000) (1024K)]
  0x00000000076e93f0 JavaThread "Common-Cleaner"             [_thread_blocked, id=2190, stack(0x00007f71a809e000,0x00007f71a819e000) (1024K)]
  0x00007f7130009110 JavaThread "SIGTERM handler"            [_thread_blocked, id=10611, stack(0x00007f725a920000,0x00007f725aa20000) (1024K)]
Total: 10

Other Threads:
  0x0000000005351d20 VMThread "VM Thread"                           [id=2181, stack(0x00007f71a8b70000,0x00007f71a8c70000) (1024K)]
  0x0000000005263850 WorkerThread "GC Thread#0"                     [id=2175, stack(0x00007f71a9176000,0x00007f71a9276000) (1024K)]
  0x00007f71400099c0 WorkerThread "GC Thread#1"                     [id=10081, stack(0x00007f6dea700000,0x00007f6dea800000) (1024K)]
  0x00007f714000a720 WorkerThread "GC Thread#2"                     [id=10082, stack(0x00007f6dea5ff000,0x00007f6dea6ff000) (1024K)]
  0x00007f714000b400 WorkerThread "GC Thread#3"                     [id=10083, stack(0x00007f6dea4fe000,0x00007f6dea5fe000) (1024K)]
  0x00007f714000c320 WorkerThread "GC Thread#4"                     [id=10084, stack(0x00007f6dea3fd000,0x00007f6dea4fd000) (1024K)]
  0x00007f714000d240 WorkerThread "GC Thread#5"                     [id=10085, stack(0x00007f6dea2fc000,0x00007f6dea3fc000) (1024K)]
  0x00007f714000e1d0 WorkerThread "GC Thread#6"                     [id=10086, stack(0x00007f6dea1fb000,0x00007f6dea2fb000) (1024K)]
  0x00007f714000f160 WorkerThread "GC Thread#7"                     [id=10087, stack(0x00007f6dea0fa000,0x00007f6dea1fa000) (1024K)]
  0x00007f71400100f0 WorkerThread "GC Thread#8"                     [id=10088, stack(0x00007f6dddf00000,0x00007f6dde000000) (1024K)]
  0x00007f7140011470 WorkerThread "GC Thread#9"                     [id=10089, stack(0x00007f6ddddff000,0x00007f6dddeff000) (1024K)]
  0x00007f71400127f0 WorkerThread "GC Thread#10"                    [id=10090, stack(0x00007f6dddcfe000,0x00007f6ddddfe000) (1024K)]
  0x00007f7140013b70 WorkerThread "GC Thread#11"                    [id=10091, stack(0x00007f6dddbfd000,0x00007f6dddcfd000) (1024K)]
  0x00007f7140014ef0 WorkerThread "GC Thread#12"                    [id=10092, stack(0x00007f6dddafc000,0x00007f6dddbfc000) (1024K)]
  0x00007f7140016270 WorkerThread "GC Thread#13"                    [id=10093, stack(0x00007f6ddd9fb000,0x00007f6dddafb000) (1024K)]
  0x00007f71400175f0 WorkerThread "GC Thread#14"                    [id=10094, stack(0x00007f6ddd8fa000,0x00007f6ddd9fa000) (1024K)]
  0x00007f7140018970 WorkerThread "GC Thread#15"                    [id=10095, stack(0x00007f6ddd7f9000,0x00007f6ddd8f9000) (1024K)]
  0x00000000053a76d0 ConcurrentGCThread "G1 Main Marker"            terminated
  0x00000000052fc050 WorkerThread "G1 Conc#0"                       [id=2177, stack(0x00007f71a8f74000,0x00007f71a9074000) (1024K)]
  0x000000000531a840 ConcurrentGCThread "G1 Refine#0"               terminated
  0x0000000005322e10 ConcurrentGCThread "G1 Service"                terminated
Total: 21

Threads with active compile tasks:
Total: 0

VM state: at safepoint (shutting down)

VM Mutex/Monitor currently owned by a thread:  ([mutex/lock_event])
[0x00007f71e6ee1e98] Threads_lock - owner thread: 0x0000000005351d20
[0x00007f71e6ee1d98] Heap_lock - owner thread: 0x00007f7130009110

Heap address: 0x00000000a0000000, size: 30208 MB, Compressed Oops mode: Zero based, Oop shift amount: 3

CDS archive(s) mapped at: [0x00007f714b000000-0x00007f714bca0000-0x00007f714bca0000), size 13238272, SharedBaseAddress: 0x00007f714b000000, ArchiveRelocationMode: 1.
Compressed class space mapped at: 0x00007f714c000000-0x00007f718c000000, reserved size: 1073741824
Narrow klass base: 0x00007f714b000000, Narrow klass shift: 0, Narrow klass range: 0x100000000

GC Precious Log:
 CardTable entry size: 512
 Card Set container configuration: InlinePtr #cards 3 size 8 Array Of Cards #cards 128 size 272 Howl #buckets 8 coarsen threshold 29491 Howl Bitmap #cards 4096 size 528 coarsen threshold 3686 Card regions per heap region 1 cards per card region 32768
 CPUs: 22 total, 22 available
 Memory: 172G
 Large Page Support: Disabled
 NUMA Support: Disabled
 Compressed Oops: Enabled (Zero based)
 Heap Region Size: 16M
 Heap Min Capacity: 16M
 Heap Initial Capacity: 2G
 Heap Max Capacity: 30208M
 Pre-touch: Disabled
 Parallel Workers: 16
 Concurrent Workers: 4
 Concurrent Refinement Workers: 16
 Periodic GC: Disabled

Heap:
 garbage-first heap   total 3440640K, used 1547387K [0x00000000a0000000, 0x0000000800000000)
  region size 16384K, 96 young (1572864K), 4 survivors (65536K)
 Metaspace       used 6696K, committed 7040K, reserved 1114112K
  class space    used 683K, committed 832K, reserved 1048576K

Heap Regions: E=young(eden), S=young(survivor), O=old, HS=humongous(starts), HC=humongous(continues), CS=collection set, F=free, TAMS=top-at-mark-start, PB=parsable bottom
|   0|0x00000000a0000000, 0x00000000a0fb10b0, 0x00000000a1000000| 98%| O|  |TAMS 0x00000000a0000000| PB 0x00000000a0000000| Untracked 
|   1|0x00000000a1000000, 0x00000000a1000000, 0x00000000a2000000|  0%| F|  |TAMS 0x00000000a1000000| PB 0x00000000a1000000| Untracked 
|   2|0x00000000a2000000, 0x00000000a2000000, 0x00000000a3000000|  0%| F|  |TAMS 0x00000000a2000000| PB 0x00000000a2000000| Untracked 
|   3|0x00000000a3000000, 0x00000000a3000000, 0x00000000a4000000|  0%| F|  |TAMS 0x00000000a3000000| PB 0x00000000a3000000| Untracked 
|   4|0x00000000a4000000, 0x00000000a4000000, 0x00000000a5000000|  0%| F|  |TAMS 0x00000000a4000000| PB 0x00000000a4000000| Untracked 
|   5|0x00000000a5000000, 0x00000000a5000000, 0x00000000a6000000|  0%| F|  |TAMS 0x00000000a5000000| PB 0x00000000a5000000| Untracked 
|   6|0x00000000a6000000, 0x00000000a6000000, 0x00000000a7000000|  0%| F|  |TAMS 0x00000000a6000000| PB 0x00000000a6000000| Untracked 
|   7|0x00000000a7000000, 0x00000000a7000000, 0x00000000a8000000|  0%| F|  |TAMS 0x00000000a7000000| PB 0x00000000a7000000| Untracked 
|   8|0x00000000a8000000, 0x00000000a8000000, 0x00000000a9000000|  0%| F|  |TAMS 0x00000000a8000000| PB 0x00000000a8000000| Untracked 
|   9|0x00000000a9000000, 0x00000000a9000000, 0x00000000aa000000|  0%| F|  |TAMS 0x00000000a9000000| PB 0x00000000a9000000| Untracked 
|  10|0x00000000aa000000, 0x00000000aa000000, 0x00000000ab000000|  0%| F|  |TAMS 0x00000000aa000000| PB 0x00000000aa000000| Untracked 
|  11|0x00000000ab000000, 0x00000000ab000000, 0x00000000ac000000|  0%| F|  |TAMS 0x00000000ab000000| PB 0x00000000ab000000| Untracked 
|  12|0x00000000ac000000, 0x00000000ac000000, 0x00000000ad000000|  0%| F|  |TAMS 0x00000000ac000000| PB 0x00000000ac000000| Untracked 
|  13|0x00000000ad000000, 0x00000000ad000000, 0x00000000ae000000|  0%| F|  |TAMS 0x00000000ad000000| PB 0x00000000ad000000| Untracked 
|  14|0x00000000ae000000, 0x00000000ae000000, 0x00000000af000000|  0%| F|  |TAMS 0x00000000ae000000| PB 0x00000000ae000000| Untracked 
|  15|0x00000000af000000, 0x00000000af000000, 0x00000000b0000000|  0%| F|  |TAMS 0x00000000af000000| PB 0x00000000af000000| Untracked 
|  16|0x00000000b0000000, 0x00000000b0000000, 0x00000000b1000000|  0%| F|  |TAMS 0x00000000b0000000| PB 0x00000000b0000000| Untracked 
|  17|0x00000000b1000000, 0x00000000b1000000, 0x00000000b2000000|  0%| F|  |TAMS 0x00000000b1000000| PB 0x00000000b1000000| Untracked 
|  18|0x00000000b2000000, 0x00000000b2000000, 0x00000000b3000000|  0%| F|  |TAMS 0x00000000b2000000| PB 0x00000000b2000000| Untracked 
|  19|0x00000000b3000000, 0x00000000b3000000, 0x00000000b4000000|  0%| F|  |TAMS 0x00000000b3000000| PB 0x00000000b3000000| Untracked 
|  20|0x00000000b4000000, 0x00000000b4000000, 0x00000000b5000000|  0%| F|  |TAMS 0x00000000b4000000| PB 0x00000000b4000000| Untracked 
|  21|0x00000000b5000000, 0x00000000b5000000, 0x00000000b6000000|  0%| F|  |TAMS 0x00000000b5000000| PB 0x00000000b5000000| Untracked 
|  22|0x00000000b6000000, 0x00000000b6000000, 0x00000000b7000000|  0%| F|  |TAMS 0x00000000b6000000| PB 0x00000000b6000000| Untracked 
|  23|0x00000000b7000000, 0x00000000b7000000, 0x00000000b8000000|  0%| F|  |TAMS 0x00000000b7000000| PB 0x00000000b7000000| Untracked 
|  24|0x00000000b8000000, 0x00000000b8000000, 0x00000000b9000000|  0%| F|  |TAMS 0x00000000b8000000| PB 0x00000000b8000000| Untracked 
|  25|0x00000000b9000000, 0x00000000b9000000, 0x00000000ba000000|  0%| F|  |TAMS 0x00000000b9000000| PB 0x00000000b9000000| Untracked 
|  26|0x00000000ba000000, 0x00000000ba000000, 0x00000000bb000000|  0%| F|  |TAMS 0x00000000ba000000| PB 0x00000000ba000000| Untracked 
|  27|0x00000000bb000000, 0x00000000bb000000, 0x00000000bc000000|  0%| F|  |TAMS 0x00000000bb000000| PB 0x00000000bb000000| Untracked 
|  28|0x00000000bc000000, 0x00000000bc000000, 0x00000000bd000000|  0%| F|  |TAMS 0x00000000bc000000| PB 0x00000000bc000000| Untracked 
|  29|0x00000000bd000000, 0x00000000bd000000, 0x00000000be000000|  0%| F|  |TAMS 0x00000000bd000000| PB 0x00000000bd000000| Untracked 
|  30|0x00000000be000000, 0x00000000be000000, 0x00000000bf000000|  0%| F|  |TAMS 0x00000000be000000| PB 0x00000000be000000| Untracked 
|  31|0x00000000bf000000, 0x00000000bf000000, 0x00000000c0000000|  0%| F|  |TAMS 0x00000000bf000000| PB 0x00000000bf000000| Untracked 
|  32|0x00000000c0000000, 0x00000000c0000000, 0x00000000c1000000|  0%| F|  |TAMS 0x00000000c0000000| PB 0x00000000c0000000| Untracked 
|  33|0x00000000c1000000, 0x00000000c1000000, 0x00000000c2000000|  0%| F|  |TAMS 0x00000000c1000000| PB 0x00000000c1000000| Untracked 
|  34|0x00000000c2000000, 0x00000000c2000000, 0x00000000c3000000|  0%| F|  |TAMS 0x00000000c2000000| PB 0x00000000c2000000| Untracked 
|  35|0x00000000c3000000, 0x00000000c3000000, 0x00000000c4000000|  0%| F|  |TAMS 0x00000000c3000000| PB 0x00000000c3000000| Untracked 
|  36|0x00000000c4000000, 0x00000000c4000000, 0x00000000c5000000|  0%| F|  |TAMS 0x00000000c4000000| PB 0x00000000c4000000| Untracked 
|  37|0x00000000c5000000, 0x00000000c5000000, 0x00000000c6000000|  0%| F|  |TAMS 0x00000000c5000000| PB 0x00000000c5000000| Untracked 
|  38|0x00000000c6000000, 0x00000000c6000000, 0x00000000c7000000|  0%| F|  |TAMS 0x00000000c6000000| PB 0x00000000c6000000| Untracked 
|  39|0x00000000c7000000, 0x00000000c7000000, 0x00000000c8000000|  0%| F|  |TAMS 0x00000000c7000000| PB 0x00000000c7000000| Untracked 
|  40|0x00000000c8000000, 0x00000000c8000000, 0x00000000c9000000|  0%| F|  |TAMS 0x00000000c8000000| PB 0x00000000c8000000| Untracked 
|  41|0x00000000c9000000, 0x00000000c9000000, 0x00000000ca000000|  0%| F|  |TAMS 0x00000000c9000000| PB 0x00000000c9000000| Untracked 
|  42|0x00000000ca000000, 0x00000000ca000000, 0x00000000cb000000|  0%| F|  |TAMS 0x00000000ca000000| PB 0x00000000ca000000| Untracked 
|  43|0x00000000cb000000, 0x00000000cb000000, 0x00000000cc000000|  0%| F|  |TAMS 0x00000000cb000000| PB 0x00000000cb000000| Untracked 
|  44|0x00000000cc000000, 0x00000000cc000000, 0x00000000cd000000|  0%| F|  |TAMS 0x00000000cc000000| PB 0x00000000cc000000| Untracked 
|  45|0x00000000cd000000, 0x00000000cd000000, 0x00000000ce000000|  0%| F|  |TAMS 0x00000000cd000000| PB 0x00000000cd000000| Untracked 
|  46|0x00000000ce000000, 0x00000000ce000000, 0x00000000cf000000|  0%| F|  |TAMS 0x00000000ce000000| PB 0x00000000ce000000| Untracked 
|  47|0x00000000cf000000, 0x00000000cf000000, 0x00000000d0000000|  0%| F|  |TAMS 0x00000000cf000000| PB 0x00000000cf000000| Untracked 
|  48|0x00000000d0000000, 0x00000000d0000000, 0x00000000d1000000|  0%| F|  |TAMS 0x00000000d0000000| PB 0x00000000d0000000| Untracked 
|  49|0x00000000d1000000, 0x00000000d1000000, 0x00000000d2000000|  0%| F|  |TAMS 0x00000000d1000000| PB 0x00000000d1000000| Untracked 
|  50|0x00000000d2000000, 0x00000000d2000000, 0x00000000d3000000|  0%| F|  |TAMS 0x00000000d2000000| PB 0x00000000d2000000| Untracked 
|  51|0x00000000d3000000, 0x00000000d3000000, 0x00000000d4000000|  0%| F|  |TAMS 0x00000000d3000000| PB 0x00000000d3000000| Untracked 
|  52|0x00000000d4000000, 0x00000000d4000000, 0x00000000d5000000|  0%| F|  |TAMS 0x00000000d4000000| PB 0x00000000d4000000| Untracked 
|  53|0x00000000d5000000, 0x00000000d5000000, 0x00000000d6000000|  0%| F|  |TAMS 0x00000000d5000000| PB 0x00000000d5000000| Untracked 
|  54|0x00000000d6000000, 0x00000000d6000000, 0x00000000d7000000|  0%| F|  |TAMS 0x00000000d6000000| PB 0x00000000d6000000| Untracked 
|  55|0x00000000d7000000, 0x00000000d7000000, 0x00000000d8000000|  0%| F|  |TAMS 0x00000000d7000000| PB 0x00000000d7000000| Untracked 
|  56|0x00000000d8000000, 0x00000000d8000000, 0x00000000d9000000|  0%| F|  |TAMS 0x00000000d8000000| PB 0x00000000d8000000| Untracked 
|  57|0x00000000d9000000, 0x00000000d9000000, 0x00000000da000000|  0%| F|  |TAMS 0x00000000d9000000| PB 0x00000000d9000000| Untracked 
|  58|0x00000000da000000, 0x00000000da000000, 0x00000000db000000|  0%| F|  |TAMS 0x00000000da000000| PB 0x00000000da000000| Untracked 
|  59|0x00000000db000000, 0x00000000db000000, 0x00000000dc000000|  0%| F|  |TAMS 0x00000000db000000| PB 0x00000000db000000| Untracked 
|  60|0x00000000dc000000, 0x00000000dc000000, 0x00000000dd000000|  0%| F|  |TAMS 0x00000000dc000000| PB 0x00000000dc000000| Untracked 
|  61|0x00000000dd000000, 0x00000000dd000000, 0x00000000de000000|  0%| F|  |TAMS 0x00000000dd000000| PB 0x00000000dd000000| Untracked 
|  62|0x00000000de000000, 0x00000000de000000, 0x00000000df000000|  0%| F|  |TAMS 0x00000000de000000| PB 0x00000000de000000| Untracked 
|  63|0x00000000df000000, 0x00000000df000000, 0x00000000e0000000|  0%| F|  |TAMS 0x00000000df000000| PB 0x00000000df000000| Untracked 
|  64|0x00000000e0000000, 0x00000000e0000000, 0x00000000e1000000|  0%| F|  |TAMS 0x00000000e0000000| PB 0x00000000e0000000| Untracked 
|  65|0x00000000e1000000, 0x00000000e1000000, 0x00000000e2000000|  0%| F|  |TAMS 0x00000000e1000000| PB 0x00000000e1000000| Untracked 
|  66|0x00000000e2000000, 0x00000000e2000000, 0x00000000e3000000|  0%| F|  |TAMS 0x00000000e2000000| PB 0x00000000e2000000| Untracked 
|  67|0x00000000e3000000, 0x00000000e3000000, 0x00000000e4000000|  0%| F|  |TAMS 0x00000000e3000000| PB 0x00000000e3000000| Untracked 
|  68|0x00000000e4000000, 0x00000000e4000000, 0x00000000e5000000|  0%| F|  |TAMS 0x00000000e4000000| PB 0x00000000e4000000| Untracked 
|  69|0x00000000e5000000, 0x00000000e5000000, 0x00000000e6000000|  0%| F|  |TAMS 0x00000000e5000000| PB 0x00000000e5000000| Untracked 
|  70|0x00000000e6000000, 0x00000000e6000000, 0x00000000e7000000|  0%| F|  |TAMS 0x00000000e6000000| PB 0x00000000e6000000| Untracked 
|  71|0x00000000e7000000, 0x00000000e7000000, 0x00000000e8000000|  0%| F|  |TAMS 0x00000000e7000000| PB 0x00000000e7000000| Untracked 
|  72|0x00000000e8000000, 0x00000000e8000000, 0x00000000e9000000|  0%| F|  |TAMS 0x00000000e8000000| PB 0x00000000e8000000| Untracked 
|  73|0x00000000e9000000, 0x00000000e9000000, 0x00000000ea000000|  0%| F|  |TAMS 0x00000000e9000000| PB 0x00000000e9000000| Untracked 
|  74|0x00000000ea000000, 0x00000000ea000000, 0x00000000eb000000|  0%| F|  |TAMS 0x00000000ea000000| PB 0x00000000ea000000| Untracked 
|  75|0x00000000eb000000, 0x00000000eb000000, 0x00000000ec000000|  0%| F|  |TAMS 0x00000000eb000000| PB 0x00000000eb000000| Untracked 
|  76|0x00000000ec000000, 0x00000000ec000000, 0x00000000ed000000|  0%| F|  |TAMS 0x00000000ec000000| PB 0x00000000ec000000| Untracked 
|  77|0x00000000ed000000, 0x00000000ed000000, 0x00000000ee000000|  0%| F|  |TAMS 0x00000000ed000000| PB 0x00000000ed000000| Untracked 
|  78|0x00000000ee000000, 0x00000000ee000000, 0x00000000ef000000|  0%| F|  |TAMS 0x00000000ee000000| PB 0x00000000ee000000| Untracked 
|  79|0x00000000ef000000, 0x00000000ef661430, 0x00000000f0000000| 39%| S|CS|TAMS 0x00000000ef000000| PB 0x00000000ef000000| Complete 
|  80|0x00000000f0000000, 0x00000000f0000000, 0x00000000f1000000|  0%| F|  |TAMS 0x00000000f0000000| PB 0x00000000f0000000| Untracked 
|  81|0x00000000f1000000, 0x00000000f2000000, 0x00000000f2000000|100%| S|CS|TAMS 0x00000000f1000000| PB 0x00000000f1000000| Complete 
|  82|0x00000000f2000000, 0x00000000f3000000, 0x00000000f3000000|100%| S|CS|TAMS 0x00000000f2000000| PB 0x00000000f2000000| Complete 
|  83|0x00000000f3000000, 0x00000000f3000000, 0x00000000f4000000|  0%| F|  |TAMS 0x00000000f3000000| PB 0x00000000f3000000| Untracked 
|  84|0x00000000f4000000, 0x00000000f4000000, 0x00000000f5000000|  0%| F|  |TAMS 0x00000000f4000000| PB 0x00000000f4000000| Untracked 
|  85|0x00000000f5000000, 0x00000000f6000000, 0x00000000f6000000|100%| S|CS|TAMS 0x00000000f5000000| PB 0x00000000f5000000| Complete 
|  86|0x00000000f6000000, 0x00000000f6000000, 0x00000000f7000000|  0%| F|  |TAMS 0x00000000f6000000| PB 0x00000000f6000000| Untracked 
|  87|0x00000000f7000000, 0x00000000f7000000, 0x00000000f8000000|  0%| F|  |TAMS 0x00000000f7000000| PB 0x00000000f7000000| Untracked 
|  88|0x00000000f8000000, 0x00000000f8000000, 0x00000000f9000000|  0%| F|  |TAMS 0x00000000f8000000| PB 0x00000000f8000000| Untracked 
|  89|0x00000000f9000000, 0x00000000f9000000, 0x00000000fa000000|  0%| F|  |TAMS 0x00000000f9000000| PB 0x00000000f9000000| Untracked 
|  90|0x00000000fa000000, 0x00000000fa000000, 0x00000000fb000000|  0%| F|  |TAMS 0x00000000fa000000| PB 0x00000000fa000000| Untracked 
|  91|0x00000000fb000000, 0x00000000fb000000, 0x00000000fc000000|  0%| F|  |TAMS 0x00000000fb000000| PB 0x00000000fb000000| Untracked 
|  92|0x00000000fc000000, 0x00000000fc000000, 0x00000000fd000000|  0%| F|  |TAMS 0x00000000fc000000| PB 0x00000000fc000000| Untracked 
|  93|0x00000000fd000000, 0x00000000fd000000, 0x00000000fe000000|  0%| F|  |TAMS 0x00000000fd000000| PB 0x00000000fd000000| Untracked 
|  94|0x00000000fe000000, 0x00000000fe000000, 0x00000000ff000000|  0%| F|  |TAMS 0x00000000fe000000| PB 0x00000000fe000000| Untracked 
|  95|0x00000000ff000000, 0x00000000ff000000, 0x0000000100000000|  0%| F|  |TAMS 0x00000000ff000000| PB 0x00000000ff000000| Untracked 
|  96|0x0000000100000000, 0x0000000100000000, 0x0000000101000000|  0%| F|  |TAMS 0x0000000100000000| PB 0x0000000100000000| Untracked 
|  97|0x0000000101000000, 0x0000000101000000, 0x0000000102000000|  0%| F|  |TAMS 0x0000000101000000| PB 0x0000000101000000| Untracked 
|  98|0x0000000102000000, 0x0000000102000000, 0x0000000103000000|  0%| F|  |TAMS 0x0000000102000000| PB 0x0000000102000000| Untracked 
|  99|0x0000000103000000, 0x0000000103000000, 0x0000000104000000|  0%| F|  |TAMS 0x0000000103000000| PB 0x0000000103000000| Untracked 
| 100|0x0000000104000000, 0x0000000104000000, 0x0000000105000000|  0%| F|  |TAMS 0x0000000104000000| PB 0x0000000104000000| Untracked 
| 101|0x0000000105000000, 0x0000000105000000, 0x0000000106000000|  0%| F|  |TAMS 0x0000000105000000| PB 0x0000000105000000| Untracked 
| 102|0x0000000106000000, 0x0000000106000000, 0x0000000107000000|  0%| F|  |TAMS 0x0000000106000000| PB 0x0000000106000000| Untracked 
| 103|0x0000000107000000, 0x0000000107000000, 0x0000000108000000|  0%| F|  |TAMS 0x0000000107000000| PB 0x0000000107000000| Untracked 
| 104|0x0000000108000000, 0x0000000108000000, 0x0000000109000000|  0%| F|  |TAMS 0x0000000108000000| PB 0x0000000108000000| Untracked 
| 105|0x0000000109000000, 0x0000000109000000, 0x000000010a000000|  0%| F|  |TAMS 0x0000000109000000| PB 0x0000000109000000| Untracked 
| 106|0x000000010a000000, 0x000000010a000000, 0x000000010b000000|  0%| F|  |TAMS 0x000000010a000000| PB 0x000000010a000000| Untracked 
| 107|0x000000010b000000, 0x000000010b000000, 0x000000010c000000|  0%| F|  |TAMS 0x000000010b000000| PB 0x000000010b000000| Untracked 
| 108|0x000000010c000000, 0x000000010c000000, 0x000000010d000000|  0%| F|  |TAMS 0x000000010c000000| PB 0x000000010c000000| Untracked 
| 109|0x000000010d000000, 0x000000010d000000, 0x000000010e000000|  0%| F|  |TAMS 0x000000010d000000| PB 0x000000010d000000| Untracked 
| 110|0x000000010e000000, 0x000000010e000000, 0x000000010f000000|  0%| F|  |TAMS 0x000000010e000000| PB 0x000000010e000000| Untracked 
| 111|0x000000010f000000, 0x000000010f000000, 0x0000000110000000|  0%| F|  |TAMS 0x000000010f000000| PB 0x000000010f000000| Untracked 
| 112|0x0000000110000000, 0x0000000110000000, 0x0000000111000000|  0%| F|  |TAMS 0x0000000110000000| PB 0x0000000110000000| Untracked 
| 113|0x0000000111000000, 0x0000000111000000, 0x0000000112000000|  0%| F|  |TAMS 0x0000000111000000| PB 0x0000000111000000| Untracked 
| 114|0x0000000112000000, 0x0000000112000000, 0x0000000113000000|  0%| F|  |TAMS 0x0000000112000000| PB 0x0000000112000000| Untracked 
| 115|0x0000000113000000, 0x0000000113000000, 0x0000000114000000|  0%| F|  |TAMS 0x0000000113000000| PB 0x0000000113000000| Untracked 
| 116|0x0000000114000000, 0x0000000114000000, 0x0000000115000000|  0%| F|  |TAMS 0x0000000114000000| PB 0x0000000114000000| Untracked 
| 117|0x0000000115000000, 0x0000000115800000, 0x0000000116000000| 50%| E|  |TAMS 0x0000000115000000| PB 0x0000000115000000| Complete 
| 118|0x0000000116000000, 0x0000000117000000, 0x0000000117000000|100%| E|CS|TAMS 0x0000000116000000| PB 0x0000000116000000| Complete 
| 119|0x0000000117000000, 0x0000000118000000, 0x0000000118000000|100%| E|CS|TAMS 0x0000000117000000| PB 0x0000000117000000| Complete 
| 120|0x0000000118000000, 0x0000000119000000, 0x0000000119000000|100%| E|CS|TAMS 0x0000000118000000| PB 0x0000000118000000| Complete 
| 121|0x0000000119000000, 0x000000011a000000, 0x000000011a000000|100%| E|CS|TAMS 0x0000000119000000| PB 0x0000000119000000| Complete 
| 122|0x000000011a000000, 0x000000011b000000, 0x000000011b000000|100%| E|  |TAMS 0x000000011a000000| PB 0x000000011a000000| Complete 
| 123|0x000000011b000000, 0x000000011c000000, 0x000000011c000000|100%| E|CS|TAMS 0x000000011b000000| PB 0x000000011b000000| Complete 
| 124|0x000000011c000000, 0x000000011d000000, 0x000000011d000000|100%| E|CS|TAMS 0x000000011c000000| PB 0x000000011c000000| Complete 
| 125|0x000000011d000000, 0x000000011e000000, 0x000000011e000000|100%| E|CS|TAMS 0x000000011d000000| PB 0x000000011d000000| Complete 
| 126|0x000000011e000000, 0x000000011f000000, 0x000000011f000000|100%| E|CS|TAMS 0x000000011e000000| PB 0x000000011e000000| Complete 
| 127|0x000000011f000000, 0x0000000120000000, 0x0000000120000000|100%| E|CS|TAMS 0x000000011f000000| PB 0x000000011f000000| Complete 
| 128|0x0000000120000000, 0x0000000121000000, 0x0000000121000000|100%| E|CS|TAMS 0x0000000120000000| PB 0x0000000120000000| Complete 
| 129|0x0000000121000000, 0x0000000122000000, 0x0000000122000000|100%| E|CS|TAMS 0x0000000121000000| PB 0x0000000121000000| Complete 
| 130|0x0000000122000000, 0x0000000123000000, 0x0000000123000000|100%| E|CS|TAMS 0x0000000122000000| PB 0x0000000122000000| Complete 
| 131|0x0000000123000000, 0x0000000124000000, 0x0000000124000000|100%| E|CS|TAMS 0x0000000123000000| PB 0x0000000123000000| Complete 
| 132|0x0000000124000000, 0x0000000125000000, 0x0000000125000000|100%| E|CS|TAMS 0x0000000124000000| PB 0x0000000124000000| Complete 
| 133|0x0000000125000000, 0x0000000126000000, 0x0000000126000000|100%| E|CS|TAMS 0x0000000125000000| PB 0x0000000125000000| Complete 
| 134|0x0000000126000000, 0x0000000127000000, 0x0000000127000000|100%| E|CS|TAMS 0x0000000126000000| PB 0x0000000126000000| Complete 
| 135|0x0000000127000000, 0x0000000128000000, 0x0000000128000000|100%| E|CS|TAMS 0x0000000127000000| PB 0x0000000127000000| Complete 
| 136|0x0000000128000000, 0x0000000129000000, 0x0000000129000000|100%| E|CS|TAMS 0x0000000128000000| PB 0x0000000128000000| Complete 
| 137|0x0000000129000000, 0x000000012a000000, 0x000000012a000000|100%| E|CS|TAMS 0x0000000129000000| PB 0x0000000129000000| Complete 
| 138|0x000000012a000000, 0x000000012b000000, 0x000000012b000000|100%| E|CS|TAMS 0x000000012a000000| PB 0x000000012a000000| Complete 
| 139|0x000000012b000000, 0x000000012c000000, 0x000000012c000000|100%| E|CS|TAMS 0x000000012b000000| PB 0x000000012b000000| Complete 
| 140|0x000000012c000000, 0x000000012d000000, 0x000000012d000000|100%| E|CS|TAMS 0x000000012c000000| PB 0x000000012c000000| Complete 
| 141|0x000000012d000000, 0x000000012e000000, 0x000000012e000000|100%| E|CS|TAMS 0x000000012d000000| PB 0x000000012d000000| Complete 
| 142|0x000000012e000000, 0x000000012f000000, 0x000000012f000000|100%| E|CS|TAMS 0x000000012e000000| PB 0x000000012e000000| Complete 
| 143|0x000000012f000000, 0x0000000130000000, 0x0000000130000000|100%| E|CS|TAMS 0x000000012f000000| PB 0x000000012f000000| Complete 
| 144|0x0000000130000000, 0x0000000131000000, 0x0000000131000000|100%| E|CS|TAMS 0x0000000130000000| PB 0x0000000130000000| Complete 
| 145|0x0000000131000000, 0x0000000132000000, 0x0000000132000000|100%| E|CS|TAMS 0x0000000131000000| PB 0x0000000131000000| Complete 
| 146|0x0000000132000000, 0x0000000133000000, 0x0000000133000000|100%| E|CS|TAMS 0x0000000132000000| PB 0x0000000132000000| Complete 
| 147|0x0000000133000000, 0x0000000134000000, 0x0000000134000000|100%| E|CS|TAMS 0x0000000133000000| PB 0x0000000133000000| Complete 
| 148|0x0000000134000000, 0x0000000135000000, 0x0000000135000000|100%| E|CS|TAMS 0x0000000134000000| PB 0x0000000134000000| Complete 
| 149|0x0000000135000000, 0x0000000136000000, 0x0000000136000000|100%| E|CS|TAMS 0x0000000135000000| PB 0x0000000135000000| Complete 
| 150|0x0000000136000000, 0x0000000137000000, 0x0000000137000000|100%| E|CS|TAMS 0x0000000136000000| PB 0x0000000136000000| Complete 
| 151|0x0000000137000000, 0x0000000138000000, 0x0000000138000000|100%| E|CS|TAMS 0x0000000137000000| PB 0x0000000137000000| Complete 
| 152|0x0000000138000000, 0x0000000139000000, 0x0000000139000000|100%| E|CS|TAMS 0x0000000138000000| PB 0x0000000138000000| Complete 
| 153|0x0000000139000000, 0x000000013a000000, 0x000000013a000000|100%| E|CS|TAMS 0x0000000139000000| PB 0x0000000139000000| Complete 
| 154|0x000000013a000000, 0x000000013b000000, 0x000000013b000000|100%| E|CS|TAMS 0x000000013a000000| PB 0x000000013a000000| Complete 
| 155|0x000000013b000000, 0x000000013c000000, 0x000000013c000000|100%| E|CS|TAMS 0x000000013b000000| PB 0x000000013b000000| Complete 
| 156|0x000000013c000000, 0x000000013d000000, 0x000000013d000000|100%| E|CS|TAMS 0x000000013c000000| PB 0x000000013c000000| Complete 
| 157|0x000000013d000000, 0x000000013e000000, 0x000000013e000000|100%| E|CS|TAMS 0x000000013d000000| PB 0x000000013d000000| Complete 
| 158|0x000000013e000000, 0x000000013f000000, 0x000000013f000000|100%| E|CS|TAMS 0x000000013e000000| PB 0x000000013e000000| Complete 
| 159|0x000000013f000000, 0x0000000140000000, 0x0000000140000000|100%| E|CS|TAMS 0x000000013f000000| PB 0x000000013f000000| Complete 
| 160|0x0000000140000000, 0x0000000141000000, 0x0000000141000000|100%| E|CS|TAMS 0x0000000140000000| PB 0x0000000140000000| Complete 
| 161|0x0000000141000000, 0x0000000142000000, 0x0000000142000000|100%| E|CS|TAMS 0x0000000141000000| PB 0x0000000141000000| Complete 
| 162|0x0000000142000000, 0x0000000143000000, 0x0000000143000000|100%| E|CS|TAMS 0x0000000142000000| PB 0x0000000142000000| Complete 
| 163|0x0000000143000000, 0x0000000144000000, 0x0000000144000000|100%| E|CS|TAMS 0x0000000143000000| PB 0x0000000143000000| Complete 
| 164|0x0000000144000000, 0x0000000145000000, 0x0000000145000000|100%| E|CS|TAMS 0x0000000144000000| PB 0x0000000144000000| Complete 
| 165|0x0000000145000000, 0x0000000146000000, 0x0000000146000000|100%| E|CS|TAMS 0x0000000145000000| PB 0x0000000145000000| Complete 
| 166|0x0000000146000000, 0x0000000147000000, 0x0000000147000000|100%| E|CS|TAMS 0x0000000146000000| PB 0x0000000146000000| Complete 
| 167|0x0000000147000000, 0x0000000148000000, 0x0000000148000000|100%| E|CS|TAMS 0x0000000147000000| PB 0x0000000147000000| Complete 
| 168|0x0000000148000000, 0x0000000149000000, 0x0000000149000000|100%| E|CS|TAMS 0x0000000148000000| PB 0x0000000148000000| Complete 
| 169|0x0000000149000000, 0x000000014a000000, 0x000000014a000000|100%| E|CS|TAMS 0x0000000149000000| PB 0x0000000149000000| Complete 
| 170|0x000000014a000000, 0x000000014b000000, 0x000000014b000000|100%| E|CS|TAMS 0x000000014a000000| PB 0x000000014a000000| Complete 
| 171|0x000000014b000000, 0x000000014c000000, 0x000000014c000000|100%| E|CS|TAMS 0x000000014b000000| PB 0x000000014b000000| Complete 
| 172|0x000000014c000000, 0x000000014d000000, 0x000000014d000000|100%| E|CS|TAMS 0x000000014c000000| PB 0x000000014c000000| Complete 
| 173|0x000000014d000000, 0x000000014e000000, 0x000000014e000000|100%| E|CS|TAMS 0x000000014d000000| PB 0x000000014d000000| Complete 
| 174|0x000000014e000000, 0x000000014f000000, 0x000000014f000000|100%| E|CS|TAMS 0x000000014e000000| PB 0x000000014e000000| Complete 
| 175|0x000000014f000000, 0x0000000150000000, 0x0000000150000000|100%| E|CS|TAMS 0x000000014f000000| PB 0x000000014f000000| Complete 
| 176|0x0000000150000000, 0x0000000151000000, 0x0000000151000000|100%| E|CS|TAMS 0x0000000150000000| PB 0x0000000150000000| Complete 
| 177|0x0000000151000000, 0x0000000152000000, 0x0000000152000000|100%| E|CS|TAMS 0x0000000151000000| PB 0x0000000151000000| Complete 
| 178|0x0000000152000000, 0x0000000153000000, 0x0000000153000000|100%| E|CS|TAMS 0x0000000152000000| PB 0x0000000152000000| Complete 
| 179|0x0000000153000000, 0x0000000154000000, 0x0000000154000000|100%| E|CS|TAMS 0x0000000153000000| PB 0x0000000153000000| Complete 
| 180|0x0000000154000000, 0x0000000155000000, 0x0000000155000000|100%| E|CS|TAMS 0x0000000154000000| PB 0x0000000154000000| Complete 
| 181|0x0000000155000000, 0x0000000156000000, 0x0000000156000000|100%| E|CS|TAMS 0x0000000155000000| PB 0x0000000155000000| Complete 
| 182|0x0000000156000000, 0x0000000157000000, 0x0000000157000000|100%| E|CS|TAMS 0x0000000156000000| PB 0x0000000156000000| Complete 
| 183|0x0000000157000000, 0x0000000158000000, 0x0000000158000000|100%| E|CS|TAMS 0x0000000157000000| PB 0x0000000157000000| Complete 
| 184|0x0000000158000000, 0x0000000159000000, 0x0000000159000000|100%| E|CS|TAMS 0x0000000158000000| PB 0x0000000158000000| Complete 
| 185|0x0000000159000000, 0x000000015a000000, 0x000000015a000000|100%| E|CS|TAMS 0x0000000159000000| PB 0x0000000159000000| Complete 
| 186|0x000000015a000000, 0x000000015b000000, 0x000000015b000000|100%| E|CS|TAMS 0x000000015a000000| PB 0x000000015a000000| Complete 
| 187|0x000000015b000000, 0x000000015c000000, 0x000000015c000000|100%| E|CS|TAMS 0x000000015b000000| PB 0x000000015b000000| Complete 
| 188|0x000000015c000000, 0x000000015d000000, 0x000000015d000000|100%| E|CS|TAMS 0x000000015c000000| PB 0x000000015c000000| Complete 
| 189|0x000000015d000000, 0x000000015e000000, 0x000000015e000000|100%| E|CS|TAMS 0x000000015d000000| PB 0x000000015d000000| Complete 
| 190|0x000000015e000000, 0x000000015f000000, 0x000000015f000000|100%| E|CS|TAMS 0x000000015e000000| PB 0x000000015e000000| Complete 
| 191|0x000000015f000000, 0x0000000160000000, 0x0000000160000000|100%| E|CS|TAMS 0x000000015f000000| PB 0x000000015f000000| Complete 
| 192|0x0000000160000000, 0x0000000161000000, 0x0000000161000000|100%| E|CS|TAMS 0x0000000160000000| PB 0x0000000160000000| Complete 
| 193|0x0000000161000000, 0x0000000162000000, 0x0000000162000000|100%| E|CS|TAMS 0x0000000161000000| PB 0x0000000161000000| Complete 
| 194|0x0000000162000000, 0x0000000163000000, 0x0000000163000000|100%| E|CS|TAMS 0x0000000162000000| PB 0x0000000162000000| Complete 
| 195|0x0000000163000000, 0x0000000164000000, 0x0000000164000000|100%| E|CS|TAMS 0x0000000163000000| PB 0x0000000163000000| Complete 
| 196|0x0000000164000000, 0x0000000165000000, 0x0000000165000000|100%| E|CS|TAMS 0x0000000164000000| PB 0x0000000164000000| Complete 
| 197|0x0000000165000000, 0x0000000166000000, 0x0000000166000000|100%| E|CS|TAMS 0x0000000165000000| PB 0x0000000165000000| Complete 
| 198|0x0000000166000000, 0x0000000167000000, 0x0000000167000000|100%| E|CS|TAMS 0x0000000166000000| PB 0x0000000166000000| Complete 
| 199|0x0000000167000000, 0x0000000168000000, 0x0000000168000000|100%| E|CS|TAMS 0x0000000167000000| PB 0x0000000167000000| Complete 
| 200|0x0000000168000000, 0x0000000169000000, 0x0000000169000000|100%| E|CS|TAMS 0x0000000168000000| PB 0x0000000168000000| Complete 
| 201|0x0000000169000000, 0x000000016a000000, 0x000000016a000000|100%| E|CS|TAMS 0x0000000169000000| PB 0x0000000169000000| Complete 
| 202|0x000000016a000000, 0x000000016b000000, 0x000000016b000000|100%| E|CS|TAMS 0x000000016a000000| PB 0x000000016a000000| Complete 
| 203|0x000000016b000000, 0x000000016c000000, 0x000000016c000000|100%| E|CS|TAMS 0x000000016b000000| PB 0x000000016b000000| Complete 
| 204|0x000000016c000000, 0x000000016d000000, 0x000000016d000000|100%| E|CS|TAMS 0x000000016c000000| PB 0x000000016c000000| Complete 
| 205|0x000000016d000000, 0x000000016e000000, 0x000000016e000000|100%| E|CS|TAMS 0x000000016d000000| PB 0x000000016d000000| Complete 
| 206|0x000000016e000000, 0x000000016f000000, 0x000000016f000000|100%| E|CS|TAMS 0x000000016e000000| PB 0x000000016e000000| Complete 
| 207|0x000000016f000000, 0x0000000170000000, 0x0000000170000000|100%| E|CS|TAMS 0x000000016f000000| PB 0x000000016f000000| Complete 
| 208|0x0000000170000000, 0x0000000171000000, 0x0000000171000000|100%| E|CS|TAMS 0x0000000170000000| PB 0x0000000170000000| Complete 
|1887|0x00000007ff000000, 0x00000007ff10c838, 0x0000000800000000|  6%| O|  |TAMS 0x00000007ff000000| PB 0x00000007ff000000| Untracked 

Card table byte_map: [0x00007f71c6b66000,0x00007f71ca666000] _byte_map_base: 0x00007f71c6666000

Marking Bits: (CMBitMap*) 0x00000000053c38e0
 Bits: [0x00007f71a9366000, 0x00007f71c6b66000)

Polling page: 0x00007f725eb29000

Metaspace:

Usage:
  Non-class:      5.87 MB used.
      Class:    683.63 KB used.
       Both:      6.54 MB used.

Virtual space:
  Non-class space:       64.00 MB reserved,       6.06 MB (  9%) committed,  1 nodes.
      Class space:        1.00 GB reserved,     832.00 KB ( <1%) committed,  1 nodes.
             Both:        1.06 GB reserved,       6.88 MB ( <1%) committed. 

Chunk freelists:
   Non-Class:  9.39 MB
       Class:  15.04 MB
        Both:  24.42 MB

MaxMetaspaceSize: unlimited
CompressedClassSpaceSize: 1.00 GB
Initial GC threshold: 21.00 MB
Current GC threshold: 21.00 MB
CDS: on
 - commit_granule_bytes: 65536.
 - commit_granule_words: 8192.
 - virtual_space_node_default_size: 8388608.
 - enlarge_chunks_in_place: 1.
 - use_allocation_guard: 0.


Internal statistics:

num_allocs_failed_limit: 0.
num_arena_births: 386.
num_arena_deaths: 0.
num_vsnodes_births: 2.
num_vsnodes_deaths: 0.
num_space_committed: 110.
num_space_uncommitted: 0.
num_chunks_returned_to_freelist: 0.
num_chunks_taken_from_freelist: 648.
num_chunk_merges: 0.
num_chunk_splits: 367.
num_chunks_enlarged: 149.
num_inconsistent_stats: 0.

CodeHeap 'non-profiled nmethods': size=119168Kb used=1202Kb max_used=1202Kb free=117965Kb
 bounds [0x00007f71d5ee7000, 0x00007f71d6157000, 0x00007f71dd347000]
CodeHeap 'profiled nmethods': size=119164Kb used=3768Kb max_used=3768Kb free=115395Kb
 bounds [0x00007f71ce347000, 0x00007f71ce6f7000, 0x00007f71d57a6000]
CodeHeap 'non-nmethods': size=7428Kb used=1524Kb max_used=3252Kb free=5903Kb
 bounds [0x00007f71d57a6000, 0x00007f71d5b56000, 0x00007f71d5ee7000]
CodeCache: size=245760Kb, used=6494Kb, max_used=8222Kb, free=239263Kb
 total_blobs=2736, nmethods=2223, adapters=419, full_count=0
Compilation: enabled, stopped_count=0, restarted_count=0

Compilation events (20 events):
Event: 1772.919 Thread 0x00000000076b5f20 2214       4       java.nio.CharBuffer::allocate (20 bytes)
Event: 1772.920 Thread 0x00000000076b5f20 nmethod 2214 0x00007f71d6011f10 code [0x00007f71d60120a0, 0x00007f71d6012370]
Event: 1772.920 Thread 0x00000000076b5f20 2215       4       java.nio.HeapCharBuffer::<init> (21 bytes)
Event: 1772.923 Thread 0x00000000076b5f20 nmethod 2215 0x00007f71d6012510 code [0x00007f71d60126c0, 0x00007f71d6012b70]
Event: 1772.978 Thread 0x00007f712000f1c0 2216       3       sun.nio.cs.UTF_8$Decoder::isMalformed4 (39 bytes)
Event: 1772.978 Thread 0x00007f712000fe30 2217       3       java.lang.Character::isSupplementaryCodePoint (18 bytes)
Event: 1772.978 Thread 0x00000000076b7660 2218       3       java.lang.Character::highSurrogate (9 bytes)
Event: 1772.978 Thread 0x00007f712000e7c0 2219       3       java.lang.Character::lowSurrogate (10 bytes)
Event: 1772.978 Thread 0x00007f712000f1c0 nmethod 2216 0x00007f71ce6f4490 code [0x00007f71ce6f4620, 0x00007f71ce6f47d0]
Event: 1772.978 Thread 0x00000000076b7660 nmethod 2218 0x00007f71ce6f4890 code [0x00007f71ce6f4a20, 0x00007f71ce6f4b18]
Event: 1772.978 Thread 0x00007f712000e7c0 nmethod 2219 0x00007f71ce6f4b90 code [0x00007f71ce6f4d20, 0x00007f71ce6f4e20]
Event: 1772.978 Thread 0x00007f712000fe30 nmethod 2217 0x00007f71ce6f4e90 code [0x00007f71ce6f5020, 0x00007f71ce6f5190]
Event: 1773.129 Thread 0x00000000076b5f20 2220       4       sun.nio.cs.UTF_8$Decoder::isMalformed3 (45 bytes)
Event: 1773.130 Thread 0x00000000076b5f20 nmethod 2220 0x00007f71d6012e10 code [0x00007f71d6012fa0, 0x00007f71d6013078]
Event: 1773.130 Thread 0x00000000076b5f20 2221       4       sun.nio.cs.UTF_8$Decoder::isNotContinuation (17 bytes)
Event: 1773.130 Thread 0x00000000076b5f20 nmethod 2221 0x00007f71d6013110 code [0x00007f71d6013280, 0x00007f71d6013310]
Event: 1773.441 Thread 0x00000000076b5f20 2222       4       java.lang.Character::highSurrogate (9 bytes)
Event: 1773.441 Thread 0x00000000076b5f20 nmethod 2222 0x00007f71d6013410 code [0x00007f71d6013580, 0x00007f71d60135f8]
Event: 1773.441 Thread 0x00000000076b5f20 2223       4       java.lang.Character::lowSurrogate (10 bytes)
Event: 1773.441 Thread 0x00000000076b5f20 nmethod 2223 0x00007f71d6013710 code [0x00007f71d6013880, 0x00007f71d60138f8]

GC Heap History (20 events):
Event: 1769.253 GC heap before
{Heap before GC invocations=12 (full 0):
 garbage-first heap   total 3440640K, used 2048989K [0x00000000a0000000, 0x0000000800000000)
  region size 16384K, 126 young (2064384K), 1 survivors (16384K)
 Metaspace       used 6589K, committed 6912K, reserved 1114112K
  class space    used 682K, committed 832K, reserved 1048576K
}
Event: 1769.256 GC heap after
{Heap after GC invocations=13 (full 0):
 garbage-first heap   total 3440640K, used 17287K [0x00000000a0000000, 0x0000000800000000)
  region size 16384K, 1 young (16384K), 1 survivors (16384K)
 Metaspace       used 6589K, committed 6912K, reserved 1114112K
  class space    used 682K, committed 832K, reserved 1048576K
}
Event: 1769.733 GC heap before
{Heap before GC invocations=13 (full 0):
 garbage-first heap   total 3440640K, used 2048903K [0x00000000a0000000, 0x0000000800000000)
  region size 16384K, 126 young (2064384K), 1 survivors (16384K)
 Metaspace       used 6641K, committed 6976K, reserved 1114112K
  class space    used 683K, committed 832K, reserved 1048576K
}
Event: 1769.736 GC heap after
{Heap after GC invocations=14 (full 0):
 garbage-first heap   total 3440640K, used 17325K [0x00000000a0000000, 0x0000000800000000)
  region size 16384K, 1 young (16384K), 1 survivors (16384K)
 Metaspace       used 6641K, committed 6976K, reserved 1114112K
  class space    used 683K, committed 832K, reserved 1048576K
}
Event: 1770.189 GC heap before
{Heap before GC invocations=14 (full 0):
 garbage-first heap   total 3440640K, used 2048941K [0x00000000a0000000, 0x0000000800000000)
  region size 16384K, 126 young (2064384K), 1 survivors (16384K)
 Metaspace       used 6659K, committed 6976K, reserved 1114112K
  class space    used 683K, committed 832K, reserved 1048576K
}
Event: 1770.195 GC heap after
{Heap after GC invocations=15 (full 0):
 garbage-first heap   total 3440640K, used 17486K [0x00000000a0000000, 0x0000000800000000)
  region size 16384K, 1 young (16384K), 1 survivors (16384K)
 Metaspace       used 6659K, committed 6976K, reserved 1114112K
  class space    used 683K, committed 832K, reserved 1048576K
}
Event: 1770.847 GC heap before
{Heap before GC invocations=15 (full 0):
 garbage-first heap   total 3440640K, used 2049102K [0x00000000a0000000, 0x0000000800000000)
  region size 16384K, 126 young (2064384K), 1 survivors (16384K)
 Metaspace       used 6661K, committed 6976K, reserved 1114112K
  class space    used 683K, committed 832K, reserved 1048576K
}
Event: 1770.850 GC heap after
{Heap after GC invocations=16 (full 0):
 garbage-first heap   total 3440640K, used 17262K [0x00000000a0000000, 0x0000000800000000)
  region size 16384K, 1 young (16384K), 1 survivors (16384K)
 Metaspace       used 6661K, committed 6976K, reserved 1114112K
  class space    used 683K, committed 832K, reserved 1048576K
}
Event: 1771.319 GC heap before
{Heap before GC invocations=16 (full 0):
 garbage-first heap   total 3440640K, used 2048878K [0x00000000a0000000, 0x0000000800000000)
  region size 16384K, 126 young (2064384K), 1 survivors (16384K)
 Metaspace       used 6663K, committed 6976K, reserved 1114112K
  class space    used 683K, committed 832K, reserved 1048576K
}
Event: 1771.322 GC heap after
{Heap after GC invocations=17 (full 0):
 garbage-first heap   total 3440640K, used 17409K [0x00000000a0000000, 0x0000000800000000)
  region size 16384K, 1 young (16384K), 1 survivors (16384K)
 Metaspace       used 6663K, committed 6976K, reserved 1114112K
  class space    used 683K, committed 832K, reserved 1048576K
}
Event: 1771.790 GC heap before
{Heap before GC invocations=17 (full 0):
 garbage-first heap   total 3440640K, used 2049025K [0x00000000a0000000, 0x0000000800000000)
  region size 16384K, 126 young (2064384K), 1 survivors (16384K)
 Metaspace       used 6667K, committed 6976K, reserved 1114112K
  class space    used 683K, committed 832K, reserved 1048576K
}
Event: 1771.794 GC heap after
{Heap after GC invocations=18 (full 0):
 garbage-first heap   total 3440640K, used 17319K [0x00000000a0000000, 0x0000000800000000)
  region size 16384K, 1 young (16384K), 1 survivors (16384K)
 Metaspace       used 6667K, committed 6976K, reserved 1114112K
  class space    used 683K, committed 832K, reserved 1048576K
}
Event: 1772.233 GC heap before
{Heap before GC invocations=18 (full 0):
 garbage-first heap   total 3440640K, used 2048935K [0x00000000a0000000, 0x0000000800000000)
  region size 16384K, 126 young (2064384K), 1 survivors (16384K)
 Metaspace       used 6692K, committed 7040K, reserved 1114112K
  class space    used 683K, committed 832K, reserved 1048576K
}
Event: 1772.236 GC heap after
{Heap after GC invocations=19 (full 0):
 garbage-first heap   total 3440640K, used 17453K [0x00000000a0000000, 0x0000000800000000)
  region size 16384K, 1 young (16384K), 1 survivors (16384K)
 Metaspace       used 6692K, committed 7040K, reserved 1114112K
  class space    used 683K, committed 832K, reserved 1048576K
}
Event: 1773.064 GC heap before
{Heap before GC invocations=19 (full 0):
 garbage-first heap   total 3440640K, used 2049069K [0x00000000a0000000, 0x0000000800000000)
  region size 16384K, 126 young (2064384K), 1 survivors (16384K)
 Metaspace       used 6693K, committed 7040K, reserved 1114112K
  class space    used 683K, committed 832K, reserved 1048576K
}
Event: 1773.067 GC heap after
{Heap after GC invocations=20 (full 0):
 garbage-first heap   total 3440640K, used 35275K [0x00000000a0000000, 0x0000000800000000)
  region size 16384K, 2 young (32768K), 2 survivors (32768K)
 Metaspace       used 6693K, committed 7040K, reserved 1114112K
  class space    used 683K, committed 832K, reserved 1048576K
}
Event: 1773.845 GC heap before
{Heap before GC invocations=20 (full 0):
 garbage-first heap   total 3440640K, used 2050507K [0x00000000a0000000, 0x0000000800000000)
  region size 16384K, 126 young (2064384K), 2 survivors (32768K)
 Metaspace       used 6693K, committed 7040K, reserved 1114112K
  class space    used 683K, committed 832K, reserved 1048576K
}
Event: 1773.848 GC heap after
{Heap after GC invocations=21 (full 0):
 garbage-first heap   total 3440640K, used 56394K [0x00000000a0000000, 0x0000000800000000)
  region size 16384K, 3 young (49152K), 3 survivors (49152K)
 Metaspace       used 6693K, committed 7040K, reserved 1114112K
  class space    used 683K, committed 832K, reserved 1048576K
}
Event: 1774.614 GC heap before
{Heap before GC invocations=21 (full 0):
 garbage-first heap   total 3440640K, used 2055242K [0x00000000a0000000, 0x0000000800000000)
  region size 16384K, 126 young (2064384K), 3 survivors (49152K)
 Metaspace       used 6693K, committed 7040K, reserved 1114112K
  class space    used 683K, committed 832K, reserved 1048576K
}
Event: 1774.618 GC heap after
{Heap after GC invocations=22 (full 0):
 garbage-first heap   total 3440640K, used 72827K [0x00000000a0000000, 0x0000000800000000)
  region size 16384K, 4 young (65536K), 4 survivors (65536K)
 Metaspace       used 6693K, committed 7040K, reserved 1114112K
  class space    used 683K, committed 832K, reserved 1048576K
}

Dll operation events (8 events):
Event: 0.045 Loaded shared library /usr/lib/jvm/java-21-openjdk-amd64/lib/libjava.so
Event: 0.204 Loaded shared library /usr/lib/jvm/java-21-openjdk-amd64/lib/libjsvml.so
Event: 0.244 Loaded shared library /usr/lib/jvm/java-21-openjdk-amd64/lib/libnio.so
Event: 0.311 Loaded shared library /usr/lib/jvm/java-21-openjdk-amd64/lib/libzip.so
Event: 0.360 Loaded shared library /usr/lib/jvm/java-21-openjdk-amd64/lib/libjimage.so
Event: 0.453 Loaded shared library /usr/lib/jvm/java-21-openjdk-amd64/lib/libnet.so
Event: 0.906 Loaded shared library /usr/lib/jvm/java-21-openjdk-amd64/lib/libverify.so
Event: 1764.141 Loaded shared library /tmp/libzstd-jni-1.4.9-59546955935860004855.so

Deoptimization events (20 events):
Event: 1772.365 Thread 0x000000000531af00 DEOPT PACKING pc=0x00007f71ce6ec53c sp=0x00007fffd8e17f70
Event: 1772.365 Thread 0x000000000531af00 DEOPT UNPACKING pc=0x00007f71d57fe14f sp=0x00007fffd8e17530 mode 0
Event: 1772.366 Thread 0x000000000531af00 DEOPT PACKING pc=0x00007f71ce6ec53c sp=0x00007fffd8e17f70
Event: 1772.366 Thread 0x000000000531af00 DEOPT UNPACKING pc=0x00007f71d57fe14f sp=0x00007fffd8e17530 mode 0
Event: 1772.367 Thread 0x000000000531af00 DEOPT PACKING pc=0x00007f71ce6ec53c sp=0x00007fffd8e17f70
Event: 1772.367 Thread 0x000000000531af00 DEOPT UNPACKING pc=0x00007f71d57fe14f sp=0x00007fffd8e17530 mode 0
Event: 1772.368 Thread 0x000000000531af00 DEOPT PACKING pc=0x00007f71ce6ec53c sp=0x00007fffd8e17f70
Event: 1772.368 Thread 0x000000000531af00 DEOPT UNPACKING pc=0x00007f71d57fe14f sp=0x00007fffd8e17530 mode 0
Event: 1772.381 Thread 0x000000000531af00 DEOPT PACKING pc=0x00007f71ce6eec7a sp=0x00007fffd8e17df0
Event: 1772.381 Thread 0x000000000531af00 DEOPT UNPACKING pc=0x00007f71d57fe14f sp=0x00007fffd8e17280 mode 0
Event: 1772.381 Thread 0x000000000531af00 Uncommon trap: trap_request=0xffffff45 fr.pc=0x00007f71d5f57e70 relative=0x0000000000000690
Event: 1772.381 Thread 0x000000000531af00 Uncommon trap: reason=unstable_if action=reinterpret pc=0x00007f71d5f57e70 method=java.lang.StringLatin1.trim([B)Ljava/lang/String; @ 19 c2
Event: 1772.381 Thread 0x000000000531af00 DEOPT PACKING pc=0x00007f71d5f57e70 sp=0x00007fffd8e180a0
Event: 1772.381 Thread 0x000000000531af00 DEOPT UNPACKING pc=0x00007f71d57fd619 sp=0x00007fffd8e18070 mode 2
Event: 1772.389 Thread 0x000000000531af00 DEOPT PACKING pc=0x00007f71ce6ef76d sp=0x00007fffd8e180c0
Event: 1772.389 Thread 0x000000000531af00 DEOPT UNPACKING pc=0x00007f71d57fe14f sp=0x00007fffd8e17570 mode 0
Event: 1772.389 Thread 0x000000000531af00 Uncommon trap: trap_request=0xffffff45 fr.pc=0x00007f71d600d7fc relative=0x000000000000061c
Event: 1772.389 Thread 0x000000000531af00 Uncommon trap: reason=unstable_if action=reinterpret pc=0x00007f71d600d7fc method=java.lang.StringLatin1.trim([B)Ljava/lang/String; @ 54 c2
Event: 1772.389 Thread 0x000000000531af00 DEOPT PACKING pc=0x00007f71d600d7fc sp=0x00007fffd8e180b0
Event: 1772.389 Thread 0x000000000531af00 DEOPT UNPACKING pc=0x00007f71d57fd619 sp=0x00007fffd8e18078 mode 2

Classes loaded (20 events):
Event: 1764.129 Loading class java/util/AbstractList$Itr
Event: 1764.130 Loading class java/util/AbstractList$Itr done
Event: 1764.130 Loading class sun/security/provider/SecureRandom
Event: 1764.131 Loading class sun/security/provider/SecureRandom done
Event: 1764.131 Loading class java/io/DeleteOnExitHook
Event: 1764.132 Loading class java/io/DeleteOnExitHook done
Event: 1764.132 Loading class java/io/DeleteOnExitHook$1
Event: 1764.132 Loading class java/io/DeleteOnExitHook$1 done
Event: 1764.140 Loading class java/io/FileOutputStream$1
Event: 1764.140 Loading class java/io/FileOutputStream$1 done
Event: 1764.164 Loading class java/lang/invoke/DirectMethodHandle$Special
Event: 1764.165 Loading class java/lang/invoke/DirectMethodHandle$Special done
Event: 1764.167 Loading class java/util/function/UnaryOperator
Event: 1764.167 Loading class java/util/function/UnaryOperator done
Event: 1764.698 Loading class java/lang/foreign/MemorySegment
Event: 1764.700 Loading class java/lang/foreign/MemorySegment done
Event: 1767.270 Loading class java/lang/invoke/MethodHandle$1
Event: 1767.272 Loading class java/lang/invoke/MethodHandle$1 done
Event: 1886.326 Loading class jdk/internal/misc/Signal$1
Event: 1886.327 Loading class jdk/internal/misc/Signal$1 done

Classes unloaded (0 events):
No events

Classes redefined (0 events):
No events

Internal exceptions (20 events):
Event: 0.918 Thread 0x000000000531af00 Exception <a 'java/lang/NoSuchMethodError'{0x000000011e480788}: static Lgnu/trove/TIntHash;.<clinit>()V> (0x000000011e480788) 
thrown [./src/hotspot/share/prims/jni.cpp, line 1111]
Event: 0.968 Thread 0x000000000531af00 Exception <a 'java/lang/NoSuchMethodError'{0x000000011e4c5800}: 'long java.lang.invoke.DirectMethodHandle$Holder.invokeSpecial(java.lang.Object, java.lang.Object)'> (0x000000011e4c5800) 
thrown [./src/hotspot/share/interpreter/linkResolver.cpp, line 772]
Event: 0.969 Thread 0x000000000531af00 Exception <a 'java/lang/NoSuchMethodError'{0x000000011e4c8c38}: 'long java.lang.invoke.Invokers$Holder.invokeExact_MT(java.lang.Object, java.lang.Object)'> (0x000000011e4c8c38) 
thrown [./src/hotspot/share/interpreter/linkResolver.cpp, line 772]
Event: 0.991 Thread 0x000000000531af00 Exception <a 'java/lang/NoSuchMethodError'{0x000000011e5420b0}: 'java.lang.Object java.lang.invoke.DirectMethodHandle$Holder.invokeSpecial(java.lang.Object, java.lang.Object, java.lang.Object, java.lang.Object, java.lang.Object, java.lang.Object, int)'> (0x000000011e5420b0) 
thrown [./src/hotspot/share/interpreter/linkResolver.cpp, line 772]
Event: 1.170 Thread 0x000000000531af00 Exception <a 'java/lang/NoSuchMethodError'{0x000000011e595b68}: 'java.lang.Object java.lang.invoke.Invokers$Holder.invokeExact_MT(java.lang.Object, java.lang.Object, java.lang.Object, java.lang.Object, java.lang.Object)'> (0x000000011e595b68) 
thrown [./src/hotspot/share/interpreter/linkResolver.cpp, line 772]
Event: 1763.894 Thread 0x000000000531af00 Exception <a 'java/lang/NoSuchMethodError'{0x000000011edf53f8}: 'java.lang.Object java.lang.invoke.DirectMethodHandle$Holder.newInvokeSpecial(java.lang.Object, java.lang.Object, java.lang.Object, java.lang.Object, java.lang.Object)'> (0x000000011edf53f8) 
thrown [./src/hotspot/share/interpreter/linkResolver.cpp, line 772]
Event: 1763.976 Thread 0x000000000531af00 Exception <a 'java/lang/NoSuchMethodError'{0x000000011d1447e8}: 'java.lang.ClassLoader java.lang.Thread.getContextClassLoader(java.lang.Class)'> (0x000000011d1447e8) 
thrown [./src/hotspot/share/interpreter/linkResolver.cpp, line 772]
Event: 1763.977 Thread 0x000000000531af00 Exception <a 'java/lang/NoSuchMethodError'{0x000000011d149348}: 'java.lang.Object java.lang.invoke.DirectMethodHandle$Holder.invokeStatic(java.lang.Object, java.lang.Object, int)'> (0x000000011d149348) 
thrown [./src/hotspot/share/interpreter/linkResolver.cpp, line 772]
Event: 1763.977 Thread 0x000000000531af00 Exception <a 'java/lang/NoSuchMethodError'{0x000000011d153e98}: 'void java.lang.invoke.DelegatingMethodHandle$Holder.delegate(java.lang.Object, java.lang.Object, int, java.lang.Object)'> (0x000000011d153e98) 
thrown [./src/hotspot/share/interpreter/linkResolver.cpp, line 772]
Event: 1763.978 Thread 0x000000000531af00 Exception <a 'java/lang/NoSuchMethodError'{0x000000011d157d78}: 'int java.lang.invoke.DirectMethodHandle$Holder.invokeSpecial(java.lang.Object, java.lang.Object, java.lang.Object)'> (0x000000011d157d78) 
thrown [./src/hotspot/share/interpreter/linkResolver.cpp, line 772]
Event: 1764.067 Thread 0x000000000531af00 Exception <a 'java/lang/NoSuchMethodError'{0x000000011d1c11b8}: 'java.lang.Object java.lang.invoke.DirectMethodHandle$Holder.newInvokeSpecial(java.lang.Object, java.lang.Object, int, java.lang.Object)'> (0x000000011d1c11b8) 
thrown [./src/hotspot/share/interpreter/linkResolver.cpp, line 772]
Event: 1764.069 Thread 0x000000000531af00 Exception <a 'java/lang/NoSuchMethodError'{0x000000011d1c56a0}: 'int java.lang.invoke.DirectMethodHandle$Holder.invokeSpecial(java.lang.Object, java.lang.Object, java.lang.Object, int)'> (0x000000011d1c56a0) 
thrown [./src/hotspot/share/interpreter/linkResolver.cpp, line 772]
Event: 1764.070 Thread 0x000000000531af00 Exception <a 'java/lang/NoSuchMethodError'{0x000000011d1d7868}: 'java.lang.Object java.lang.invoke.DirectMethodHandle$Holder.invokeStatic(java.lang.Object, java.lang.Object, java.lang.Object, java.lang.Object, int)'> (0x000000011d1d7868) 
thrown [./src/hotspot/share/interpreter/linkResolver.cpp, line 772]
Event: 1764.070 Thread 0x000000000531af00 Exception <a 'java/lang/NoSuchMethodError'{0x000000011d1df310}: 'java.lang.Object java.lang.invoke.DirectMethodHandle$Holder.invokeSpecial(java.lang.Object, java.lang.Object, java.lang.Object, int, java.lang.Object)'> (0x000000011d1df310) 
thrown [./src/hotspot/share/interpreter/linkResolver.cpp, line 772]
Event: 1764.083 Thread 0x000000000531af00 Exception <a 'java/lang/NoSuchMethodError'{0x000000011d24f8b0}: 'java.lang.Object java.lang.invoke.DirectMethodHandle$Holder.invokeSpecial(java.lang.Object, java.lang.Object, java.lang.Object, int, int)'> (0x000000011d24f8b0) 
thrown [./src/hotspot/share/interpreter/linkResolver.cpp, line 772]
Event: 1764.099 Thread 0x000000000531af00 Exception <a 'java/lang/NoSuchMethodError'{0x000000011d2db148}: 'double java.lang.invoke.DirectMethodHandle$Holder.invokeVirtual(java.lang.Object, java.lang.Object)'> (0x000000011d2db148) 
thrown [./src/hotspot/share/interpreter/linkResolver.cpp, line 772]
Event: 1764.100 Thread 0x000000000531af00 Exception <a 'java/lang/NoSuchMethodError'{0x000000011d2e4790}: 'java.lang.Object java.lang.invoke.Invokers$Holder.invokeExact_MT(java.lang.Object, java.lang.Object, java.lang.Object, java.lang.Object, java.lang.Object, java.lang.Object)'> (0x000000011d2e4790) 
thrown [./src/hotspot/share/interpreter/linkResolver.cpp, line 772]
Event: 1764.103 Thread 0x000000000531af00 Exception <a 'java/lang/NoSuchMethodError'{0x000000011d2eb3b0}: 'int java.lang.invoke.DirectMethodHandle$Holder.invokeVirtual(java.lang.Object, java.lang.Object)'> (0x000000011d2eb3b0) 
thrown [./src/hotspot/share/interpreter/linkResolver.cpp, line 772]
Event: 1764.111 Thread 0x000000000531af00 Exception <a 'java/lang/NoSuchMethodError'{0x000000011d3093f0}: 'void java.lang.invoke.DirectMethodHandle$Holder.invokeInterface(java.lang.Object, java.lang.Object, java.lang.Object)'> (0x000000011d3093f0) 
thrown [./src/hotspot/share/interpreter/linkResolver.cpp, line 772]
Event: 1764.164 Thread 0x000000000531af00 Exception <a 'java/lang/NoSuchMethodError'{0x000000011cc5df28}: 'int java.lang.invoke.DirectMethodHandle$Holder.invokeSpecial(java.lang.Object, java.lang.Object, java.lang.Object, java.lang.Object)'> (0x000000011cc5df28) 
thrown [./src/hotspot/share/interpreter/linkResolver.cpp, line 772]

ZGC Phase Switch (0 events):
No events

VM Operations (20 events):
Event: 1769.257 Executing VM operation: G1CollectForAllocation (G1 Evacuation Pause) done
Event: 1769.733 Executing VM operation: G1CollectForAllocation (G1 Evacuation Pause)
Event: 1769.736 Executing VM operation: G1CollectForAllocation (G1 Evacuation Pause) done
Event: 1770.189 Executing VM operation: G1CollectForAllocation (G1 Evacuation Pause)
Event: 1770.195 Executing VM operation: G1CollectForAllocation (G1 Evacuation Pause) done
Event: 1770.847 Executing VM operation: G1CollectForAllocation (G1 Evacuation Pause)
Event: 1770.850 Executing VM operation: G1CollectForAllocation (G1 Evacuation Pause) done
Event: 1771.319 Executing VM operation: G1CollectForAllocation (G1 Evacuation Pause)
Event: 1771.322 Executing VM operation: G1CollectForAllocation (G1 Evacuation Pause) done
Event: 1771.790 Executing VM operation: G1CollectForAllocation (G1 Evacuation Pause)
Event: 1771.794 Executing VM operation: G1CollectForAllocation (G1 Evacuation Pause) done
Event: 1772.233 Executing VM operation: G1CollectForAllocation (G1 Evacuation Pause)
Event: 1772.236 Executing VM operation: G1CollectForAllocation (G1 Evacuation Pause) done
Event: 1773.064 Executing VM operation: G1CollectForAllocation (G1 Evacuation Pause)
Event: 1773.067 Executing VM operation: G1CollectForAllocation (G1 Evacuation Pause) done
Event: 1773.845 Executing VM operation: G1CollectForAllocation (G1 Evacuation Pause)
Event: 1773.848 Executing VM operation: G1CollectForAllocation (G1 Evacuation Pause) done
Event: 1774.614 Executing VM operation: G1CollectForAllocation (G1 Evacuation Pause)
Event: 1774.618 Executing VM operation: G1CollectForAllocation (G1 Evacuation Pause) done
Event: 1886.329 Executing VM operation: Exit

Memory protections (20 events):
Event: 0.289 Protecting memory [0x00007f7199f00000,0x00007f7199f04000] with protection modes 0
Event: 0.289 Protecting memory [0x00007f7199e00000,0x00007f7199e04000] with protection modes 0
Event: 0.296 Protecting memory [0x00007f7199d00000,0x00007f7199d04000] with protection modes 0
Event: 0.296 Protecting memory [0x00007f7199c00000,0x00007f7199c04000] with protection modes 0
Event: 0.569 Protecting memory [0x00007f7199c00000,0x00007f7199c04000] with protection modes 0
Event: 1763.923 Protecting memory [0x00007f7199f00000,0x00007f7199f04000] with protection modes 0
Event: 1764.120 Protecting memory [0x00007f7199e00000,0x00007f7199e04000] with protection modes 0
Event: 1764.120 Protecting memory [0x00007f7199d00000,0x00007f7199d04000] with protection modes 0
Event: 1764.376 Protecting memory [0x00007f7199c00000,0x00007f7199c04000] with protection modes 0
Event: 1765.402 Protecting memory [0x00007f7199c00000,0x00007f7199c04000] with protection modes 0
Event: 1765.402 Protecting memory [0x00007f6ddd5f8000,0x00007f6ddd5fc000] with protection modes 0
Event: 1767.032 Protecting memory [0x00007f7199e00000,0x00007f7199e04000] with protection modes 0
Event: 1770.798 Protecting memory [0x00007f725c79d000,0x00007f725c79e000] with protection modes 1
Event: 1770.910 Protecting memory [0x00007f7199f00000,0x00007f7199f04000] with protection modes 0
Event: 1770.911 Protecting memory [0x00007f7199e00000,0x00007f7199e04000] with protection modes 0
Event: 1771.510 Protecting memory [0x00007f7199f00000,0x00007f7199f04000] with protection modes 0
Event: 1771.905 Protecting memory [0x00007f7199f00000,0x00007f7199f04000] with protection modes 0
Event: 1771.905 Protecting memory [0x00007f7199e00000,0x00007f7199e04000] with protection modes 0
Event: 1771.905 Protecting memory [0x00007f7199d00000,0x00007f7199d04000] with protection modes 0
Event: 1886.328 Protecting memory [0x00007f725a920000,0x00007f725a924000] with protection modes 0

Nmethod flushes (0 events):
No events

Events (20 events):
Event: 1767.021 Thread 0x00007f69100bf120 Thread exited: 0x00007f69100bf120
Event: 1767.021 Thread 0x00007f69100be330 Thread exited: 0x00007f69100be330
Event: 1767.032 Thread 0x00007f712c16a940 Thread added: 0x00007f69100be280
Event: 1767.528 Thread 0x00007f69100be280 Thread exited: 0x00007f69100be280
Event: 1770.544 Thread 0x00007f712c16a940 Thread exited: 0x00007f712c16a940
Event: 1770.910 Thread 0x00000000076b5f20 Thread added: 0x00007f712c435dc0
Event: 1770.911 Thread 0x00000000076b5f20 Thread added: 0x00007f712c381db0
Event: 1771.144 Thread 0x00007f712c381db0 Thread exited: 0x00007f712c381db0
Event: 1771.144 Thread 0x00007f712c435dc0 Thread exited: 0x00007f712c435dc0
Event: 1771.510 Thread 0x00000000076b7660 Thread added: 0x00007f712000de30
Event: 1771.714 Thread 0x00007f712000de30 Thread exited: 0x00007f712000de30
Event: 1771.905 Thread 0x00000000076b7660 Thread added: 0x00007f712000e7c0
Event: 1771.905 Thread 0x00000000076b7660 Thread added: 0x00007f712000f1c0
Event: 1771.905 Thread 0x00000000076b7660 Thread added: 0x00007f712000fe30
Event: 1778.441 Thread 0x00007f712000fe30 Thread exited: 0x00007f712000fe30
Event: 1778.441 Thread 0x00007f712000f1c0 Thread exited: 0x00007f712000f1c0
Event: 1783.442 Thread 0x00007f712000e7c0 Thread exited: 0x00007f712000e7c0
Event: 1886.328 Thread 0x00000000076b19e0 Thread added: 0x00007f7130009110
Event: 1886.328 Thread 0x00007f7130009110 Before exit entered
Event: 1886.329 Thread 0x00000000076b19e0 Thread exited: 0x00000000076b19e0


Dynamic libraries:
00400000-0041f000 r--p 00000000 fc:01 1291608                            /home/hchakrabar/miniconda3/envs/pt_env/bin/python3.10
0041f000-0061e000 r-xp 0001f000 fc:01 1291608                            /home/hchakrabar/miniconda3/envs/pt_env/bin/python3.10
0061e000-00720000 r--p 0021e000 fc:01 1291608                            /home/hchakrabar/miniconda3/envs/pt_env/bin/python3.10
00720000-00721000 r--p 00320000 fc:01 1291608                            /home/hchakrabar/miniconda3/envs/pt_env/bin/python3.10
00721000-00753000 rw-p 00321000 fc:01 1291608                            /home/hchakrabar/miniconda3/envs/pt_env/bin/python3.10
00753000-00759000 rw-p 00000000 00:00 0 
03c09000-5bef0000 rw-p 00000000 00:00 0                                  [heap]
a0000000-171000000 rw-p 00000000 00:00 0 
171000000-7ff000000 ---p 00000000 00:00 0 
7ff000000-7ff10d000 rw-p 00cdf000 fc:01 2322435                          /usr/lib/jvm/java-21-openjdk-amd64/lib/server/classes.jsa
7ff10d000-800000000 rw-p 00000000 00:00 0 
800000000-800200000 ---p 00000000 00:00 0 
800200000-800400000 rw-s 00000000 00:05 677                              /dev/nvidia0
800400000-803400000 rw-s 00000000 00:05 671                              /dev/nvidiactl
803400000-804400000 ---p 00000000 00:00 0 
804400000-804600000 rw-s 00000000 00:05 671                              /dev/nvidiactl
804600000-804800000 rw-s 00000000 00:05 671                              /dev/nvidiactl
804800000-804a00000 rw-s 804800000 00:05 673                             /dev/nvidia-uvm
804a00000-a00200000 ---p 00000000 00:00 0 
10000000000-10004000000 ---p 00000000 00:00 0 
7f66c2000000-7f66c4000000 ---p 00000000 00:00 0 
7f66c4000000-7f66c41bb000 rw-p 00000000 00:00 0 
7f66c41bb000-7f66c8000000 ---p 00000000 00:00 0 
7f66c8000000-7f66c80d6000 rw-p 00000000 00:00 0 
7f66c80d6000-7f66cc000000 ---p 00000000 00:00 0 
7f66cc000000-7f66cc021000 rw-p 00000000 00:00 0 
7f66cc021000-7f66d0000000 ---p 00000000 00:00 0 
7f66d0000000-7f66d0021000 rw-p 00000000 00:00 0 
7f66d0021000-7f66d4000000 ---p 00000000 00:00 0 
7f66d4000000-7f66d4021000 rw-p 00000000 00:00 0 
7f66d4021000-7f66d8000000 ---p 00000000 00:00 0 
7f66d8000000-7f66d8021000 rw-p 00000000 00:00 0 
7f66d8021000-7f66dc000000 ---p 00000000 00:00 0 
7f66dc000000-7f66dc021000 rw-p 00000000 00:00 0 
7f66dc021000-7f66e0000000 ---p 00000000 00:00 0 
7f66e0000000-7f66e0021000 rw-p 00000000 00:00 0 
7f66e0021000-7f66e4000000 ---p 00000000 00:00 0 
7f66e4000000-7f66e4021000 rw-p 00000000 00:00 0 
7f66e4021000-7f66e8000000 ---p 00000000 00:00 0 
7f66e8000000-7f66e8021000 rw-p 00000000 00:00 0 
7f66e8021000-7f66ec000000 ---p 00000000 00:00 0 
7f66ec000000-7f66ec021000 rw-p 00000000 00:00 0 
7f66ec021000-7f66f0000000 ---p 00000000 00:00 0 
7f66f0000000-7f66f0021000 rw-p 00000000 00:00 0 
7f66f0021000-7f66f4000000 ---p 00000000 00:00 0 
7f66f4000000-7f66f4021000 rw-p 00000000 00:00 0 
7f66f4021000-7f66f8000000 ---p 00000000 00:00 0 
7f66fa000000-7f67aa000000 ---p 00000000 00:00 0 
7f68e8000000-7f68e8021000 rw-p 00000000 00:00 0 
7f68e8021000-7f68ec000000 ---p 00000000 00:00 0 
7f68ec000000-7f68ec021000 rw-p 00000000 00:00 0 
7f68ec021000-7f68f0000000 ---p 00000000 00:00 0 
7f68f0000000-7f68f0021000 rw-p 00000000 00:00 0 
7f68f0021000-7f68f4000000 ---p 00000000 00:00 0 
7f6900000000-7f6900021000 rw-p 00000000 00:00 0 
7f6900021000-7f6904000000 ---p 00000000 00:00 0 
7f6904000000-7f6904021000 rw-p 00000000 00:00 0 
7f6904021000-7f6908000000 ---p 00000000 00:00 0 
7f6908000000-7f6910000000 ---p 00000000 00:00 0 
7f6910000000-7f69100cb000 rw-p 00000000 00:00 0 
7f69100cb000-7f6914000000 ---p 00000000 00:00 0 
7f6914000000-7f6914327000 rw-p 00000000 00:00 0 
7f6914327000-7f6918000000 ---p 00000000 00:00 0 
7f6918000000-7f6ba8000000 ---p 00000000 00:00 0 
7f6ba8000000-7f6ba8021000 rw-p 00000000 00:00 0 
7f6ba8021000-7f6bac000000 ---p 00000000 00:00 0 
7f6bac000000-7f6bc4000000 ---p 00000000 00:00 0 
7f6bc6000000-7f6bdc000000 ---p 00000000 00:00 0 
7f6bde000000-7f6bf6000000 ---p 00000000 00:00 0 
7f6bf8000000-7f6c0e000000 ---p 00000000 00:00 0 
7f6c10000000-7f6c28000000 ---p 00000000 00:00 0 
7f6c2a000000-7f6c40000000 ---p 00000000 00:00 0 
7f6c42000000-7f6c60000000 ---p 00000000 00:00 0 
7f6c62000000-7f6c76000000 ---p 00000000 00:00 0 
7f6c78000000-7f6c8a000000 ---p 00000000 00:00 0 
7f6c8c000000-7f6ca0000000 ---p 00000000 00:00 0 
7f6ca2000000-7f6cb4000000 ---p 00000000 00:00 0 
7f6cb6000000-7f6cca000000 ---p 00000000 00:00 0 
7f6ccc000000-7f6cde000000 ---p 00000000 00:00 0 
7f6ce0000000-7f6cf4000000 ---p 00000000 00:00 0 
7f6cf6000000-7f6cfa000000 ---p 00000000 00:00 0 
7f6cfc000000-7f6d16000000 ---p 00000000 00:00 0 
7f6d18000000-7f6d2c000000 ---p 00000000 00:00 0 
7f6d2e000000-7f6d34000000 ---p 00000000 00:00 0 
7f6d34000000-7f6d34021000 rw-p 00000000 00:00 0 
7f6d34021000-7f6d38000000 ---p 00000000 00:00 0 
7f6d3a000000-7f6d3c000000 ---p 00000000 00:00 0 
7f6d3c000000-7f6d3c021000 rw-p 00000000 00:00 0 
7f6d3c021000-7f6d40000000 ---p 00000000 00:00 0 
7f6d42000000-7f6d44000000 ---p 00000000 00:00 0 
7f6d44000000-7f6d44021000 rw-p 00000000 00:00 0 
7f6d44021000-7f6d48000000 ---p 00000000 00:00 0 
7f6d4a000000-7f6d4c000000 ---p 00000000 00:00 0 
7f6d4c000000-7f6d4c021000 rw-p 00000000 00:00 0 
7f6d4c021000-7f6d50000000 ---p 00000000 00:00 0 
7f6d52000000-7f6d54000000 ---p 00000000 00:00 0 
7f6d54000000-7f6d54021000 rw-p 00000000 00:00 0 
7f6d54021000-7f6d58000000 ---p 00000000 00:00 0 
7f6d5a000000-7f6d5c000000 ---p 00000000 00:00 0 
7f6d5c000000-7f6d5c021000 rw-p 00000000 00:00 0 
7f6d5c021000-7f6d60000000 ---p 00000000 00:00 0 
7f6d62000000-7f6d64000000 ---p 00000000 00:00 0 
7f6d64000000-7f6d64021000 rw-p 00000000 00:00 0 
7f6d64021000-7f6d68000000 ---p 00000000 00:00 0 
7f6d6a000000-7f6d6c000000 ---p 00000000 00:00 0 
7f6d6c000000-7f6d6c021000 rw-p 00000000 00:00 0 
7f6d6c021000-7f6d70000000 ---p 00000000 00:00 0 
7f6d72000000-7f6d74000000 ---p 00000000 00:00 0 
7f6d74000000-7f6d74021000 rw-p 00000000 00:00 0 
7f6d74021000-7f6d78000000 ---p 00000000 00:00 0 
7f6d7a000000-7f6d7c000000 ---p 00000000 00:00 0 
7f6d7c000000-7f6d7c021000 rw-p 00000000 00:00 0 
7f6d7c021000-7f6d80000000 ---p 00000000 00:00 0 
7f6d82000000-7f6d84000000 ---p 00000000 00:00 0 
7f6d84000000-7f6d84021000 rw-p 00000000 00:00 0 
7f6d84021000-7f6d88000000 ---p 00000000 00:00 0 
7f6d8a000000-7f6d8c000000 ---p 00000000 00:00 0 
7f6d8c000000-7f6d8c021000 rw-p 00000000 00:00 0 
7f6d8c021000-7f6d90000000 ---p 00000000 00:00 0 
7f6d92000000-7f6d94000000 ---p 00000000 00:00 0 
7f6d94000000-7f6d94021000 rw-p 00000000 00:00 0 
7f6d94021000-7f6d98000000 ---p 00000000 00:00 0 
7f6d9a000000-7f6d9c000000 ---p 00000000 00:00 0 
7f6d9c000000-7f6d9c021000 rw-p 00000000 00:00 0 
7f6d9c021000-7f6da0000000 ---p 00000000 00:00 0 
7f6da2000000-7f6da4000000 ---p 00000000 00:00 0 
7f6da4000000-7f6da4021000 rw-p 00000000 00:00 0 
7f6da4021000-7f6da8000000 ---p 00000000 00:00 0 
7f6daa000000-7f6dac000000 ---p 00000000 00:00 0 
7f6dac000000-7f6dac021000 rw-p 00000000 00:00 0 
7f6dac021000-7f6db0000000 ---p 00000000 00:00 0 
7f6db2000000-7f6db4000000 ---p 00000000 00:00 0 
7f6db4000000-7f6db4021000 rw-p 00000000 00:00 0 
7f6db4021000-7f6db8000000 ---p 00000000 00:00 0 
7f6dba000000-7f6dbc000000 ---p 00000000 00:00 0 
7f6dbc000000-7f6dbc021000 rw-p 00000000 00:00 0 
7f6dbc021000-7f6dc0000000 ---p 00000000 00:00 0 
7f6dc2000000-7f6dc4000000 ---p 00000000 00:00 0 
7f6dc4000000-7f6dc4021000 rw-p 00000000 00:00 0 
7f6dc4021000-7f6dc8000000 ---p 00000000 00:00 0 
7f6dca000000-7f6dcc000000 ---p 00000000 00:00 0 
7f6dcc000000-7f6dcc021000 rw-p 00000000 00:00 0 
7f6dcc021000-7f6dd0000000 ---p 00000000 00:00 0 
7f6dd27ec000-7f6dd27ed000 ---p 00000000 00:00 0 
7f6dd27ed000-7f6dd2fed000 rw-p 00000000 00:00 0 
7f6dd2fed000-7f6dd2fee000 ---p 00000000 00:00 0 
7f6dd2fee000-7f6dd37ee000 rw-p 00000000 00:00 0 
7f6dd37ee000-7f6dd37ef000 ---p 00000000 00:00 0 
7f6dd37ef000-7f6dd3fef000 rw-p 00000000 00:00 0 
7f6dd3fef000-7f6dd3ff0000 ---p 00000000 00:00 0 
7f6dd3ff0000-7f6dd47f0000 rw-p 00000000 00:00 0 
7f6dd47f0000-7f6dd47f1000 ---p 00000000 00:00 0 
7f6dd47f1000-7f6dd4ff1000 rw-p 00000000 00:00 0 
7f6dd4ff1000-7f6dd4ff2000 ---p 00000000 00:00 0 
7f6dd4ff2000-7f6dd57f2000 rw-p 00000000 00:00 0 
7f6dd57f2000-7f6dd57f3000 ---p 00000000 00:00 0 
7f6dd57f3000-7f6dd5ff3000 rw-p 00000000 00:00 0 
7f6dd5ff3000-7f6dd5ff4000 ---p 00000000 00:00 0 
7f6dd5ff4000-7f6dd67f4000 rw-p 00000000 00:00 0 
7f6dd67f4000-7f6dd67f5000 ---p 00000000 00:00 0 
7f6dd67f5000-7f6dd6ff5000 rw-p 00000000 00:00 0 
7f6dd6ff5000-7f6dd6ff6000 ---p 00000000 00:00 0 
7f6dd6ff6000-7f6dd77f6000 rw-p 00000000 00:00 0 
7f6dd77f6000-7f6dd77f7000 ---p 00000000 00:00 0 
7f6dd77f7000-7f6dd7ff7000 rw-p 00000000 00:00 0 
7f6dd7ff7000-7f6dd7ff8000 ---p 00000000 00:00 0 
7f6dd7ff8000-7f6dd87f8000 rw-p 00000000 00:00 0 
7f6dd87f8000-7f6dd87f9000 ---p 00000000 00:00 0 
7f6dd87f9000-7f6dd8ff9000 rw-p 00000000 00:00 0 
7f6dd8ff9000-7f6dd8ffa000 ---p 00000000 00:00 0 
7f6dd8ffa000-7f6dd97fa000 rw-p 00000000 00:00 0 
7f6dd97fa000-7f6dd97fb000 ---p 00000000 00:00 0 
7f6dd97fb000-7f6dd9ffb000 rw-p 00000000 00:00 0 
7f6dd9ffb000-7f6dd9ffc000 ---p 00000000 00:00 0 
7f6dd9ffc000-7f6dda7fc000 rw-p 00000000 00:00 0 
7f6dda7fc000-7f6dda7fd000 ---p 00000000 00:00 0 
7f6dda7fd000-7f6ddaffd000 rw-p 00000000 00:00 0 
7f6ddaffd000-7f6ddaffe000 ---p 00000000 00:00 0 
7f6ddaffe000-7f6ddb7fe000 rw-p 00000000 00:00 0 
7f6ddb7fe000-7f6ddb7ff000 ---p 00000000 00:00 0 
7f6ddb7ff000-7f6ddbfff000 rw-p 00000000 00:00 0 
7f6ddc9f8000-7f6ddcff8000 rw-p 00000000 00:00 0 
7f6ddd0f8000-7f6ddd5f8000 rw-p 00000000 00:00 0 
7f6ddd6f8000-7f6ddd7f8000 rw-p 00000000 00:00 0 
7f6ddd7f8000-7f6ddd7f9000 ---p 00000000 00:00 0 
7f6ddd7f9000-7f6ddd8f9000 rw-p 00000000 00:00 0 
7f6ddd8f9000-7f6ddd8fa000 ---p 00000000 00:00 0 
7f6ddd8fa000-7f6ddd9fa000 rw-p 00000000 00:00 0 
7f6ddd9fa000-7f6ddd9fb000 ---p 00000000 00:00 0 
7f6ddd9fb000-7f6dddafb000 rw-p 00000000 00:00 0 
7f6dddafb000-7f6dddafc000 ---p 00000000 00:00 0 
7f6dddafc000-7f6dddbfc000 rw-p 00000000 00:00 0 
7f6dddbfc000-7f6dddbfd000 ---p 00000000 00:00 0 
7f6dddbfd000-7f6dddcfd000 rw-p 00000000 00:00 0 
7f6dddcfd000-7f6dddcfe000 ---p 00000000 00:00 0 
7f6dddcfe000-7f6ddddfe000 rw-p 00000000 00:00 0 
7f6ddddfe000-7f6ddddff000 ---p 00000000 00:00 0 
7f6ddddff000-7f6dddeff000 rw-p 00000000 00:00 0 
7f6dddeff000-7f6dddf00000 ---p 00000000 00:00 0 
7f6dddf00000-7f6dde000000 rw-p 00000000 00:00 0 
7f6dde000000-7f6dea000000 ---p 00000000 00:00 0 
7f6dea0f9000-7f6dea0fa000 ---p 00000000 00:00 0 
7f6dea0fa000-7f6dea1fa000 rw-p 00000000 00:00 0 
7f6dea1fa000-7f6dea1fb000 ---p 00000000 00:00 0 
7f6dea1fb000-7f6dea2fb000 rw-p 00000000 00:00 0 
7f6dea2fb000-7f6dea2fc000 ---p 00000000 00:00 0 
7f6dea2fc000-7f6dea3fc000 rw-p 00000000 00:00 0 
7f6dea3fc000-7f6dea3fd000 ---p 00000000 00:00 0 
7f6dea3fd000-7f6dea4fd000 rw-p 00000000 00:00 0 
7f6dea4fd000-7f6dea4fe000 ---p 00000000 00:00 0 
7f6dea4fe000-7f6dea5fe000 rw-p 00000000 00:00 0 
7f6dea5fe000-7f6dea5ff000 ---p 00000000 00:00 0 
7f6dea5ff000-7f6dea6ff000 rw-p 00000000 00:00 0 
7f6dea6ff000-7f6dea700000 ---p 00000000 00:00 0 
7f6dea700000-7f6dea800000 rw-p 00000000 00:00 0 
7f6dea800000-7f6dea8dc000 r-xp 00000000 fc:01 12479                      /tmp/libzstd-jni-1.4.9-59546955935860004855.so (deleted)
7f6dea8dc000-7f6deaadb000 ---p 000dc000 fc:01 12479                      /tmp/libzstd-jni-1.4.9-59546955935860004855.so (deleted)
7f6deaadb000-7f6deaadd000 rw-p 000db000 fc:01 12479                      /tmp/libzstd-jni-1.4.9-59546955935860004855.so (deleted)
7f6deb300000-7f6dec000000 rw-p 00000000 00:00 0 
7f6dec000000-7f6ecc000000 ---p 00000000 00:00 0 
7f6ecc0b1000-7f6ecc0b9000 r--p 00000000 fc:01 1313469                    /home/hchakrabar/miniconda3/envs/pt_env/lib/python3.10/site-packages/pytrec_eval_ext.cpython-310-x86_64-linux-gnu.so
7f6ecc0b9000-7f6ecc0cd000 r-xp 00008000 fc:01 1313469                    /home/hchakrabar/miniconda3/envs/pt_env/lib/python3.10/site-packages/pytrec_eval_ext.cpython-310-x86_64-linux-gnu.so
7f6ecc0cd000-7f6ecc0db000 r--p 0001c000 fc:01 1313469                    /home/hchakrabar/miniconda3/envs/pt_env/lib/python3.10/site-packages/pytrec_eval_ext.cpython-310-x86_64-linux-gnu.so
7f6ecc0db000-7f6ecc0dc000 r--p 0002a000 fc:01 1313469                    /home/hchakrabar/miniconda3/envs/pt_env/lib/python3.10/site-packages/pytrec_eval_ext.cpython-310-x86_64-linux-gnu.so
7f6ecc0dc000-7f6ecc0df000 rw-p 0002b000 fc:01 1313469                    /home/hchakrabar/miniconda3/envs/pt_env/lib/python3.10/site-packages/pytrec_eval_ext.cpython-310-x86_64-linux-gnu.so
7f6ecc0df000-7f6ecc1df000 rw-p 00000000 00:00 0 
7f6ecc1df000-7f6ecc1e0000 ---p 00000000 00:00 0 
7f6ecc1e0000-7f6eccce0000 rw-p 00000000 00:00 0 
7f6ecd4e1000-7f6ecd4e2000 ---p 00000000 00:00 0 
7f6ecd4e2000-7f6ecdde2000 rw-p 00000000 00:00 0 
7f6ecdee2000-7f6ecdfe2000 rw-p 00000000 00:00 0 
7f6ece0e2000-7f6ece1e2000 rw-p 00000000 00:00 0 
7f6ece2e2000-7f6ece6e2000 rw-p 00000000 00:00 0 
7f6ece6e2000-7f6ece71c000 r--p 00000000 fc:01 2362864                    /home/hchakrabar/miniconda3/envs/pt_env/lib/python3.10/site-packages/xgrammar/xgrammar_bindings.cpython-310-x86_64-linux-gnu.so
7f6ece71c000-7f6ece7f0000 r-xp 0003a000 fc:01 2362864                    /home/hchakrabar/miniconda3/envs/pt_env/lib/python3.10/site-packages/xgrammar/xgrammar_bindings.cpython-310-x86_64-linux-gnu.so
7f6ece7f0000-7f6ece82a000 r--p 0010e000 fc:01 2362864                    /home/hchakrabar/miniconda3/envs/pt_env/lib/python3.10/site-packages/xgrammar/xgrammar_bindings.cpython-310-x86_64-linux-gnu.so
7f6ece82a000-7f6ece82b000 ---p 00148000 fc:01 2362864                    /home/hchakrabar/miniconda3/envs/pt_env/lib/python3.10/site-packages/xgrammar/xgrammar_bindings.cpython-310-x86_64-linux-gnu.so
7f6ece82b000-7f6ece82e000 r--p 00148000 fc:01 2362864                    /home/hchakrabar/miniconda3/envs/pt_env/lib/python3.10/site-packages/xgrammar/xgrammar_bindings.cpython-310-x86_64-linux-gnu.so
7f6ece82e000-7f6ece830000 rw-p 0014b000 fc:01 2362864                    /home/hchakrabar/miniconda3/envs/pt_env/lib/python3.10/site-packages/xgrammar/xgrammar_bindings.cpython-310-x86_64-linux-gnu.so
7f6ece830000-7f6ece831000 rw-p 00000000 00:00 0 
7f6ece831000-7f6ecea71000 r--p 00000000 fc:01 2331414                    /home/hchakrabar/miniconda3/envs/pt_env/lib/python3.10/site-packages/llguidance/_lib.abi3.so
7f6ecea71000-7f6ecef3c000 r-xp 0023f000 fc:01 2331414                    /home/hchakrabar/miniconda3/envs/pt_env/lib/python3.10/site-packages/llguidance/_lib.abi3.so
7f6ecef3c000-7f6ecefcb000 r--p 00709000 fc:01 2331414                    /home/hchakrabar/miniconda3/envs/pt_env/lib/python3.10/site-packages/llguidance/_lib.abi3.so
7f6ecefcb000-7f6ecefcd000 rw-p 00797000 fc:01 2331414                    /home/hchakrabar/miniconda3/envs/pt_env/lib/python3.10/site-packages/llguidance/_lib.abi3.so
7f6ecefcd000-7f6ecf7ce000 rw-p 00000000 00:00 0 
7f6ecf7ce000-7f6ecf7d1000 r--p 00000000 fc:01 1318859                    /home/hchakrabar/miniconda3/envs/pt_env/lib/python3.10/site-packages/Cython/StringIOTree.cpython-310-x86_64-linux-gnu.so
7f6ecf7d1000-7f6ecf7da000 r-xp 00003000 fc:01 1318859                    /home/hchakrabar/miniconda3/envs/pt_env/lib/python3.10/site-packages/Cython/StringIOTree.cpython-310-x86_64-linux-gnu.so
7f6ecf7da000-7f6ecf7de000 r--p 0000c000 fc:01 1318859                    /home/hchakrabar/miniconda3/envs/pt_env/lib/python3.10/site-packages/Cython/StringIOTree.cpython-310-x86_64-linux-gnu.so
7f6ecf7de000-7f6ecf7df000 r--p 0000f000 fc:01 1318859                    /home/hchakrabar/miniconda3/envs/pt_env/lib/python3.10/site-packages/Cython/StringIOTree.cpython-310-x86_64-linux-gnu.so
7f6ecf7df000-7f6ecf7e0000 rw-p 00010000 fc:01 1318859                    /home/hchakrabar/miniconda3/envs/pt_env/lib/python3.10/site-packages/Cython/StringIOTree.cpython-310-x86_64-linux-gnu.so
7f6ecf7e0000-7f6ecf8e1000 rw-p 00000000 00:00 0 
7f6ecf8e1000-7f6ecf8ee000 r--p 00000000 fc:01 1320053                    /home/hchakrabar/miniconda3/envs/pt_env/lib/python3.10/site-packages/Cython/Compiler/Code.cpython-310-x86_64-linux-gnu.so
7f6ecf8ee000-7f6ecf9fc000 r-xp 0000d000 fc:01 1320053                    /home/hchakrabar/miniconda3/envs/pt_env/lib/python3.10/site-packages/Cython/Compiler/Code.cpython-310-x86_64-linux-gnu.so
7f6ecf9fc000-7f6ecfa23000 r--p 0011b000 fc:01 1320053                    /home/hchakrabar/miniconda3/envs/pt_env/lib/python3.10/site-packages/Cython/Compiler/Code.cpython-310-x86_64-linux-gnu.so
7f6ecfa23000-7f6ecfa24000 r--p 00142000 fc:01 1320053                    /home/hchakrabar/miniconda3/envs/pt_env/lib/python3.10/site-packages/Cython/Compiler/Code.cpython-310-x86_64-linux-gnu.so
7f6ecfa24000-7f6ecfa2c000 rw-p 00143000 fc:01 1320053                    /home/hchakrabar/miniconda3/envs/pt_env/lib/python3.10/site-packages/Cython/Compiler/Code.cpython-310-x86_64-linux-gnu.so
7f6ecfa2c000-7f6ecfa31000 rw-p 00000000 00:00 0 
7f6ecfa31000-7f6ecfa35000 r--p 00000000 fc:01 1320289                    /home/hchakrabar/miniconda3/envs/pt_env/lib/python3.10/site-packages/Cython/Plex/Scanners.cpython-310-x86_64-linux-gnu.so
7f6ecfa35000-7f6ecfa44000 r-xp 00004000 fc:01 1320289                    /home/hchakrabar/miniconda3/envs/pt_env/lib/python3.10/site-packages/Cython/Plex/Scanners.cpython-310-x86_64-linux-gnu.so
7f6ecfa44000-7f6ecfa49000 r--p 00013000 fc:01 1320289                    /home/hchakrabar/miniconda3/envs/pt_env/lib/python3.10/site-packages/Cython/Plex/Scanners.cpython-310-x86_64-linux-gnu.so
7f6ecfa49000-7f6ecfa4a000 r--p 00017000 fc:01 1320289                    /home/hchakrabar/miniconda3/envs/pt_env/lib/python3.10/site-packages/Cython/Plex/Scanners.cpython-310-x86_64-linux-gnu.so
7f6ecfa4a000-7f6ecfa4c000 rw-p 00018000 fc:01 1320289                    /home/hchakrabar/miniconda3/envs/pt_env/lib/python3.10/site-packages/Cython/Plex/Scanners.cpython-310-x86_64-linux-gnu.so
7f6ecfa4c000-7f6ecfa51000 r--p 00000000 fc:01 1320285                    /home/hchakrabar/miniconda3/envs/pt_env/lib/python3.10/site-packages/Cython/Plex/Machines.cpython-310-x86_64-linux-gnu.so
7f6ecfa51000-7f6ecfa65000 r-xp 00005000 fc:01 1320285                    /home/hchakrabar/miniconda3/envs/pt_env/lib/python3.10/site-packages/Cython/Plex/Machines.cpython-310-x86_64-linux-gnu.so
7f6ecfa65000-7f6ecfa6b000 r--p 00019000 fc:01 1320285                    /home/hchakrabar/miniconda3/envs/pt_env/lib/python3.10/site-packages/Cython/Plex/Machines.cpython-310-x86_64-linux-gnu.so
7f6ecfa6b000-7f6ecfa6c000 r--p 0001e000 fc:01 1320285                    /home/hchakrabar/miniconda3/envs/pt_env/lib/python3.10/site-packages/Cython/Plex/Machines.cpython-310-x86_64-linux-gnu.so
7f6ecfa6c000-7f6ecfa6e000 rw-p 0001f000 fc:01 1320285                    /home/hchakrabar/miniconda3/envs/pt_env/lib/python3.10/site-packages/Cython/Plex/Machines.cpython-310-x86_64-linux-gnu.so
7f6ecfa6e000-7f6ecfa72000 r--p 00000000 fc:01 1320292                    /home/hchakrabar/miniconda3/envs/pt_env/lib/python3.10/site-packages/Cython/Plex/Transitions.cpython-310-x86_64-linux-gnu.so
7f6ecfa72000-7f6ecfa82000 r-xp 00004000 fc:01 1320292                    /home/hchakrabar/miniconda3/envs/pt_env/lib/python3.10/site-packages/Cython/Plex/Transitions.cpython-310-x86_64-linux-gnu.so
7f6ecfa82000-7f6ecfa86000 r--p 00014000 fc:01 1320292                    /home/hchakrabar/miniconda3/envs/pt_env/lib/python3.10/site-packages/Cython/Plex/Transitions.cpython-310-x86_64-linux-gnu.so
7f6ecfa86000-7f6ecfa87000 r--p 00017000 fc:01 1320292                    /home/hchakrabar/miniconda3/envs/pt_env/lib/python3.10/site-packages/Cython/Plex/Transitions.cpython-310-x86_64-linux-gnu.so
7f6ecfa87000-7f6ecfa88000 rw-p 00018000 fc:01 1320292                    /home/hchakrabar/miniconda3/envs/pt_env/lib/python3.10/site-packages/Cython/Plex/Transitions.cpython-310-x86_64-linux-gnu.so
7f6ecfa88000-7f6ecfa89000 rw-p 00000000 00:00 0 
7f6ecfa89000-7f6ecfa8d000 r--p 00000000 fc:01 1320280                    /home/hchakrabar/miniconda3/envs/pt_env/lib/python3.10/site-packages/Cython/Plex/DFA.cpython-310-x86_64-linux-gnu.so
7f6ecfa8d000-7f6ecfa99000 r-xp 00004000 fc:01 1320280                    /home/hchakrabar/miniconda3/envs/pt_env/lib/python3.10/site-packages/Cython/Plex/DFA.cpython-310-x86_64-linux-gnu.so
7f6ecfa99000-7f6ecfa9c000 r--p 00010000 fc:01 1320280                    /home/hchakrabar/miniconda3/envs/pt_env/lib/python3.10/site-packages/Cython/Plex/DFA.cpython-310-x86_64-linux-gnu.so
7f6ecfa9c000-7f6ecfa9d000 r--p 00013000 fc:01 1320280                    /home/hchakrabar/miniconda3/envs/pt_env/lib/python3.10/site-packages/Cython/Plex/DFA.cpython-310-x86_64-linux-gnu.so
7f6ecfa9d000-7f6ecfa9e000 rw-p 00014000 fc:01 1320280                    /home/hchakrabar/miniconda3/envs/pt_env/lib/python3.10/site-packages/Cython/Plex/DFA.cpython-310-x86_64-linux-gnu.so
7f6ecfa9e000-7f6ecfa9f000 rw-p 00000000 00:00 0 
7f6ecfa9f000-7f6ecfaa5000 r--p 00000000 fc:01 1320088                    /home/hchakrabar/miniconda3/envs/pt_env/lib/python3.10/site-packages/Cython/Compiler/Scanning.cpython-310-x86_64-linux-gnu.so
7f6ecfaa5000-7f6ecfad5000 r-xp 00006000 fc:01 1320088                    /home/hchakrabar/miniconda3/envs/pt_env/lib/python3.10/site-packages/Cython/Compiler/Scanning.cpython-310-x86_64-linux-gnu.so
7f6ecfad5000-7f6ecfae0000 r--p 00036000 fc:01 1320088                    /home/hchakrabar/miniconda3/envs/pt_env/lib/python3.10/site-packages/Cython/Compiler/Scanning.cpython-310-x86_64-linux-gnu.so
7f6ecfae0000-7f6ecfae1000 r--p 00040000 fc:01 1320088                    /home/hchakrabar/miniconda3/envs/pt_env/lib/python3.10/site-packages/Cython/Compiler/Scanning.cpython-310-x86_64-linux-gnu.so
7f6ecfae1000-7f6ecfae4000 rw-p 00041000 fc:01 1320088                    /home/hchakrabar/miniconda3/envs/pt_env/lib/python3.10/site-packages/Cython/Compiler/Scanning.cpython-310-x86_64-linux-gnu.so
7f6ecfae4000-7f6ecfae5000 rw-p 00000000 00:00 0 
7f6ecfae5000-7f6ecfce4000 r--p 00000000 fc:01 2352691                    /home/hchakrabar/miniconda3/envs/pt_env/lib/python3.10/site-packages/openai_harmony/openai_harmony.abi3.so
7f6ecfce4000-7f6ed0075000 r-xp 001fe000 fc:01 2352691                    /home/hchakrabar/miniconda3/envs/pt_env/lib/python3.10/site-packages/openai_harmony/openai_harmony.abi3.so
7f6ed0075000-7f6ed00d6000 r--p 0058e000 fc:01 2352691                    /home/hchakrabar/miniconda3/envs/pt_env/lib/python3.10/site-packages/openai_harmony/openai_harmony.abi3.so
7f6ed00d6000-7f6ed00d9000 rw-p 005ee000 fc:01 2352691                    /home/hchakrabar/miniconda3/envs/pt_env/lib/python3.10/site-packages/openai_harmony/openai_harmony.abi3.so
7f6ed00d9000-7f6ed0370000 r--p 00000000 fc:01 2366982                    /home/hchakrabar/miniconda3/envs/pt_env/lib/python3.10/site-packages/vllm/_C.abi3.so
7f6ed0370000-7f6ed0c3b000 r-xp 00297000 fc:01 2366982                    /home/hchakrabar/miniconda3/envs/pt_env/lib/python3.10/site-packages/vllm/_C.abi3.so
7f6ed0c3b000-7f6ee9f13000 r--p 00b62000 fc:01 2366982                    /home/hchakrabar/miniconda3/envs/pt_env/lib/python3.10/site-packages/vllm/_C.abi3.so
7f6ee9f13000-7f6ee9f21000 r--p 19e39000 fc:01 2366982                    /home/hchakrabar/miniconda3/envs/pt_env/lib/python3.10/site-packages/vllm/_C.abi3.so
7f6ee9f21000-7f6ee9f28000 rw-p 19e47000 fc:01 2366982                    /home/hchakrabar/miniconda3/envs/pt_env/lib/python3.10/site-packages/vllm/_C.abi3.so
7f6ee9f28000-7f6eea000000 rw-p 00000000 00:00 0 
7f6eea000000-7f6f4e400000 ---p 00000000 00:00 0 
7f6f4e400000-7f6f4e600000 rw-s 00000000 00:05 671                        /dev/nvidiactl
7f6f4e600000-7f6f4e800000 rw-s 00000000 00:01 10240                      /dev/zero (deleted)
7f6f4e800000-7f6f4ea00000 rw-s 00000000 00:01 10241                      /dev/zero (deleted)
7f6f4ea00000-7f6f4f000000 ---p 00000000 00:00 0 
7f6f4f000000-7f6f4f200000 rw-s 00000000 00:05 671                        /dev/nvidiactl
7f6f4f200000-7f6f4f400000 ---p 00000000 00:00 0 
7f6f4f400000-7f6f4f600000 rw-s 00000000 00:01 10243                      /dev/zero (deleted)
7f6f4f600000-7f6f4fb33000 rw-s 00000000 00:05 671                        /dev/nvidiactl
7f6f4fb33000-7f6f50000000 ---p 00000000 00:00 0 
7f6f50012000-7f6f50016000 r--p 00000000 fc:01 1320277                    /home/hchakrabar/miniconda3/envs/pt_env/lib/python3.10/site-packages/Cython/Plex/Actions.cpython-310-x86_64-linux-gnu.so
7f6f50016000-7f6f5001e000 r-xp 00004000 fc:01 1320277                    /home/hchakrabar/miniconda3/envs/pt_env/lib/python3.10/site-packages/Cython/Plex/Actions.cpython-310-x86_64-linux-gnu.so
7f6f5001e000-7f6f50021000 r--p 0000c000 fc:01 1320277                    /home/hchakrabar/miniconda3/envs/pt_env/lib/python3.10/site-packages/Cython/Plex/Actions.cpython-310-x86_64-linux-gnu.so
7f6f50021000-7f6f50022000 r--p 0000f000 fc:01 1320277                    /home/hchakrabar/miniconda3/envs/pt_env/lib/python3.10/site-packages/Cython/Plex/Actions.cpython-310-x86_64-linux-gnu.so
7f6f50022000-7f6f50024000 rw-p 00010000 fc:01 1320277                    /home/hchakrabar/miniconda3/envs/pt_env/lib/python3.10/site-packages/Cython/Plex/Actions.cpython-310-x86_64-linux-gnu.so
7f6f50024000-7f6f50524000 rw-p 00000000 00:00 0 
7f6f50524000-7f6f50552000 r--p 00000000 fc:01 2335114                    /home/hchakrabar/miniconda3/envs/pt_env/lib/python3.10/site-packages/blake3/blake3.cpython-310-x86_64-linux-gnu.so
7f6f50552000-7f6f505d5000 r-xp 0002d000 fc:01 2335114                    /home/hchakrabar/miniconda3/envs/pt_env/lib/python3.10/site-packages/blake3/blake3.cpython-310-x86_64-linux-gnu.so
7f6f505d5000-7f6f505dd000 r--p 000af000 fc:01 2335114                    /home/hchakrabar/miniconda3/envs/pt_env/lib/python3.10/site-packages/blake3/blake3.cpython-310-x86_64-linux-gnu.so
7f6f505dd000-7f6f505df000 rw-p 000b6000 fc:01 2335114                    /home/hchakrabar/miniconda3/envs/pt_env/lib/python3.10/site-packages/blake3/blake3.cpython-310-x86_64-linux-gnu.so
7f6f505df000-7f6f509df000 rw-p 00000000 00:00 0 
7f6f509df000-7f6f509e0000 rw-s 00000000 00:05 671                        /dev/nvidiactl
7f6f509e0000-7f6f509e1000 rw-s 00000000 00:05 671                        /dev/nvidiactl
7f6f509e1000-7f6f509e2000 rw-s 00000000 00:05 671                        /dev/nvidiactl
7f6f509e2000-7f6f509e3000 rw-s 00000000 00:05 671                        /dev/nvidiactl
7f6f509e3000-7f6f509e4000 rw-s 00000000 00:05 671                        /dev/nvidiactl
7f6f509e4000-7f6f509e5000 rw-s 00000000 00:05 671                        /dev/nvidiactl
7f6f509e5000-7f6f509e6000 rw-s 00000000 00:05 671                        /dev/nvidiactl
7f6f509e6000-7f6f509e7000 rw-s 00000000 00:05 671                        /dev/nvidiactl
7f6f509e7000-7f6f509e8000 rw-s 00000000 00:05 671                        /dev/nvidiactl
7f6f509e8000-7f6f509e9000 rw-s 00000000 00:05 671                        /dev/nvidiactl
7f6f509e9000-7f6f509ea000 rw-s 00000000 00:05 671                        /dev/nvidiactl
7f6f509ea000-7f6f509eb000 rw-s 00000000 00:05 671                        /dev/nvidiactl
7f6f509eb000-7f6f509ec000 rw-s 00000000 00:05 671                        /dev/nvidiactl
7f6f509ec000-7f6f509ed000 rw-s 00000000 00:05 671                        /dev/nvidiactl
7f6f509ed000-7f6f509ee000 rw-s 00000000 00:05 671                        /dev/nvidiactl
7f6f509ee000-7f6f509ef000 rw-s 00000000 00:05 671                        /dev/nvidiactl
7f6f509ef000-7f6f51c00000 ---p 00000000 00:00 0 
7f6f51c00000-7f6f51df7000 r-xp 00000000 fc:01 13221                      /usr/lib/x86_64-linux-gnu/libnvidia-ml.so.575.57.08
7f6f51df7000-7f6f51ff6000 ---p 001f7000 fc:01 13221                      /usr/lib/x86_64-linux-gnu/libnvidia-ml.so.575.57.08
7f6f51ff6000-7f6f5202d000 r--p 001f6000 fc:01 13221                      /usr/lib/x86_64-linux-gnu/libnvidia-ml.so.575.57.08
7f6f5202d000-7f6f52030000 rw-p 0022d000 fc:01 13221                      /usr/lib/x86_64-linux-gnu/libnvidia-ml.so.575.57.08
7f6f52030000-7f6f52d37000 rw-p 00000000 00:00 0 
7f6f52d39000-7f6f52d3e000 r--p 00000000 fc:01 1318862                    /home/hchakrabar/miniconda3/envs/pt_env/lib/python3.10/site-packages/Cython/Utils.cpython-310-x86_64-linux-gnu.so
7f6f52d3e000-7f6f52d6f000 r-xp 00005000 fc:01 1318862                    /home/hchakrabar/miniconda3/envs/pt_env/lib/python3.10/site-packages/Cython/Utils.cpython-310-x86_64-linux-gnu.so
7f6f52d6f000-7f6f52d78000 r--p 00036000 fc:01 1318862                    /home/hchakrabar/miniconda3/envs/pt_env/lib/python3.10/site-packages/Cython/Utils.cpython-310-x86_64-linux-gnu.so
7f6f52d78000-7f6f52d79000 r--p 0003e000 fc:01 1318862                    /home/hchakrabar/miniconda3/envs/pt_env/lib/python3.10/site-packages/Cython/Utils.cpython-310-x86_64-linux-gnu.so
7f6f52d79000-7f6f52d7c000 rw-p 0003f000 fc:01 1318862                    /home/hchakrabar/miniconda3/envs/pt_env/lib/python3.10/site-packages/Cython/Utils.cpython-310-x86_64-linux-gnu.so
7f6f52d7c000-7f6f52d7d000 rw-p 00000000 00:00 0 
7f6f52d7d000-7f6f52d7f000 r--p 00000000 fc:01 2330712                    /home/hchakrabar/miniconda3/envs/pt_env/lib/python3.10/site-packages/pybase64/_pybase64.cpython-310-x86_64-linux-gnu.so
7f6f52d7f000-7f6f52d8f000 r-xp 00002000 fc:01 2330712                    /home/hchakrabar/miniconda3/envs/pt_env/lib/python3.10/site-packages/pybase64/_pybase64.cpython-310-x86_64-linux-gnu.so
7f6f52d8f000-7f6f52d93000 r--p 00012000 fc:01 2330712                    /home/hchakrabar/miniconda3/envs/pt_env/lib/python3.10/site-packages/pybase64/_pybase64.cpython-310-x86_64-linux-gnu.so
7f6f52d93000-7f6f52d94000 r--p 00016000 fc:01 2330712                    /home/hchakrabar/miniconda3/envs/pt_env/lib/python3.10/site-packages/pybase64/_pybase64.cpython-310-x86_64-linux-gnu.so
7f6f52d94000-7f6f52d95000 rw-p 00017000 fc:01 2330712                    /home/hchakrabar/miniconda3/envs/pt_env/lib/python3.10/site-packages/pybase64/_pybase64.cpython-310-x86_64-linux-gnu.so
7f6f52d95000-7f6f52d9f000 r--p 00000000 fc:01 2352764                    /home/hchakrabar/miniconda3/envs/pt_env/lib/python3.10/site-packages/aiohttp/_http_parser.cpython-310-x86_64-linux-gnu.so
7f6f52d9f000-7f6f52ded000 r-xp 0000a000 fc:01 2352764                    /home/hchakrabar/miniconda3/envs/pt_env/lib/python3.10/site-packages/aiohttp/_http_parser.cpython-310-x86_64-linux-gnu.so
7f6f52ded000-7f6f52df9000 r--p 00058000 fc:01 2352764                    /home/hchakrabar/miniconda3/envs/pt_env/lib/python3.10/site-packages/aiohttp/_http_parser.cpython-310-x86_64-linux-gnu.so
7f6f52df9000-7f6f52dfb000 r--p 00063000 fc:01 2352764                    /home/hchakrabar/miniconda3/envs/pt_env/lib/python3.10/site-packages/aiohttp/_http_parser.cpython-310-x86_64-linux-gnu.so
7f6f52dfb000-7f6f52dfe000 rw-p 00065000 fc:01 2352764                    /home/hchakrabar/miniconda3/envs/pt_env/lib/python3.10/site-packages/aiohttp/_http_parser.cpython-310-x86_64-linux-gnu.so
7f6f52dfe000-7f6f53500000 rw-p 00000000 00:00 0 
7f6f53600000-7f6f53700000 rw-p 00000000 00:00 0 
7f6f53a00000-7f6f53b00000 rw-p 00000000 00:00 0 
7f6f53d00000-7f6f53e00000 rw-p 00000000 00:00 0 
7f6f54900000-7f6f55600000 rw-p 00000000 00:00 0 
7f6f55700000-7f6f56000000 rw-p 00000000 00:00 0 
7f6f56000000-7f6f58000000 ---p 00000000 00:00 0 
7f6f5800f000-7f6f58014000 r--p 00000000 fc:01 2331744                    /home/hchakrabar/miniconda3/envs/pt_env/lib/python3.10/site-packages/frozenlist/_frozenlist.cpython-310-x86_64-linux-gnu.so
7f6f58014000-7f6f58020000 r-xp 00005000 fc:01 2331744                    /home/hchakrabar/miniconda3/envs/pt_env/lib/python3.10/site-packages/frozenlist/_frozenlist.cpython-310-x86_64-linux-gnu.so
7f6f58020000-7f6f58024000 r--p 00011000 fc:01 2331744                    /home/hchakrabar/miniconda3/envs/pt_env/lib/python3.10/site-packages/frozenlist/_frozenlist.cpython-310-x86_64-linux-gnu.so
7f6f58024000-7f6f58025000 r--p 00014000 fc:01 2331744                    /home/hchakrabar/miniconda3/envs/pt_env/lib/python3.10/site-packages/frozenlist/_frozenlist.cpython-310-x86_64-linux-gnu.so
7f6f58025000-7f6f58027000 rw-p 00015000 fc:01 2331744                    /home/hchakrabar/miniconda3/envs/pt_env/lib/python3.10/site-packages/frozenlist/_frozenlist.cpython-310-x86_64-linux-gnu.so
7f6f58027000-7f6f5802d000 r--p 00000000 fc:01 2352829                    /home/hchakrabar/miniconda3/envs/pt_env/lib/python3.10/site-packages/aiohttp/_websocket/reader_c.cpython-310-x86_64-linux-gnu.so
7f6f5802d000-7f6f58051000 r-xp 00006000 fc:01 2352829                    /home/hchakrabar/miniconda3/envs/pt_env/lib/python3.10/site-packages/aiohttp/_websocket/reader_c.cpython-310-x86_64-linux-gnu.so
7f6f58051000-7f6f58057000 r--p 0002a000 fc:01 2352829                    /home/hchakrabar/miniconda3/envs/pt_env/lib/python3.10/site-packages/aiohttp/_websocket/reader_c.cpython-310-x86_64-linux-gnu.so
7f6f58057000-7f6f58059000 r--p 0002f000 fc:01 2352829                    /home/hchakrabar/miniconda3/envs/pt_env/lib/python3.10/site-packages/aiohttp/_websocket/reader_c.cpython-310-x86_64-linux-gnu.so
7f6f58059000-7f6f5805b000 rw-p 00031000 fc:01 2352829                    /home/hchakrabar/miniconda3/envs/pt_env/lib/python3.10/site-packages/aiohttp/_websocket/reader_c.cpython-310-x86_64-linux-gnu.so
7f6f5805b000-7f6f5805c000 rw-p 00000000 00:00 0 
7f6f5805c000-7f6f58061000 r--p 00000000 fc:01 2335487                    /home/hchakrabar/miniconda3/envs/pt_env/lib/python3.10/site-packages/yarl/_quoting_c.cpython-310-x86_64-linux-gnu.so
7f6f58061000-7f6f58076000 r-xp 00005000 fc:01 2335487                    /home/hchakrabar/miniconda3/envs/pt_env/lib/python3.10/site-packages/yarl/_quoting_c.cpython-310-x86_64-linux-gnu.so
7f6f58076000-7f6f5807a000 r--p 0001a000 fc:01 2335487                    /home/hchakrabar/miniconda3/envs/pt_env/lib/python3.10/site-packages/yarl/_quoting_c.cpython-310-x86_64-linux-gnu.so
7f6f5807a000-7f6f5807b000 r--p 0001d000 fc:01 2335487                    /home/hchakrabar/miniconda3/envs/pt_env/lib/python3.10/site-packages/yarl/_quoting_c.cpython-310-x86_64-linux-gnu.so
7f6f5807b000-7f6f5807c000 rw-p 0001e000 fc:01 2335487                    /home/hchakrabar/miniconda3/envs/pt_env/lib/python3.10/site-packages/yarl/_quoting_c.cpython-310-x86_64-linux-gnu.so
7f6f5807c000-7f6f5837d000 rw-p 00000000 00:00 0 
7f6f5837d000-7f6f5845d000 r--p 00000000 fc:01 2335544                    /home/hchakrabar/miniconda3/envs/pt_env/lib/python3.10/site-packages/tiktoken/_tiktoken.cpython-310-x86_64-linux-gnu.so
7f6f5845d000-7f6f585d0000 r-xp 000df000 fc:01 2335544                    /home/hchakrabar/miniconda3/envs/pt_env/lib/python3.10/site-packages/tiktoken/_tiktoken.cpython-310-x86_64-linux-gnu.so
7f6f585d0000-7f6f58615000 r--p 00251000 fc:01 2335544                    /home/hchakrabar/miniconda3/envs/pt_env/lib/python3.10/site-packages/tiktoken/_tiktoken.cpython-310-x86_64-linux-gnu.so
7f6f58615000-7f6f58616000 rw-p 00295000 fc:01 2335544                    /home/hchakrabar/miniconda3/envs/pt_env/lib/python3.10/site-packages/tiktoken/_tiktoken.cpython-310-x86_64-linux-gnu.so
7f6f58616000-7f6f58716000 rw-p 00000000 00:00 0 
7f6f58716000-7f6f5884d000 r--p 00000000 fc:01 1317263                    /home/hchakrabar/miniconda3/envs/pt_env/lib/python3.10/site-packages/pydantic_core/_pydantic_core.cpython-310-x86_64-linux-gnu.so
7f6f5884d000-7f6f58b82000 r-xp 00136000 fc:01 1317263                    /home/hchakrabar/miniconda3/envs/pt_env/lib/python3.10/site-packages/pydantic_core/_pydantic_core.cpython-310-x86_64-linux-gnu.so
7f6f58b82000-7f6f58bb6000 r--p 0046a000 fc:01 1317263                    /home/hchakrabar/miniconda3/envs/pt_env/lib/python3.10/site-packages/pydantic_core/_pydantic_core.cpython-310-x86_64-linux-gnu.so
7f6f58bb6000-7f6f58bbc000 rw-p 0049d000 fc:01 1317263                    /home/hchakrabar/miniconda3/envs/pt_env/lib/python3.10/site-packages/pydantic_core/_pydantic_core.cpython-310-x86_64-linux-gnu.so
7f6f58bbc000-7f6f58bbd000 ---p 00000000 00:00 0 
7f6f58bbd000-7f6f59dbd000 rw-p 00000000 00:00 0 
7f6f59dbd000-7f6f59fbd000 rw-p 00000000 00:00 0 
7f6f59fbd000-7f6f5a1bd000 rw-s 00000000 00:01 10242                      /dev/zero (deleted)
7f6f5a1bd000-7f6f62600000 ---p 00000000 00:00 0 
7f6f62600000-7f6f63800000 rw-p 00000000 00:00 0 
7f6f63800000-7f6f63839000 r-xp 00000000 fc:01 1318876                    /home/hchakrabar/miniconda3/envs/pt_env/lib/python3.10/site-packages/kiwisolver/_cext.cpython-310-x86_64-linux-gnu.so
7f6f63839000-7f6f63a38000 ---p 00039000 fc:01 1318876                    /home/hchakrabar/miniconda3/envs/pt_env/lib/python3.10/site-packages/kiwisolver/_cext.cpython-310-x86_64-linux-gnu.so
7f6f63a38000-7f6f63a39000 r--p 00038000 fc:01 1318876                    /home/hchakrabar/miniconda3/envs/pt_env/lib/python3.10/site-packages/kiwisolver/_cext.cpython-310-x86_64-linux-gnu.so
7f6f63a39000-7f6f63a3a000 rw-p 00039000 fc:01 1318876                    /home/hchakrabar/miniconda3/envs/pt_env/lib/python3.10/site-packages/kiwisolver/_cext.cpython-310-x86_64-linux-gnu.so
7f6f63a3a000-7f6f63a3b000 rw-p 00000000 00:00 0 
7f6f63a3d000-7f6f63a40000 r--p 00000000 fc:01 2352824                    /home/hchakrabar/miniconda3/envs/pt_env/lib/python3.10/site-packages/aiohttp/_websocket/mask.cpython-310-x86_64-linux-gnu.so
7f6f63a40000-7f6f63a44000 r-xp 00003000 fc:01 2352824                    /home/hchakrabar/miniconda3/envs/pt_env/lib/python3.10/site-packages/aiohttp/_websocket/mask.cpython-310-x86_64-linux-gnu.so
7f6f63a44000-7f6f63a46000 r--p 00007000 fc:01 2352824                    /home/hchakrabar/miniconda3/envs/pt_env/lib/python3.10/site-packages/aiohttp/_websocket/mask.cpython-310-x86_64-linux-gnu.so
7f6f63a46000-7f6f63a47000 r--p 00008000 fc:01 2352824                    /home/hchakrabar/miniconda3/envs/pt_env/lib/python3.10/site-packages/aiohttp/_websocket/mask.cpython-310-x86_64-linux-gnu.so
7f6f63a47000-7f6f63a48000 rw-p 00009000 fc:01 2352824                    /home/hchakrabar/miniconda3/envs/pt_env/lib/python3.10/site-packages/aiohttp/_websocket/mask.cpython-310-x86_64-linux-gnu.so
7f6f63a48000-7f6f63a4b000 r--p 00000000 fc:01 2352766                    /home/hchakrabar/miniconda3/envs/pt_env/lib/python3.10/site-packages/aiohttp/_http_writer.cpython-310-x86_64-linux-gnu.so
7f6f63a4b000-7f6f63a55000 r-xp 00003000 fc:01 2352766                    /home/hchakrabar/miniconda3/envs/pt_env/lib/python3.10/site-packages/aiohttp/_http_writer.cpython-310-x86_64-linux-gnu.so
7f6f63a55000-7f6f63a57000 r--p 0000d000 fc:01 2352766                    /home/hchakrabar/miniconda3/envs/pt_env/lib/python3.10/site-packages/aiohttp/_http_writer.cpython-310-x86_64-linux-gnu.so
7f6f63a57000-7f6f63a58000 r--p 0000e000 fc:01 2352766                    /home/hchakrabar/miniconda3/envs/pt_env/lib/python3.10/site-packages/aiohttp/_http_writer.cpython-310-x86_64-linux-gnu.so
7f6f63a58000-7f6f63a59000 rw-p 0000f000 fc:01 2352766                    /home/hchakrabar/miniconda3/envs/pt_env/lib/python3.10/site-packages/aiohttp/_http_writer.cpython-310-x86_64-linux-gnu.so
7f6f63a59000-7f6f63a5d000 r--p 00000000 fc:01 2331169                    /home/hchakrabar/miniconda3/envs/pt_env/lib/python3.10/site-packages/multidict/_multidict.cpython-310-x86_64-linux-gnu.so
7f6f63a5d000-7f6f63a6e000 r-xp 00004000 fc:01 2331169                    /home/hchakrabar/miniconda3/envs/pt_env/lib/python3.10/site-packages/multidict/_multidict.cpython-310-x86_64-linux-gnu.so
7f6f63a6e000-7f6f63a72000 r--p 00015000 fc:01 2331169                    /home/hchakrabar/miniconda3/envs/pt_env/lib/python3.10/site-packages/multidict/_multidict.cpython-310-x86_64-linux-gnu.so
7f6f63a72000-7f6f63a73000 r--p 00018000 fc:01 2331169                    /home/hchakrabar/miniconda3/envs/pt_env/lib/python3.10/site-packages/multidict/_multidict.cpython-310-x86_64-linux-gnu.so
7f6f63a73000-7f6f63a75000 rw-p 00019000 fc:01 2331169                    /home/hchakrabar/miniconda3/envs/pt_env/lib/python3.10/site-packages/multidict/_multidict.cpython-310-x86_64-linux-gnu.so
7f6f63a75000-7f6f63a7b000 r--p 00000000 fc:01 2331188                    /home/hchakrabar/miniconda3/envs/pt_env/lib/python3.10/site-packages/msgspec/_core.cpython-310-x86_64-linux-gnu.so
7f6f63a7b000-7f6f63ab8000 r-xp 00006000 fc:01 2331188                    /home/hchakrabar/miniconda3/envs/pt_env/lib/python3.10/site-packages/msgspec/_core.cpython-310-x86_64-linux-gnu.so
7f6f63ab8000-7f6f63ad1000 r--p 00043000 fc:01 2331188                    /home/hchakrabar/miniconda3/envs/pt_env/lib/python3.10/site-packages/msgspec/_core.cpython-310-x86_64-linux-gnu.so
7f6f63ad1000-7f6f63ad2000 r--p 0005b000 fc:01 2331188                    /home/hchakrabar/miniconda3/envs/pt_env/lib/python3.10/site-packages/msgspec/_core.cpython-310-x86_64-linux-gnu.so
7f6f63ad2000-7f6f63ad6000 rw-p 0005c000 fc:01 2331188                    /home/hchakrabar/miniconda3/envs/pt_env/lib/python3.10/site-packages/msgspec/_core.cpython-310-x86_64-linux-gnu.so
7f6f63ad6000-7f6f63bd9000 rw-p 00000000 00:00 0 
7f6f63bd9000-7f6f63bf2000 r--p 00000000 fc:01 1321664                    /home/hchakrabar/miniconda3/envs/pt_env/lib/python3.10/site-packages/matplotlib/ft2font.cpython-310-x86_64-linux-gnu.so
7f6f63bf2000-7f6f63cbc000 r-xp 00019000 fc:01 1321664                    /home/hchakrabar/miniconda3/envs/pt_env/lib/python3.10/site-packages/matplotlib/ft2font.cpython-310-x86_64-linux-gnu.so
7f6f63cbc000-7f6f63cf8000 r--p 000e3000 fc:01 1321664                    /home/hchakrabar/miniconda3/envs/pt_env/lib/python3.10/site-packages/matplotlib/ft2font.cpython-310-x86_64-linux-gnu.so
7f6f63cf8000-7f6f63cff000 r--p 0011e000 fc:01 1321664                    /home/hchakrabar/miniconda3/envs/pt_env/lib/python3.10/site-packages/matplotlib/ft2font.cpython-310-x86_64-linux-gnu.so
7f6f63cff000-7f6f63d00000 rw-p 00125000 fc:01 1321664                    /home/hchakrabar/miniconda3/envs/pt_env/lib/python3.10/site-packages/matplotlib/ft2font.cpython-310-x86_64-linux-gnu.so
7f6f63d00000-7f6f64200000 rw-p 00000000 00:00 0 
7f6f64200000-7f6f6431f000 r-xp 00000000 fc:01 2330944                    /home/hchakrabar/miniconda3/envs/pt_env/lib/python3.10/site-packages/opencv_python_headless.libs/libgfortran-91cc3cb1.so.3.0.0
7f6f6431f000-7f6f6451f000 ---p 0011f000 fc:01 2330944                    /home/hchakrabar/miniconda3/envs/pt_env/lib/python3.10/site-packages/opencv_python_headless.libs/libgfortran-91cc3cb1.so.3.0.0
7f6f6451f000-7f6f64520000 r--p 0011f000 fc:01 2330944                    /home/hchakrabar/miniconda3/envs/pt_env/lib/python3.10/site-packages/opencv_python_headless.libs/libgfortran-91cc3cb1.so.3.0.0
7f6f64520000-7f6f64534000 rw-p 00120000 fc:01 2330944                    /home/hchakrabar/miniconda3/envs/pt_env/lib/python3.10/site-packages/opencv_python_headless.libs/libgfortran-91cc3cb1.so.3.0.0
7f6f64537000-7f6f6453e000 r--p 00000000 fc:01 1318784                    /home/hchakrabar/miniconda3/envs/pt_env/lib/python3.10/site-packages/_cbor2.cpython-310-x86_64-linux-gnu.so
7f6f6453e000-7f6f64550000 r-xp 00007000 fc:01 1318784                    /home/hchakrabar/miniconda3/envs/pt_env/lib/python3.10/site-packages/_cbor2.cpython-310-x86_64-linux-gnu.so
7f6f64550000-7f6f6455a000 r--p 00019000 fc:01 1318784                    /home/hchakrabar/miniconda3/envs/pt_env/lib/python3.10/site-packages/_cbor2.cpython-310-x86_64-linux-gnu.so
7f6f6455a000-7f6f6455b000 r--p 00022000 fc:01 1318784                    /home/hchakrabar/miniconda3/envs/pt_env/lib/python3.10/site-packages/_cbor2.cpython-310-x86_64-linux-gnu.so
7f6f6455b000-7f6f6455d000 rw-p 00023000 fc:01 1318784                    /home/hchakrabar/miniconda3/envs/pt_env/lib/python3.10/site-packages/_cbor2.cpython-310-x86_64-linux-gnu.so
7f6f6455d000-7f6f6455e000 rw-p 00000000 00:00 0 
7f6f6455e000-7f6f6456d000 r--p 00000000 fc:01 1321726                    /home/hchakrabar/miniconda3/envs/pt_env/lib/python3.10/site-packages/matplotlib/_image.cpython-310-x86_64-linux-gnu.so
7f6f6456d000-7f6f645b9000 r-xp 0000f000 fc:01 1321726                    /home/hchakrabar/miniconda3/envs/pt_env/lib/python3.10/site-packages/matplotlib/_image.cpython-310-x86_64-linux-gnu.so
7f6f645b9000-7f6f645c9000 r--p 0005b000 fc:01 1321726                    /home/hchakrabar/miniconda3/envs/pt_env/lib/python3.10/site-packages/matplotlib/_image.cpython-310-x86_64-linux-gnu.so
7f6f645c9000-7f6f645ca000 r--p 0006a000 fc:01 1321726                    /home/hchakrabar/miniconda3/envs/pt_env/lib/python3.10/site-packages/matplotlib/_image.cpython-310-x86_64-linux-gnu.so
7f6f645ca000-7f6f645cb000 rw-p 0006b000 fc:01 1321726                    /home/hchakrabar/miniconda3/envs/pt_env/lib/python3.10/site-packages/matplotlib/_image.cpython-310-x86_64-linux-gnu.so
7f6f645cb000-7f6f645cc000 rw-p 00000000 00:00 0 
7f6f645cc000-7f6f645db000 r--p 00000000 fc:01 1321792                    /home/hchakrabar/miniconda3/envs/pt_env/lib/python3.10/site-packages/matplotlib/_path.cpython-310-x86_64-linux-gnu.so
7f6f645db000-7f6f64618000 r-xp 0000f000 fc:01 1321792                    /home/hchakrabar/miniconda3/envs/pt_env/lib/python3.10/site-packages/matplotlib/_path.cpython-310-x86_64-linux-gnu.so
7f6f64618000-7f6f64627000 r--p 0004c000 fc:01 1321792                    /home/hchakrabar/miniconda3/envs/pt_env/lib/python3.10/site-packages/matplotlib/_path.cpython-310-x86_64-linux-gnu.so
7f6f64627000-7f6f64628000 ---p 0005b000 fc:01 1321792                    /home/hchakrabar/miniconda3/envs/pt_env/lib/python3.10/site-packages/matplotlib/_path.cpython-310-x86_64-linux-gnu.so
7f6f64628000-7f6f64629000 r--p 0005b000 fc:01 1321792                    /home/hchakrabar/miniconda3/envs/pt_env/lib/python3.10/site-packages/matplotlib/_path.cpython-310-x86_64-linux-gnu.so
7f6f64629000-7f6f6462a000 rw-p 0005c000 fc:01 1321792                    /home/hchakrabar/miniconda3/envs/pt_env/lib/python3.10/site-packages/matplotlib/_path.cpython-310-x86_64-linux-gnu.so
7f6f6462a000-7f6f6462b000 rw-p 00000000 00:00 0 
7f6f6462b000-7f6f646a2000 r--p 00000000 fc:01 2330943                    /home/hchakrabar/miniconda3/envs/pt_env/lib/python3.10/site-packages/opencv_python_headless.libs/libcrypto-01067bc0.so.1.1
7f6f646a2000-7f6f6484d000 r-xp 00077000 fc:01 2330943                    /home/hchakrabar/miniconda3/envs/pt_env/lib/python3.10/site-packages/opencv_python_headless.libs/libcrypto-01067bc0.so.1.1
7f6f6484d000-7f6f648db000 r--p 00222000 fc:01 2330943                    /home/hchakrabar/miniconda3/envs/pt_env/lib/python3.10/site-packages/opencv_python_headless.libs/libcrypto-01067bc0.so.1.1
7f6f648db000-7f6f648dc000 ---p 002b0000 fc:01 2330943                    /home/hchakrabar/miniconda3/envs/pt_env/lib/python3.10/site-packages/opencv_python_headless.libs/libcrypto-01067bc0.so.1.1
7f6f648dc000-7f6f64907000 r--p 002b0000 fc:01 2330943                    /home/hchakrabar/miniconda3/envs/pt_env/lib/python3.10/site-packages/opencv_python_headless.libs/libcrypto-01067bc0.so.1.1
7f6f64907000-7f6f6490a000 rw-p 002db000 fc:01 2330943                    /home/hchakrabar/miniconda3/envs/pt_env/lib/python3.10/site-packages/opencv_python_headless.libs/libcrypto-01067bc0.so.1.1
7f6f6490a000-7f6f6490e000 rw-p 00000000 00:00 0 
7f6f6490e000-7f6f6492d000 rw-p 00333000 fc:01 2330943                    /home/hchakrabar/miniconda3/envs/pt_env/lib/python3.10/site-packages/opencv_python_headless.libs/libcrypto-01067bc0.so.1.1
7f6f6492d000-7f6f64949000 r--p 00000000 fc:01 2330948                    /home/hchakrabar/miniconda3/envs/pt_env/lib/python3.10/site-packages/opencv_python_headless.libs/libssl-28bef1ac.so.1.1
7f6f64949000-7f6f64999000 r-xp 0001c000 fc:01 2330948                    /home/hchakrabar/miniconda3/envs/pt_env/lib/python3.10/site-packages/opencv_python_headless.libs/libssl-28bef1ac.so.1.1
7f6f64999000-7f6f649b3000 r--p 0006c000 fc:01 2330948                    /home/hchakrabar/miniconda3/envs/pt_env/lib/python3.10/site-packages/opencv_python_headless.libs/libssl-28bef1ac.so.1.1
7f6f649b3000-7f6f649b4000 ---p 00086000 fc:01 2330948                    /home/hchakrabar/miniconda3/envs/pt_env/lib/python3.10/site-packages/opencv_python_headless.libs/libssl-28bef1ac.so.1.1
7f6f649b4000-7f6f649bc000 r--p 00086000 fc:01 2330948                    /home/hchakrabar/miniconda3/envs/pt_env/lib/python3.10/site-packages/opencv_python_headless.libs/libssl-28bef1ac.so.1.1
7f6f649bc000-7f6f649c1000 rw-p 0008e000 fc:01 2330948                    /home/hchakrabar/miniconda3/envs/pt_env/lib/python3.10/site-packages/opencv_python_headless.libs/libssl-28bef1ac.so.1.1
7f6f649c1000-7f6f649cc000 rw-p 000a9000 fc:01 2330948                    /home/hchakrabar/miniconda3/envs/pt_env/lib/python3.10/site-packages/opencv_python_headless.libs/libssl-28bef1ac.so.1.1
7f6f649cc000-7f6f649d2000 r--p 00000000 fc:01 2330951                    /home/hchakrabar/miniconda3/envs/pt_env/lib/python3.10/site-packages/opencv_python_headless.libs/libvpx-127417df.so.11.0.0
7f6f649d2000-7f6f64ca1000 r-xp 00006000 fc:01 2330951                    /home/hchakrabar/miniconda3/envs/pt_env/lib/python3.10/site-packages/opencv_python_headless.libs/libvpx-127417df.so.11.0.0
7f6f64ca1000-7f6f64cf1000 r--p 002d5000 fc:01 2330951                    /home/hchakrabar/miniconda3/envs/pt_env/lib/python3.10/site-packages/opencv_python_headless.libs/libvpx-127417df.so.11.0.0
7f6f64cf1000-7f6f64cf4000 r--p 00324000 fc:01 2330951                    /home/hchakrabar/miniconda3/envs/pt_env/lib/python3.10/site-packages/opencv_python_headless.libs/libvpx-127417df.so.11.0.0
7f6f64cf4000-7f6f64cf5000 rw-p 00327000 fc:01 2330951                    /home/hchakrabar/miniconda3/envs/pt_env/lib/python3.10/site-packages/opencv_python_headless.libs/libvpx-127417df.so.11.0.0
7f6f64cf5000-7f6f64cfc000 rw-p 00000000 00:00 0 
7f6f64cfc000-7f6f64cfd000 rw-p 0035c000 fc:01 2330951                    /home/hchakrabar/miniconda3/envs/pt_env/lib/python3.10/site-packages/opencv_python_headless.libs/libvpx-127417df.so.11.0.0
7f6f64cfd000-7f6f64d14000 r--p 00000000 fc:01 2330938                    /home/hchakrabar/miniconda3/envs/pt_env/lib/python3.10/site-packages/opencv_python_headless.libs/libaom-49d00b71.so.3.12.1
7f6f64d14000-7f6f652a7000 r-xp 00017000 fc:01 2330938                    /home/hchakrabar/miniconda3/envs/pt_env/lib/python3.10/site-packages/opencv_python_headless.libs/libaom-49d00b71.so.3.12.1
7f6f652a7000-7f6f6539c000 r--p 005aa000 fc:01 2330938                    /home/hchakrabar/miniconda3/envs/pt_env/lib/python3.10/site-packages/opencv_python_headless.libs/libaom-49d00b71.so.3.12.1
7f6f6539c000-7f6f653ac000 r--p 0069e000 fc:01 2330938                    /home/hchakrabar/miniconda3/envs/pt_env/lib/python3.10/site-packages/opencv_python_headless.libs/libaom-49d00b71.so.3.12.1
7f6f653ac000-7f6f653b3000 rw-p 006ae000 fc:01 2330938                    /home/hchakrabar/miniconda3/envs/pt_env/lib/python3.10/site-packages/opencv_python_headless.libs/libaom-49d00b71.so.3.12.1
7f6f653b3000-7f6f653ff000 rw-p 00000000 00:00 0 
7f6f653ff000-7f6f65400000 rw-p 00728000 fc:01 2330938                    /home/hchakrabar/miniconda3/envs/pt_env/lib/python3.10/site-packages/opencv_python_headless.libs/libaom-49d00b71.so.3.12.1
7f6f65400000-7f6f676cc000 r-xp 00000000 fc:01 2330945                    /home/hchakrabar/miniconda3/envs/pt_env/lib/python3.10/site-packages/opencv_python_headless.libs/libopenblas-r0-f650aae0.3.3.so
7f6f676cc000-7f6f678cb000 ---p 022cc000 fc:01 2330945                    /home/hchakrabar/miniconda3/envs/pt_env/lib/python3.10/site-packages/opencv_python_headless.libs/libopenblas-r0-f650aae0.3.3.so
7f6f678cb000-7f6f678cf000 r--p 022cb000 fc:01 2330945                    /home/hchakrabar/miniconda3/envs/pt_env/lib/python3.10/site-packages/opencv_python_headless.libs/libopenblas-r0-f650aae0.3.3.so
7f6f678cf000-7f6f678e9000 rw-p 022cf000 fc:01 2330945                    /home/hchakrabar/miniconda3/envs/pt_env/lib/python3.10/site-packages/opencv_python_headless.libs/libopenblas-r0-f650aae0.3.3.so
7f6f678e9000-7f6f678f4000 rw-p 00000000 00:00 0 
7f6f678f4000-7f6f6798e000 rw-p 022ff000 fc:01 2330945                    /home/hchakrabar/miniconda3/envs/pt_env/lib/python3.10/site-packages/opencv_python_headless.libs/libopenblas-r0-f650aae0.3.3.so
7f6f67992000-7f6f67996000 r--p 00000000 fc:01 2330736                    /home/hchakrabar/miniconda3/envs/pt_env/lib/python3.10/site-packages/propcache/_helpers_c.cpython-310-x86_64-linux-gnu.so
7f6f67996000-7f6f679a2000 r-xp 00004000 fc:01 2330736                    /home/hchakrabar/miniconda3/envs/pt_env/lib/python3.10/site-packages/propcache/_helpers_c.cpython-310-x86_64-linux-gnu.so
7f6f679a2000-7f6f679a6000 r--p 00010000 fc:01 2330736                    /home/hchakrabar/miniconda3/envs/pt_env/lib/python3.10/site-packages/propcache/_helpers_c.cpython-310-x86_64-linux-gnu.so
7f6f679a6000-7f6f679a7000 r--p 00013000 fc:01 2330736                    /home/hchakrabar/miniconda3/envs/pt_env/lib/python3.10/site-packages/propcache/_helpers_c.cpython-310-x86_64-linux-gnu.so
7f6f679a7000-7f6f679a8000 rw-p 00014000 fc:01 2330736                    /home/hchakrabar/miniconda3/envs/pt_env/lib/python3.10/site-packages/propcache/_helpers_c.cpython-310-x86_64-linux-gnu.so
7f6f679a8000-7f6f679a9000 rw-p 00000000 00:00 0 
7f6f679a9000-7f6f679b9000 -w-s 00000000 00:05 683                        /dev/nvidia1
7f6f679b9000-7f6f679c9000 -w-s 00000000 00:05 677                        /dev/nvidia0
7f6f679c9000-7f6f679d6000 r--p 00000000 fc:01 1321661                    /home/hchakrabar/miniconda3/envs/pt_env/lib/python3.10/site-packages/matplotlib/_c_internal_utils.cpython-310-x86_64-linux-gnu.so
7f6f679d6000-7f6f679ed000 r-xp 0000d000 fc:01 1321661                    /home/hchakrabar/miniconda3/envs/pt_env/lib/python3.10/site-packages/matplotlib/_c_internal_utils.cpython-310-x86_64-linux-gnu.so
7f6f679ed000-7f6f679f5000 r--p 00024000 fc:01 1321661                    /home/hchakrabar/miniconda3/envs/pt_env/lib/python3.10/site-packages/matplotlib/_c_internal_utils.cpython-310-x86_64-linux-gnu.so
7f6f679f5000-7f6f679f6000 ---p 0002c000 fc:01 1321661                    /home/hchakrabar/miniconda3/envs/pt_env/lib/python3.10/site-packages/matplotlib/_c_internal_utils.cpython-310-x86_64-linux-gnu.so
7f6f679f6000-7f6f679f7000 r--p 0002c000 fc:01 1321661                    /home/hchakrabar/miniconda3/envs/pt_env/lib/python3.10/site-packages/matplotlib/_c_internal_utils.cpython-310-x86_64-linux-gnu.so
7f6f679f7000-7f6f679f8000 rw-p 0002d000 fc:01 1321661                    /home/hchakrabar/miniconda3/envs/pt_env/lib/python3.10/site-packages/matplotlib/_c_internal_utils.cpython-310-x86_64-linux-gnu.so
7f6f679f8000-7f6f679fb000 r--p 00000000 fc:01 2330949                    /home/hchakrabar/miniconda3/envs/pt_env/lib/python3.10/site-packages/opencv_python_headless.libs/libswresample-3e7db482.so.4.7.100
7f6f679fb000-7f6f67a0f000 r-xp 00003000 fc:01 2330949                    /home/hchakrabar/miniconda3/envs/pt_env/lib/python3.10/site-packages/opencv_python_headless.libs/libswresample-3e7db482.so.4.7.100
7f6f67a0f000-7f6f67a14000 r--p 00017000 fc:01 2330949                    /home/hchakrabar/miniconda3/envs/pt_env/lib/python3.10/site-packages/opencv_python_headless.libs/libswresample-3e7db482.so.4.7.100
7f6f67a14000-7f6f67a15000 ---p 0001c000 fc:01 2330949                    /home/hchakrabar/miniconda3/envs/pt_env/lib/python3.10/site-packages/opencv_python_headless.libs/libswresample-3e7db482.so.4.7.100
7f6f67a15000-7f6f67a17000 r--p 0001c000 fc:01 2330949                    /home/hchakrabar/miniconda3/envs/pt_env/lib/python3.10/site-packages/opencv_python_headless.libs/libswresample-3e7db482.so.4.7.100
7f6f67a17000-7f6f67a1a000 rw-p 0001e000 fc:01 2330949                    /home/hchakrabar/miniconda3/envs/pt_env/lib/python3.10/site-packages/opencv_python_headless.libs/libswresample-3e7db482.so.4.7.100
7f6f67a1a000-7f6f67a1d000 r--p 00000000 fc:01 2330950                    /home/hchakrabar/miniconda3/envs/pt_env/lib/python3.10/site-packages/opencv_python_headless.libs/libswscale-95ddd674.so.6.7.100
7f6f67a1d000-7f6f67a9e000 r-xp 00003000 fc:01 2330950                    /home/hchakrabar/miniconda3/envs/pt_env/lib/python3.10/site-packages/opencv_python_headless.libs/libswscale-95ddd674.so.6.7.100
7f6f67a9e000-7f6f67aae000 r--p 00084000 fc:01 2330950                    /home/hchakrabar/miniconda3/envs/pt_env/lib/python3.10/site-packages/opencv_python_headless.libs/libswscale-95ddd674.so.6.7.100
7f6f67aae000-7f6f67aaf000 ---p 00094000 fc:01 2330950                    /home/hchakrabar/miniconda3/envs/pt_env/lib/python3.10/site-packages/opencv_python_headless.libs/libswscale-95ddd674.so.6.7.100
7f6f67aaf000-7f6f67ab0000 r--p 00094000 fc:01 2330950                    /home/hchakrabar/miniconda3/envs/pt_env/lib/python3.10/site-packages/opencv_python_headless.libs/libswscale-95ddd674.so.6.7.100
7f6f67ab0000-7f6f67ab1000 rw-p 00095000 fc:01 2330950                    /home/hchakrabar/miniconda3/envs/pt_env/lib/python3.10/site-packages/opencv_python_headless.libs/libswscale-95ddd674.so.6.7.100
7f6f67ab1000-7f6f67ab9000 rw-p 00000000 00:00 0 
7f6f67ab9000-7f6f67abb000 rw-p 00096000 fc:01 2330950                    /home/hchakrabar/miniconda3/envs/pt_env/lib/python3.10/site-packages/opencv_python_headless.libs/libswscale-95ddd674.so.6.7.100
7f6f67abb000-7f6f67acd000 r--p 00000000 fc:01 2330942                    /home/hchakrabar/miniconda3/envs/pt_env/lib/python3.10/site-packages/opencv_python_headless.libs/libavutil-734d06dd.so.57.28.100
7f6f67acd000-7f6f67b5d000 r-xp 00012000 fc:01 2330942                    /home/hchakrabar/miniconda3/envs/pt_env/lib/python3.10/site-packages/opencv_python_headless.libs/libavutil-734d06dd.so.57.28.100
7f6f67b5d000-7f6f67b77000 r--p 000a2000 fc:01 2330942                    /home/hchakrabar/miniconda3/envs/pt_env/lib/python3.10/site-packages/opencv_python_headless.libs/libavutil-734d06dd.so.57.28.100
7f6f67b77000-7f6f67b78000 ---p 000bc000 fc:01 2330942                    /home/hchakrabar/miniconda3/envs/pt_env/lib/python3.10/site-packages/opencv_python_headless.libs/libavutil-734d06dd.so.57.28.100
7f6f67b78000-7f6f67b84000 r--p 000bc000 fc:01 2330942                    /home/hchakrabar/miniconda3/envs/pt_env/lib/python3.10/site-packages/opencv_python_headless.libs/libavutil-734d06dd.so.57.28.100
7f6f67b84000-7f6f67b85000 rw-p 000c8000 fc:01 2330942                    /home/hchakrabar/miniconda3/envs/pt_env/lib/python3.10/site-packages/opencv_python_headless.libs/libavutil-734d06dd.so.57.28.100
7f6f67b85000-7f6f67c94000 rw-p 00000000 00:00 0 
7f6f67c94000-7f6f67c99000 rw-p 000ca000 fc:01 2330942                    /home/hchakrabar/miniconda3/envs/pt_env/lib/python3.10/site-packages/opencv_python_headless.libs/libavutil-734d06dd.so.57.28.100
7f6f67c99000-7f6f67cd2000 r--p 00000000 fc:01 2330940                    /home/hchakrabar/miniconda3/envs/pt_env/lib/python3.10/site-packages/opencv_python_headless.libs/libavformat-d296e685.so.59.27.100
7f6f67cd2000-7f6f67e5c000 r-xp 00039000 fc:01 2330940                    /home/hchakrabar/miniconda3/envs/pt_env/lib/python3.10/site-packages/opencv_python_headless.libs/libavformat-d296e685.so.59.27.100
7f6f67e5c000-7f6f67ed3000 r--p 001c3000 fc:01 2330940                    /home/hchakrabar/miniconda3/envs/pt_env/lib/python3.10/site-packages/opencv_python_headless.libs/libavformat-d296e685.so.59.27.100
7f6f67ed3000-7f6f67f05000 r--p 00239000 fc:01 2330940                    /home/hchakrabar/miniconda3/envs/pt_env/lib/python3.10/site-packages/opencv_python_headless.libs/libavformat-d296e685.so.59.27.100
7f6f67f05000-7f6f67f0e000 rw-p 0026b000 fc:01 2330940                    /home/hchakrabar/miniconda3/envs/pt_env/lib/python3.10/site-packages/opencv_python_headless.libs/libavformat-d296e685.so.59.27.100
7f6f67f0e000-7f6f67f6b000 r--p 00000000 fc:01 2330939                    /home/hchakrabar/miniconda3/envs/pt_env/lib/python3.10/site-packages/opencv_python_headless.libs/libavcodec-e0dd92b8.so.59.37.100
7f6f67f6b000-7f6f6888d000 r-xp 0005d000 fc:01 2330939                    /home/hchakrabar/miniconda3/envs/pt_env/lib/python3.10/site-packages/opencv_python_headless.libs/libavcodec-e0dd92b8.so.59.37.100
7f6f6888d000-7f6f68b81000 r--p 0097f000 fc:01 2330939                    /home/hchakrabar/miniconda3/envs/pt_env/lib/python3.10/site-packages/opencv_python_headless.libs/libavcodec-e0dd92b8.so.59.37.100
7f6f68b81000-7f6f68bdb000 r--p 00c72000 fc:01 2330939                    /home/hchakrabar/miniconda3/envs/pt_env/lib/python3.10/site-packages/opencv_python_headless.libs/libavcodec-e0dd92b8.so.59.37.100
7f6f68bdb000-7f6f68bde000 rw-p 00ccc000 fc:01 2330939                    /home/hchakrabar/miniconda3/envs/pt_env/lib/python3.10/site-packages/opencv_python_headless.libs/libavcodec-e0dd92b8.so.59.37.100
7f6f68bde000-7f6f691b1000 rw-p 00000000 00:00 0 
7f6f691b1000-7f6f691b7000 rw-p 00ccf000 fc:01 2330939                    /home/hchakrabar/miniconda3/envs/pt_env/lib/python3.10/site-packages/opencv_python_headless.libs/libavcodec-e0dd92b8.so.59.37.100
7f6f691b7000-7f6f691bc000 r--p 00000000 fc:01 2330946                    /home/hchakrabar/miniconda3/envs/pt_env/lib/python3.10/site-packages/opencv_python_headless.libs/libpng16-04239421.so.16.48.0
7f6f691bc000-7f6f691de000 r-xp 00005000 fc:01 2330946                    /home/hchakrabar/miniconda3/envs/pt_env/lib/python3.10/site-packages/opencv_python_headless.libs/libpng16-04239421.so.16.48.0
7f6f691de000-7f6f691e9000 r--p 00027000 fc:01 2330946                    /home/hchakrabar/miniconda3/envs/pt_env/lib/python3.10/site-packages/opencv_python_headless.libs/libpng16-04239421.so.16.48.0
7f6f691e9000-7f6f691ea000 r--p 00031000 fc:01 2330946                    /home/hchakrabar/miniconda3/envs/pt_env/lib/python3.10/site-packages/opencv_python_headless.libs/libpng16-04239421.so.16.48.0
7f6f691ea000-7f6f691eb000 rw-p 00032000 fc:01 2330946                    /home/hchakrabar/miniconda3/envs/pt_env/lib/python3.10/site-packages/opencv_python_headless.libs/libpng16-04239421.so.16.48.0
7f6f691eb000-7f6f691ed000 rw-p 00109000 fc:01 2330946                    /home/hchakrabar/miniconda3/envs/pt_env/lib/python3.10/site-packages/opencv_python_headless.libs/libpng16-04239421.so.16.48.0
7f6f691ed000-7f6f69208000 r--p 00000000 fc:01 2330941                    /home/hchakrabar/miniconda3/envs/pt_env/lib/python3.10/site-packages/opencv_python_headless.libs/libavif-850e7649.so.16.3.0
7f6f69208000-7f6f692a1000 r-xp 0001b000 fc:01 2330941                    /home/hchakrabar/miniconda3/envs/pt_env/lib/python3.10/site-packages/opencv_python_headless.libs/libavif-850e7649.so.16.3.0
7f6f692a1000-7f6f692c1000 r--p 000b4000 fc:01 2330941                    /home/hchakrabar/miniconda3/envs/pt_env/lib/python3.10/site-packages/opencv_python_headless.libs/libavif-850e7649.so.16.3.0
7f6f692c1000-7f6f692c5000 r--p 000d3000 fc:01 2330941                    /home/hchakrabar/miniconda3/envs/pt_env/lib/python3.10/site-packages/opencv_python_headless.libs/libavif-850e7649.so.16.3.0
7f6f692c5000-7f6f692c7000 rw-p 000d7000 fc:01 2330941                    /home/hchakrabar/miniconda3/envs/pt_env/lib/python3.10/site-packages/opencv_python_headless.libs/libavif-850e7649.so.16.3.0
7f6f692c7000-7f6f692d7000 rw-p 000f7000 fc:01 2330941                    /home/hchakrabar/miniconda3/envs/pt_env/lib/python3.10/site-packages/opencv_python_headless.libs/libavif-850e7649.so.16.3.0
7f6f692d7000-7f6f694bb000 r--p 00000000 fc:01 2330816                    /home/hchakrabar/miniconda3/envs/pt_env/lib/python3.10/site-packages/cv2/cv2.abi3.so
7f6f694bb000-7f6f6c7ec000 r-xp 001e4000 fc:01 2330816                    /home/hchakrabar/miniconda3/envs/pt_env/lib/python3.10/site-packages/cv2/cv2.abi3.so
7f6f6c7ec000-7f6f6d15a000 r--p 03515000 fc:01 2330816                    /home/hchakrabar/miniconda3/envs/pt_env/lib/python3.10/site-packages/cv2/cv2.abi3.so
7f6f6d15a000-7f6f6d1f1000 r--p 03e82000 fc:01 2330816                    /home/hchakrabar/miniconda3/envs/pt_env/lib/python3.10/site-packages/cv2/cv2.abi3.so
7f6f6d1f1000-7f6f6d253000 rw-p 03f19000 fc:01 2330816                    /home/hchakrabar/miniconda3/envs/pt_env/lib/python3.10/site-packages/cv2/cv2.abi3.so
7f6f6d253000-7f6f6d36a000 rw-p 00000000 00:00 0 
7f6f6d36a000-7f6f6d374000 rw-p 03f7b000 fc:01 2330816                    /home/hchakrabar/miniconda3/envs/pt_env/lib/python3.10/site-packages/cv2/cv2.abi3.so
7f6f6d374000-7f6f6db74000 rw-p 00000000 00:00 0 
7f6f6db74000-7f6f71052000 r--p 00000000 fc:01 2104323                    /home/hchakrabar/miniconda3/envs/pt_env/lib/python3.10/site-packages/tensorflow/python/profiler/internal/_pywrap_profiler_plugin.so
7f6f71052000-7f6f7206b000 r-xp 034dd000 fc:01 2104323                    /home/hchakrabar/miniconda3/envs/pt_env/lib/python3.10/site-packages/tensorflow/python/profiler/internal/_pywrap_profiler_plugin.so
7f6f7206b000-7f6f720da000 r--p 044f5000 fc:01 2104323                    /home/hchakrabar/miniconda3/envs/pt_env/lib/python3.10/site-packages/tensorflow/python/profiler/internal/_pywrap_profiler_plugin.so
7f6f720da000-7f6f72149000 rw-p 04563000 fc:01 2104323                    /home/hchakrabar/miniconda3/envs/pt_env/lib/python3.10/site-packages/tensorflow/python/profiler/internal/_pywrap_profiler_plugin.so
7f6f72149000-7f6f7235b000 rw-p 00000000 00:00 0 
7f6f7235b000-7f6f72365000 r--p 00000000 fc:01 2103221                    /home/hchakrabar/miniconda3/envs/pt_env/lib/python3.10/site-packages/tensorflow/python/_pywrap_quantize_training.so
7f6f72365000-7f6f72377000 r-xp 00009000 fc:01 2103221                    /home/hchakrabar/miniconda3/envs/pt_env/lib/python3.10/site-packages/tensorflow/python/_pywrap_quantize_training.so
7f6f72377000-7f6f72379000 r--p 0001a000 fc:01 2103221                    /home/hchakrabar/miniconda3/envs/pt_env/lib/python3.10/site-packages/tensorflow/python/_pywrap_quantize_training.so
7f6f72379000-7f6f7237a000 rw-p 0001b000 fc:01 2103221                    /home/hchakrabar/miniconda3/envs/pt_env/lib/python3.10/site-packages/tensorflow/python/_pywrap_quantize_training.so
7f6f7237a000-7f6f72388000 r--p 00000000 fc:01 2103863                    /home/hchakrabar/miniconda3/envs/pt_env/lib/python3.10/site-packages/tensorflow/python/tpu/_pywrap_sparse_core_layout.so
7f6f72388000-7f6f7239f000 r-xp 0000d000 fc:01 2103863                    /home/hchakrabar/miniconda3/envs/pt_env/lib/python3.10/site-packages/tensorflow/python/tpu/_pywrap_sparse_core_layout.so
7f6f7239f000-7f6f723a1000 r--p 00023000 fc:01 2103863                    /home/hchakrabar/miniconda3/envs/pt_env/lib/python3.10/site-packages/tensorflow/python/tpu/_pywrap_sparse_core_layout.so
7f6f723a1000-7f6f723a2000 rw-p 00024000 fc:01 2103863                    /home/hchakrabar/miniconda3/envs/pt_env/lib/python3.10/site-packages/tensorflow/python/tpu/_pywrap_sparse_core_layout.so
7f6f723a2000-7f6f725a2000 rw-p 00000000 00:00 0 
7f6f725a2000-7f6f725b2000 r--p 00000000 fc:01 2083705                    /home/hchakrabar/miniconda3/envs/pt_env/lib/python3.10/site-packages/tensorflow/compiler/mlir/quantization/tensorflow/python/pywrap_quantize_model.so
7f6f725b2000-7f6f725ca000 r-xp 0000f000 fc:01 2083705                    /home/hchakrabar/miniconda3/envs/pt_env/lib/python3.10/site-packages/tensorflow/compiler/mlir/quantization/tensorflow/python/pywrap_quantize_model.so
7f6f725ca000-7f6f725cc000 r--p 00026000 fc:01 2083705                    /home/hchakrabar/miniconda3/envs/pt_env/lib/python3.10/site-packages/tensorflow/compiler/mlir/quantization/tensorflow/python/pywrap_quantize_model.so
7f6f725cc000-7f6f725cd000 rw-p 00027000 fc:01 2083705                    /home/hchakrabar/miniconda3/envs/pt_env/lib/python3.10/site-packages/tensorflow/compiler/mlir/quantization/tensorflow/python/pywrap_quantize_model.so
7f6f725cd000-7f6f725d9000 r--p 00000000 fc:01 2103962                    /home/hchakrabar/miniconda3/envs/pt_env/lib/python3.10/site-packages/tensorflow/python/util/_pywrap_tfprof.so
7f6f725d9000-7f6f725eb000 r-xp 0000b000 fc:01 2103962                    /home/hchakrabar/miniconda3/envs/pt_env/lib/python3.10/site-packages/tensorflow/python/util/_pywrap_tfprof.so
7f6f725eb000-7f6f725ed000 r--p 0001c000 fc:01 2103962                    /home/hchakrabar/miniconda3/envs/pt_env/lib/python3.10/site-packages/tensorflow/python/util/_pywrap_tfprof.so
7f6f725ed000-7f6f725ee000 rw-p 0001d000 fc:01 2103962                    /home/hchakrabar/miniconda3/envs/pt_env/lib/python3.10/site-packages/tensorflow/python/util/_pywrap_tfprof.so
7f6f725ee000-7f6f726ee000 rw-p 00000000 00:00 0 
7f6f726ee000-7f6f726fa000 r--p 00000000 fc:01 2103237                    /home/hchakrabar/miniconda3/envs/pt_env/lib/python3.10/site-packages/tensorflow/python/_pywrap_mlir.so
7f6f726fa000-7f6f7270f000 r-xp 0000b000 fc:01 2103237                    /home/hchakrabar/miniconda3/envs/pt_env/lib/python3.10/site-packages/tensorflow/python/_pywrap_mlir.so
7f6f7270f000-7f6f72711000 r--p 0001f000 fc:01 2103237                    /home/hchakrabar/miniconda3/envs/pt_env/lib/python3.10/site-packages/tensorflow/python/_pywrap_mlir.so
7f6f72711000-7f6f72712000 rw-p 00020000 fc:01 2103237                    /home/hchakrabar/miniconda3/envs/pt_env/lib/python3.10/site-packages/tensorflow/python/_pywrap_mlir.so
7f6f72712000-7f6f72757000 r--p 00000000 fc:01 2104914                    /home/hchakrabar/miniconda3/envs/pt_env/lib/python3.10/site-packages/tensorflow/lite/experimental/microfrontend/python/ops/_audio_microfrontend_op.so
7f6f72757000-7f6f727ec000 r-xp 00044000 fc:01 2104914                    /home/hchakrabar/miniconda3/envs/pt_env/lib/python3.10/site-packages/tensorflow/lite/experimental/microfrontend/python/ops/_audio_microfrontend_op.so
7f6f727ec000-7f6f727f2000 r--p 000d9000 fc:01 2104914                    /home/hchakrabar/miniconda3/envs/pt_env/lib/python3.10/site-packages/tensorflow/lite/experimental/microfrontend/python/ops/_audio_microfrontend_op.so
7f6f727f2000-7f6f727f3000 rw-p 000de000 fc:01 2104914                    /home/hchakrabar/miniconda3/envs/pt_env/lib/python3.10/site-packages/tensorflow/lite/experimental/microfrontend/python/ops/_audio_microfrontend_op.so
7f6f727f3000-7f6f72af5000 rw-p 00000000 00:00 0 
7f6f72af5000-7f6f72b07000 r--p 00000000 fc:01 2083709                    /home/hchakrabar/miniconda3/envs/pt_env/lib/python3.10/site-packages/tensorflow/compiler/mlir/quantization/tensorflow/python/pywrap_function_lib.so
7f6f72b07000-7f6f72b25000 r-xp 00011000 fc:01 2083709                    /home/hchakrabar/miniconda3/envs/pt_env/lib/python3.10/site-packages/tensorflow/compiler/mlir/quantization/tensorflow/python/pywrap_function_lib.so
7f6f72b25000-7f6f72b27000 r--p 0002e000 fc:01 2083709                    /home/hchakrabar/miniconda3/envs/pt_env/lib/python3.10/site-packages/tensorflow/compiler/mlir/quantization/tensorflow/python/pywrap_function_lib.so
7f6f72b27000-7f6f72b28000 rw-p 0002f000 fc:01 2083709                    /home/hchakrabar/miniconda3/envs/pt_env/lib/python3.10/site-packages/tensorflow/compiler/mlir/quantization/tensorflow/python/pywrap_function_lib.so
7f6f72b28000-7f6f72b34000 r--p 00000000 fc:01 2083686                    /home/hchakrabar/miniconda3/envs/pt_env/lib/python3.10/site-packages/tensorflow/compiler/mlir/lite/python/_pywrap_converter_api.so
7f6f72b34000-7f6f72b49000 r-xp 0000b000 fc:01 2083686                    /home/hchakrabar/miniconda3/envs/pt_env/lib/python3.10/site-packages/tensorflow/compiler/mlir/lite/python/_pywrap_converter_api.so
7f6f72b49000-7f6f72b4b000 r--p 0001f000 fc:01 2083686                    /home/hchakrabar/miniconda3/envs/pt_env/lib/python3.10/site-packages/tensorflow/compiler/mlir/lite/python/_pywrap_converter_api.so
7f6f72b4b000-7f6f72b4c000 rw-p 00020000 fc:01 2083686                    /home/hchakrabar/miniconda3/envs/pt_env/lib/python3.10/site-packages/tensorflow/compiler/mlir/lite/python/_pywrap_converter_api.so
7f6f72b4c000-7f6f72c4c000 rw-p 00000000 00:00 0 
7f6f72c4c000-7f6f72c56000 r--p 00000000 fc:01 2104276                    /home/hchakrabar/miniconda3/envs/pt_env/lib/python3.10/site-packages/tensorflow/python/framework/_pywrap_python_op_gen.so
7f6f72c56000-7f6f72c67000 r-xp 00009000 fc:01 2104276                    /home/hchakrabar/miniconda3/envs/pt_env/lib/python3.10/site-packages/tensorflow/python/framework/_pywrap_python_op_gen.so
7f6f72c67000-7f6f72c69000 r--p 00019000 fc:01 2104276                    /home/hchakrabar/miniconda3/envs/pt_env/lib/python3.10/site-packages/tensorflow/python/framework/_pywrap_python_op_gen.so
7f6f72c69000-7f6f72c6a000 rw-p 0001a000 fc:01 2104276                    /home/hchakrabar/miniconda3/envs/pt_env/lib/python3.10/site-packages/tensorflow/python/framework/_pywrap_python_op_gen.so
7f6f72c6a000-7f6f72d6a000 rw-p 00000000 00:00 0 
7f6f72d6a000-7f6f72d76000 r--p 00000000 fc:01 2103893                    /home/hchakrabar/miniconda3/envs/pt_env/lib/python3.10/site-packages/tensorflow/python/client/_pywrap_debug_events_writer.so
7f6f72d76000-7f6f72d8b000 r-xp 0000b000 fc:01 2103893                    /home/hchakrabar/miniconda3/envs/pt_env/lib/python3.10/site-packages/tensorflow/python/client/_pywrap_debug_events_writer.so
7f6f72d8b000-7f6f72d8c000 r--p 0001f000 fc:01 2103893                    /home/hchakrabar/miniconda3/envs/pt_env/lib/python3.10/site-packages/tensorflow/python/client/_pywrap_debug_events_writer.so
7f6f72d8c000-7f6f72d8e000 rw-p 0001f000 fc:01 2103893                    /home/hchakrabar/miniconda3/envs/pt_env/lib/python3.10/site-packages/tensorflow/python/client/_pywrap_debug_events_writer.so
7f6f72d8e000-7f6f72e8e000 rw-p 00000000 00:00 0 
7f6f72e8e000-7f6f72e9a000 r--p 00000000 fc:01 2103966                    /home/hchakrabar/miniconda3/envs/pt_env/lib/python3.10/site-packages/tensorflow/python/util/fast_module_type.so
7f6f72e9a000-7f6f72eac000 r-xp 0000b000 fc:01 2103966                    /home/hchakrabar/miniconda3/envs/pt_env/lib/python3.10/site-packages/tensorflow/python/util/fast_module_type.so
7f6f72eac000-7f6f72eae000 r--p 0001c000 fc:01 2103966                    /home/hchakrabar/miniconda3/envs/pt_env/lib/python3.10/site-packages/tensorflow/python/util/fast_module_type.so
7f6f72eae000-7f6f72eaf000 rw-p 0001d000 fc:01 2103966                    /home/hchakrabar/miniconda3/envs/pt_env/lib/python3.10/site-packages/tensorflow/python/util/fast_module_type.so
7f6f72eaf000-7f6f72faf000 rw-p 00000000 00:00 0 
7f6f72faf000-7f6f72fb5000 r--p 00000000 fc:01 2080592                    /home/hchakrabar/miniconda3/envs/pt_env/lib/python3.10/site-packages/h5py/_selector.cpython-310-x86_64-linux-gnu.so
7f6f72fb5000-7f6f72fdd000 r-xp 00006000 fc:01 2080592                    /home/hchakrabar/miniconda3/envs/pt_env/lib/python3.10/site-packages/h5py/_selector.cpython-310-x86_64-linux-gnu.so
7f6f72fdd000-7f6f72fe6000 r--p 0002e000 fc:01 2080592                    /home/hchakrabar/miniconda3/envs/pt_env/lib/python3.10/site-packages/h5py/_selector.cpython-310-x86_64-linux-gnu.so
7f6f72fe6000-7f6f72fe7000 r--p 00037000 fc:01 2080592                    /home/hchakrabar/miniconda3/envs/pt_env/lib/python3.10/site-packages/h5py/_selector.cpython-310-x86_64-linux-gnu.so
7f6f72fe7000-7f6f72fe9000 rw-p 00038000 fc:01 2080592                    /home/hchakrabar/miniconda3/envs/pt_env/lib/python3.10/site-packages/h5py/_selector.cpython-310-x86_64-linux-gnu.so
7f6f72fe9000-7f6f72fea000 rw-p 00000000 00:00 0 
7f6f72fea000-7f6f72fef000 rw-p 00059000 fc:01 2080592                    /home/hchakrabar/miniconda3/envs/pt_env/lib/python3.10/site-packages/h5py/_selector.cpython-310-x86_64-linux-gnu.so
7f6f72fef000-7f6f72ff4000 r--p 00000000 fc:01 2080603                    /home/hchakrabar/miniconda3/envs/pt_env/lib/python3.10/site-packages/h5py/h5l.cpython-310-x86_64-linux-gnu.so
7f6f72ff4000-7f6f73011000 r-xp 00005000 fc:01 2080603                    /home/hchakrabar/miniconda3/envs/pt_env/lib/python3.10/site-packages/h5py/h5l.cpython-310-x86_64-linux-gnu.so
7f6f73011000-7f6f73019000 r--p 00022000 fc:01 2080603                    /home/hchakrabar/miniconda3/envs/pt_env/lib/python3.10/site-packages/h5py/h5l.cpython-310-x86_64-linux-gnu.so
7f6f73019000-7f6f7301a000 r--p 0002a000 fc:01 2080603                    /home/hchakrabar/miniconda3/envs/pt_env/lib/python3.10/site-packages/h5py/h5l.cpython-310-x86_64-linux-gnu.so
7f6f7301a000-7f6f7301c000 rw-p 0002b000 fc:01 2080603                    /home/hchakrabar/miniconda3/envs/pt_env/lib/python3.10/site-packages/h5py/h5l.cpython-310-x86_64-linux-gnu.so
7f6f7301c000-7f6f7301f000 rw-p 00046000 fc:01 2080603                    /home/hchakrabar/miniconda3/envs/pt_env/lib/python3.10/site-packages/h5py/h5l.cpython-310-x86_64-linux-gnu.so
7f6f7301f000-7f6f73023000 r--p 00000000 fc:01 2080606                    /home/hchakrabar/miniconda3/envs/pt_env/lib/python3.10/site-packages/h5py/h5pl.cpython-310-x86_64-linux-gnu.so
7f6f73023000-7f6f73030000 r-xp 00004000 fc:01 2080606                    /home/hchakrabar/miniconda3/envs/pt_env/lib/python3.10/site-packages/h5py/h5pl.cpython-310-x86_64-linux-gnu.so
7f6f73030000-7f6f73034000 r--p 00011000 fc:01 2080606                    /home/hchakrabar/miniconda3/envs/pt_env/lib/python3.10/site-packages/h5py/h5pl.cpython-310-x86_64-linux-gnu.so
7f6f73034000-7f6f73035000 r--p 00015000 fc:01 2080606                    /home/hchakrabar/miniconda3/envs/pt_env/lib/python3.10/site-packages/h5py/h5pl.cpython-310-x86_64-linux-gnu.so
7f6f73035000-7f6f73036000 rw-p 00016000 fc:01 2080606                    /home/hchakrabar/miniconda3/envs/pt_env/lib/python3.10/site-packages/h5py/h5pl.cpython-310-x86_64-linux-gnu.so
7f6f73036000-7f6f73039000 rw-p 00025000 fc:01 2080606                    /home/hchakrabar/miniconda3/envs/pt_env/lib/python3.10/site-packages/h5py/h5pl.cpython-310-x86_64-linux-gnu.so
7f6f73039000-7f6f7303f000 r--p 00000000 fc:01 2080600                    /home/hchakrabar/miniconda3/envs/pt_env/lib/python3.10/site-packages/h5py/h5fd.cpython-310-x86_64-linux-gnu.so
7f6f7303f000-7f6f73069000 r-xp 00006000 fc:01 2080600                    /home/hchakrabar/miniconda3/envs/pt_env/lib/python3.10/site-packages/h5py/h5fd.cpython-310-x86_64-linux-gnu.so
7f6f73069000-7f6f73072000 r--p 00030000 fc:01 2080600                    /home/hchakrabar/miniconda3/envs/pt_env/lib/python3.10/site-packages/h5py/h5fd.cpython-310-x86_64-linux-gnu.so
7f6f73072000-7f6f73073000 r--p 00039000 fc:01 2080600                    /home/hchakrabar/miniconda3/envs/pt_env/lib/python3.10/site-packages/h5py/h5fd.cpython-310-x86_64-linux-gnu.so
7f6f73073000-7f6f73075000 rw-p 0003a000 fc:01 2080600                    /home/hchakrabar/miniconda3/envs/pt_env/lib/python3.10/site-packages/h5py/h5fd.cpython-310-x86_64-linux-gnu.so
7f6f73075000-7f6f7307a000 rw-p 0005d000 fc:01 2080600                    /home/hchakrabar/miniconda3/envs/pt_env/lib/python3.10/site-packages/h5py/h5fd.cpython-310-x86_64-linux-gnu.so
7f6f7307a000-7f6f73080000 r--p 00000000 fc:01 2080604                    /home/hchakrabar/miniconda3/envs/pt_env/lib/python3.10/site-packages/h5py/h5o.cpython-310-x86_64-linux-gnu.so
7f6f73080000-7f6f730a3000 r-xp 00006000 fc:01 2080604                    /home/hchakrabar/miniconda3/envs/pt_env/lib/python3.10/site-packages/h5py/h5o.cpython-310-x86_64-linux-gnu.so
7f6f730a3000-7f6f730ad000 r--p 00029000 fc:01 2080604                    /home/hchakrabar/miniconda3/envs/pt_env/lib/python3.10/site-packages/h5py/h5o.cpython-310-x86_64-linux-gnu.so
7f6f730ad000-7f6f730ae000 r--p 00033000 fc:01 2080604                    /home/hchakrabar/miniconda3/envs/pt_env/lib/python3.10/site-packages/h5py/h5o.cpython-310-x86_64-linux-gnu.so
7f6f730ae000-7f6f730b1000 rw-p 00034000 fc:01 2080604                    /home/hchakrabar/miniconda3/envs/pt_env/lib/python3.10/site-packages/h5py/h5o.cpython-310-x86_64-linux-gnu.so
7f6f730b1000-7f6f730b2000 rw-p 00000000 00:00 0 
7f6f730b2000-7f6f730b5000 rw-p 00058000 fc:01 2080604                    /home/hchakrabar/miniconda3/envs/pt_env/lib/python3.10/site-packages/h5py/h5o.cpython-310-x86_64-linux-gnu.so
7f6f730b5000-7f6f730b9000 r--p 00000000 fc:01 2080602                    /home/hchakrabar/miniconda3/envs/pt_env/lib/python3.10/site-packages/h5py/h5i.cpython-310-x86_64-linux-gnu.so
7f6f730b9000-7f6f730c8000 r-xp 00004000 fc:01 2080602                    /home/hchakrabar/miniconda3/envs/pt_env/lib/python3.10/site-packages/h5py/h5i.cpython-310-x86_64-linux-gnu.so
7f6f730c8000-7f6f730cd000 r--p 00013000 fc:01 2080602                    /home/hchakrabar/miniconda3/envs/pt_env/lib/python3.10/site-packages/h5py/h5i.cpython-310-x86_64-linux-gnu.so
7f6f730cd000-7f6f730ce000 r--p 00017000 fc:01 2080602                    /home/hchakrabar/miniconda3/envs/pt_env/lib/python3.10/site-packages/h5py/h5i.cpython-310-x86_64-linux-gnu.so
7f6f730ce000-7f6f730cf000 rw-p 00018000 fc:01 2080602                    /home/hchakrabar/miniconda3/envs/pt_env/lib/python3.10/site-packages/h5py/h5i.cpython-310-x86_64-linux-gnu.so
7f6f730cf000-7f6f730d2000 rw-p 00028000 fc:01 2080602                    /home/hchakrabar/miniconda3/envs/pt_env/lib/python3.10/site-packages/h5py/h5i.cpython-310-x86_64-linux-gnu.so
7f6f730d2000-7f6f730d8000 r--p 00000000 fc:01 2080601                    /home/hchakrabar/miniconda3/envs/pt_env/lib/python3.10/site-packages/h5py/h5g.cpython-310-x86_64-linux-gnu.so
7f6f730d8000-7f6f73105000 r-xp 00006000 fc:01 2080601                    /home/hchakrabar/miniconda3/envs/pt_env/lib/python3.10/site-packages/h5py/h5g.cpython-310-x86_64-linux-gnu.so
7f6f73105000-7f6f7310f000 r--p 00033000 fc:01 2080601                    /home/hchakrabar/miniconda3/envs/pt_env/lib/python3.10/site-packages/h5py/h5g.cpython-310-x86_64-linux-gnu.so
7f6f7310f000-7f6f73111000 r--p 0003c000 fc:01 2080601                    /home/hchakrabar/miniconda3/envs/pt_env/lib/python3.10/site-packages/h5py/h5g.cpython-310-x86_64-linux-gnu.so
7f6f73111000-7f6f73113000 rw-p 0003e000 fc:01 2080601                    /home/hchakrabar/miniconda3/envs/pt_env/lib/python3.10/site-packages/h5py/h5g.cpython-310-x86_64-linux-gnu.so
7f6f73113000-7f6f73114000 rw-p 00000000 00:00 0 
7f6f73114000-7f6f73117000 rw-p 00063000 fc:01 2080601                    /home/hchakrabar/miniconda3/envs/pt_env/lib/python3.10/site-packages/h5py/h5g.cpython-310-x86_64-linux-gnu.so
7f6f73117000-7f6f7311d000 r--p 00000000 fc:01 2080599                    /home/hchakrabar/miniconda3/envs/pt_env/lib/python3.10/site-packages/h5py/h5f.cpython-310-x86_64-linux-gnu.so
7f6f7311d000-7f6f73144000 r-xp 00006000 fc:01 2080599                    /home/hchakrabar/miniconda3/envs/pt_env/lib/python3.10/site-packages/h5py/h5f.cpython-310-x86_64-linux-gnu.so
7f6f73144000-7f6f7314e000 r--p 0002d000 fc:01 2080599                    /home/hchakrabar/miniconda3/envs/pt_env/lib/python3.10/site-packages/h5py/h5f.cpython-310-x86_64-linux-gnu.so
7f6f7314e000-7f6f7314f000 r--p 00037000 fc:01 2080599                    /home/hchakrabar/miniconda3/envs/pt_env/lib/python3.10/site-packages/h5py/h5f.cpython-310-x86_64-linux-gnu.so
7f6f7314f000-7f6f73151000 rw-p 00038000 fc:01 2080599                    /home/hchakrabar/miniconda3/envs/pt_env/lib/python3.10/site-packages/h5py/h5f.cpython-310-x86_64-linux-gnu.so
7f6f73151000-7f6f73152000 rw-p 00000000 00:00 0 
7f6f73152000-7f6f73155000 rw-p 0005b000 fc:01 2080599                    /home/hchakrabar/miniconda3/envs/pt_env/lib/python3.10/site-packages/h5py/h5f.cpython-310-x86_64-linux-gnu.so
7f6f73155000-7f6f7315a000 r--p 00000000 fc:01 2080598                    /home/hchakrabar/miniconda3/envs/pt_env/lib/python3.10/site-packages/h5py/h5ds.cpython-310-x86_64-linux-gnu.so
7f6f7315a000-7f6f73170000 r-xp 00005000 fc:01 2080598                    /home/hchakrabar/miniconda3/envs/pt_env/lib/python3.10/site-packages/h5py/h5ds.cpython-310-x86_64-linux-gnu.so
7f6f73170000-7f6f73176000 r--p 0001b000 fc:01 2080598                    /home/hchakrabar/miniconda3/envs/pt_env/lib/python3.10/site-packages/h5py/h5ds.cpython-310-x86_64-linux-gnu.so
7f6f73176000-7f6f73177000 r--p 00021000 fc:01 2080598                    /home/hchakrabar/miniconda3/envs/pt_env/lib/python3.10/site-packages/h5py/h5ds.cpython-310-x86_64-linux-gnu.so
7f6f73177000-7f6f73178000 rw-p 00022000 fc:01 2080598                    /home/hchakrabar/miniconda3/envs/pt_env/lib/python3.10/site-packages/h5py/h5ds.cpython-310-x86_64-linux-gnu.so
7f6f73178000-7f6f73179000 rw-p 00000000 00:00 0 
7f6f73179000-7f6f7317c000 rw-p 00037000 fc:01 2080598                    /home/hchakrabar/miniconda3/envs/pt_env/lib/python3.10/site-packages/h5py/h5ds.cpython-310-x86_64-linux-gnu.so
7f6f7317c000-7f6f73184000 r--p 00000000 fc:01 2080597                    /home/hchakrabar/miniconda3/envs/pt_env/lib/python3.10/site-packages/h5py/h5d.cpython-310-x86_64-linux-gnu.so
7f6f73184000-7f6f731cc000 r-xp 00008000 fc:01 2080597                    /home/hchakrabar/miniconda3/envs/pt_env/lib/python3.10/site-packages/h5py/h5d.cpython-310-x86_64-linux-gnu.so
7f6f731cc000-7f6f731dc000 r--p 00050000 fc:01 2080597                    /home/hchakrabar/miniconda3/envs/pt_env/lib/python3.10/site-packages/h5py/h5d.cpython-310-x86_64-linux-gnu.so
7f6f731dc000-7f6f731de000 r--p 00060000 fc:01 2080597                    /home/hchakrabar/miniconda3/envs/pt_env/lib/python3.10/site-packages/h5py/h5d.cpython-310-x86_64-linux-gnu.so
7f6f731de000-7f6f731e1000 rw-p 00062000 fc:01 2080597                    /home/hchakrabar/miniconda3/envs/pt_env/lib/python3.10/site-packages/h5py/h5d.cpython-310-x86_64-linux-gnu.so
7f6f731e1000-7f6f731e2000 rw-p 00000000 00:00 0 
7f6f731e2000-7f6f731e7000 rw-p 0009a000 fc:01 2080597                    /home/hchakrabar/miniconda3/envs/pt_env/lib/python3.10/site-packages/h5py/h5d.cpython-310-x86_64-linux-gnu.so
7f6f731e7000-7f6f731ec000 r--p 00000000 fc:01 2080595                    /home/hchakrabar/miniconda3/envs/pt_env/lib/python3.10/site-packages/h5py/h5a.cpython-310-x86_64-linux-gnu.so
7f6f731ec000-7f6f7320f000 r-xp 00005000 fc:01 2080595                    /home/hchakrabar/miniconda3/envs/pt_env/lib/python3.10/site-packages/h5py/h5a.cpython-310-x86_64-linux-gnu.so
7f6f7320f000-7f6f73218000 r--p 00028000 fc:01 2080595                    /home/hchakrabar/miniconda3/envs/pt_env/lib/python3.10/site-packages/h5py/h5a.cpython-310-x86_64-linux-gnu.so
7f6f73218000-7f6f73219000 r--p 00030000 fc:01 2080595                    /home/hchakrabar/miniconda3/envs/pt_env/lib/python3.10/site-packages/h5py/h5a.cpython-310-x86_64-linux-gnu.so
7f6f73219000-7f6f7321b000 rw-p 00031000 fc:01 2080595                    /home/hchakrabar/miniconda3/envs/pt_env/lib/python3.10/site-packages/h5py/h5a.cpython-310-x86_64-linux-gnu.so
7f6f7321b000-7f6f7321c000 rw-p 00000000 00:00 0 
7f6f7321c000-7f6f7321f000 rw-p 0004f000 fc:01 2080595                    /home/hchakrabar/miniconda3/envs/pt_env/lib/python3.10/site-packages/h5py/h5a.cpython-310-x86_64-linux-gnu.so
7f6f7321f000-7f6f73223000 r--p 00000000 fc:01 2080611                    /home/hchakrabar/miniconda3/envs/pt_env/lib/python3.10/site-packages/h5py/h5z.cpython-310-x86_64-linux-gnu.so
7f6f73223000-7f6f73230000 r-xp 00004000 fc:01 2080611                    /home/hchakrabar/miniconda3/envs/pt_env/lib/python3.10/site-packages/h5py/h5z.cpython-310-x86_64-linux-gnu.so
7f6f73230000-7f6f73234000 r--p 00011000 fc:01 2080611                    /home/hchakrabar/miniconda3/envs/pt_env/lib/python3.10/site-packages/h5py/h5z.cpython-310-x86_64-linux-gnu.so
7f6f73234000-7f6f73235000 r--p 00015000 fc:01 2080611                    /home/hchakrabar/miniconda3/envs/pt_env/lib/python3.10/site-packages/h5py/h5z.cpython-310-x86_64-linux-gnu.so
7f6f73235000-7f6f73236000 rw-p 00016000 fc:01 2080611                    /home/hchakrabar/miniconda3/envs/pt_env/lib/python3.10/site-packages/h5py/h5z.cpython-310-x86_64-linux-gnu.so
7f6f73236000-7f6f73239000 rw-p 00025000 fc:01 2080611                    /home/hchakrabar/miniconda3/envs/pt_env/lib/python3.10/site-packages/h5py/h5z.cpython-310-x86_64-linux-gnu.so
7f6f73239000-7f6f7323d000 r--p 00000000 fc:01 2080589                    /home/hchakrabar/miniconda3/envs/pt_env/lib/python3.10/site-packages/h5py/_npystrings.cpython-310-x86_64-linux-gnu.so
7f6f7323d000-7f6f73249000 r-xp 00004000 fc:01 2080589                    /home/hchakrabar/miniconda3/envs/pt_env/lib/python3.10/site-packages/h5py/_npystrings.cpython-310-x86_64-linux-gnu.so
7f6f73249000-7f6f7324e000 r--p 00010000 fc:01 2080589                    /home/hchakrabar/miniconda3/envs/pt_env/lib/python3.10/site-packages/h5py/_npystrings.cpython-310-x86_64-linux-gnu.so
7f6f7324e000-7f6f7324f000 r--p 00014000 fc:01 2080589                    /home/hchakrabar/miniconda3/envs/pt_env/lib/python3.10/site-packages/h5py/_npystrings.cpython-310-x86_64-linux-gnu.so
7f6f7324f000-7f6f73250000 rw-p 00015000 fc:01 2080589                    /home/hchakrabar/miniconda3/envs/pt_env/lib/python3.10/site-packages/h5py/_npystrings.cpython-310-x86_64-linux-gnu.so
7f6f73250000-7f6f73253000 rw-p 00023000 fc:01 2080589                    /home/hchakrabar/miniconda3/envs/pt_env/lib/python3.10/site-packages/h5py/_npystrings.cpython-310-x86_64-linux-gnu.so
7f6f73253000-7f6f73256000 r--p 00000000 fc:01 2080591                    /home/hchakrabar/miniconda3/envs/pt_env/lib/python3.10/site-packages/h5py/_proxy.cpython-310-x86_64-linux-gnu.so
7f6f73256000-7f6f73263000 r-xp 00003000 fc:01 2080591                    /home/hchakrabar/miniconda3/envs/pt_env/lib/python3.10/site-packages/h5py/_proxy.cpython-310-x86_64-linux-gnu.so
7f6f73263000-7f6f73266000 r--p 00010000 fc:01 2080591                    /home/hchakrabar/miniconda3/envs/pt_env/lib/python3.10/site-packages/h5py/_proxy.cpython-310-x86_64-linux-gnu.so
7f6f73266000-7f6f73267000 r--p 00012000 fc:01 2080591                    /home/hchakrabar/miniconda3/envs/pt_env/lib/python3.10/site-packages/h5py/_proxy.cpython-310-x86_64-linux-gnu.so
7f6f73267000-7f6f73268000 rw-p 00013000 fc:01 2080591                    /home/hchakrabar/miniconda3/envs/pt_env/lib/python3.10/site-packages/h5py/_proxy.cpython-310-x86_64-linux-gnu.so
7f6f73268000-7f6f7326b000 rw-p 0001f000 fc:01 2080591                    /home/hchakrabar/miniconda3/envs/pt_env/lib/python3.10/site-packages/h5py/_proxy.cpython-310-x86_64-linux-gnu.so
7f6f7326b000-7f6f7336b000 rw-p 00000000 00:00 0 
7f6f7336b000-7f6f7336f000 r--p 00000000 fc:01 2080596                    /home/hchakrabar/miniconda3/envs/pt_env/lib/python3.10/site-packages/h5py/h5ac.cpython-310-x86_64-linux-gnu.so
7f6f7336f000-7f6f7337f000 r-xp 00004000 fc:01 2080596                    /home/hchakrabar/miniconda3/envs/pt_env/lib/python3.10/site-packages/h5py/h5ac.cpython-310-x86_64-linux-gnu.so
7f6f7337f000-7f6f73386000 r--p 00014000 fc:01 2080596                    /home/hchakrabar/miniconda3/envs/pt_env/lib/python3.10/site-packages/h5py/h5ac.cpython-310-x86_64-linux-gnu.so
7f6f73386000-7f6f73387000 r--p 0001a000 fc:01 2080596                    /home/hchakrabar/miniconda3/envs/pt_env/lib/python3.10/site-packages/h5py/h5ac.cpython-310-x86_64-linux-gnu.so
7f6f73387000-7f6f73389000 rw-p 0001b000 fc:01 2080596                    /home/hchakrabar/miniconda3/envs/pt_env/lib/python3.10/site-packages/h5py/h5ac.cpython-310-x86_64-linux-gnu.so
7f6f73389000-7f6f7338c000 rw-p 00032000 fc:01 2080596                    /home/hchakrabar/miniconda3/envs/pt_env/lib/python3.10/site-packages/h5py/h5ac.cpython-310-x86_64-linux-gnu.so
7f6f7338c000-7f6f73392000 r--p 00000000 fc:01 2080609                    /home/hchakrabar/miniconda3/envs/pt_env/lib/python3.10/site-packages/h5py/h5s.cpython-310-x86_64-linux-gnu.so
7f6f73392000-7f6f733b2000 r-xp 00006000 fc:01 2080609                    /home/hchakrabar/miniconda3/envs/pt_env/lib/python3.10/site-packages/h5py/h5s.cpython-310-x86_64-linux-gnu.so
7f6f733b2000-7f6f733bb000 r--p 00026000 fc:01 2080609                    /home/hchakrabar/miniconda3/envs/pt_env/lib/python3.10/site-packages/h5py/h5s.cpython-310-x86_64-linux-gnu.so
7f6f733bb000-7f6f733bc000 r--p 0002f000 fc:01 2080609                    /home/hchakrabar/miniconda3/envs/pt_env/lib/python3.10/site-packages/h5py/h5s.cpython-310-x86_64-linux-gnu.so
7f6f733bc000-7f6f733be000 rw-p 00030000 fc:01 2080609                    /home/hchakrabar/miniconda3/envs/pt_env/lib/python3.10/site-packages/h5py/h5s.cpython-310-x86_64-linux-gnu.so
7f6f733be000-7f6f733c1000 rw-p 0004e000 fc:01 2080609                    /home/hchakrabar/miniconda3/envs/pt_env/lib/python3.10/site-packages/h5py/h5s.cpython-310-x86_64-linux-gnu.so
7f6f733c1000-7f6f733c5000 r--p 00000000 fc:01 2080613                    /home/hchakrabar/miniconda3/envs/pt_env/lib/python3.10/site-packages/h5py/utils.cpython-310-x86_64-linux-gnu.so
7f6f733c5000-7f6f733d5000 r-xp 00004000 fc:01 2080613                    /home/hchakrabar/miniconda3/envs/pt_env/lib/python3.10/site-packages/h5py/utils.cpython-310-x86_64-linux-gnu.so
7f6f733d5000-7f6f733da000 r--p 00014000 fc:01 2080613                    /home/hchakrabar/miniconda3/envs/pt_env/lib/python3.10/site-packages/h5py/utils.cpython-310-x86_64-linux-gnu.so
7f6f733da000-7f6f733db000 r--p 00018000 fc:01 2080613                    /home/hchakrabar/miniconda3/envs/pt_env/lib/python3.10/site-packages/h5py/utils.cpython-310-x86_64-linux-gnu.so
7f6f733db000-7f6f733dc000 rw-p 00019000 fc:01 2080613                    /home/hchakrabar/miniconda3/envs/pt_env/lib/python3.10/site-packages/h5py/utils.cpython-310-x86_64-linux-gnu.so
7f6f733dc000-7f6f733df000 rw-p 00029000 fc:01 2080613                    /home/hchakrabar/miniconda3/envs/pt_env/lib/python3.10/site-packages/h5py/utils.cpython-310-x86_64-linux-gnu.so
7f6f733df000-7f6f733eb000 r--p 00000000 fc:01 2080610                    /home/hchakrabar/miniconda3/envs/pt_env/lib/python3.10/site-packages/h5py/h5t.cpython-310-x86_64-linux-gnu.so
7f6f733eb000-7f6f73458000 r-xp 0000c000 fc:01 2080610                    /home/hchakrabar/miniconda3/envs/pt_env/lib/python3.10/site-packages/h5py/h5t.cpython-310-x86_64-linux-gnu.so
7f6f73458000-7f6f7346b000 r--p 00079000 fc:01 2080610                    /home/hchakrabar/miniconda3/envs/pt_env/lib/python3.10/site-packages/h5py/h5t.cpython-310-x86_64-linux-gnu.so
7f6f7346b000-7f6f7346e000 r--p 0008b000 fc:01 2080610                    /home/hchakrabar/miniconda3/envs/pt_env/lib/python3.10/site-packages/h5py/h5t.cpython-310-x86_64-linux-gnu.so
7f6f7346e000-7f6f73472000 rw-p 0008e000 fc:01 2080610                    /home/hchakrabar/miniconda3/envs/pt_env/lib/python3.10/site-packages/h5py/h5t.cpython-310-x86_64-linux-gnu.so
7f6f73472000-7f6f73475000 rw-p 00000000 00:00 0 
7f6f73475000-7f6f7347a000 rw-p 000e1000 fc:01 2080610                    /home/hchakrabar/miniconda3/envs/pt_env/lib/python3.10/site-packages/h5py/h5t.cpython-310-x86_64-linux-gnu.so
7f6f7347a000-7f6f73486000 r--p 00000000 fc:01 2080605                    /home/hchakrabar/miniconda3/envs/pt_env/lib/python3.10/site-packages/h5py/h5p.cpython-310-x86_64-linux-gnu.so
7f6f73486000-7f6f734f8000 r-xp 0000c000 fc:01 2080605                    /home/hchakrabar/miniconda3/envs/pt_env/lib/python3.10/site-packages/h5py/h5p.cpython-310-x86_64-linux-gnu.so
7f6f734f8000-7f6f73511000 r--p 0007e000 fc:01 2080605                    /home/hchakrabar/miniconda3/envs/pt_env/lib/python3.10/site-packages/h5py/h5p.cpython-310-x86_64-linux-gnu.so
7f6f73511000-7f6f73514000 r--p 00097000 fc:01 2080605                    /home/hchakrabar/miniconda3/envs/pt_env/lib/python3.10/site-packages/h5py/h5p.cpython-310-x86_64-linux-gnu.so
7f6f73514000-7f6f73519000 rw-p 0009a000 fc:01 2080605                    /home/hchakrabar/miniconda3/envs/pt_env/lib/python3.10/site-packages/h5py/h5p.cpython-310-x86_64-linux-gnu.so
7f6f73519000-7f6f7351b000 rw-p 00000000 00:00 0 
7f6f7351b000-7f6f73520000 rw-p 000f4000 fc:01 2080605                    /home/hchakrabar/miniconda3/envs/pt_env/lib/python3.10/site-packages/h5py/h5p.cpython-310-x86_64-linux-gnu.so
7f6f73520000-7f6f73524000 r--p 00000000 fc:01 2080608                    /home/hchakrabar/miniconda3/envs/pt_env/lib/python3.10/site-packages/h5py/h5r.cpython-310-x86_64-linux-gnu.so
7f6f73524000-7f6f73535000 r-xp 00004000 fc:01 2080608                    /home/hchakrabar/miniconda3/envs/pt_env/lib/python3.10/site-packages/h5py/h5r.cpython-310-x86_64-linux-gnu.so
7f6f73535000-7f6f7353b000 r--p 00015000 fc:01 2080608                    /home/hchakrabar/miniconda3/envs/pt_env/lib/python3.10/site-packages/h5py/h5r.cpython-310-x86_64-linux-gnu.so
7f6f7353b000-7f6f7353c000 r--p 0001a000 fc:01 2080608                    /home/hchakrabar/miniconda3/envs/pt_env/lib/python3.10/site-packages/h5py/h5r.cpython-310-x86_64-linux-gnu.so
7f6f7353c000-7f6f7353e000 rw-p 0001b000 fc:01 2080608                    /home/hchakrabar/miniconda3/envs/pt_env/lib/python3.10/site-packages/h5py/h5r.cpython-310-x86_64-linux-gnu.so
7f6f7353e000-7f6f73541000 rw-p 0002e000 fc:01 2080608                    /home/hchakrabar/miniconda3/envs/pt_env/lib/python3.10/site-packages/h5py/h5r.cpython-310-x86_64-linux-gnu.so
7f6f73541000-7f6f73548000 r--p 00000000 fc:01 2080587                    /home/hchakrabar/miniconda3/envs/pt_env/lib/python3.10/site-packages/h5py/_conv.cpython-310-x86_64-linux-gnu.so
7f6f73548000-7f6f7357d000 r-xp 00007000 fc:01 2080587                    /home/hchakrabar/miniconda3/envs/pt_env/lib/python3.10/site-packages/h5py/_conv.cpython-310-x86_64-linux-gnu.so
7f6f7357d000-7f6f73588000 r--p 0003c000 fc:01 2080587                    /home/hchakrabar/miniconda3/envs/pt_env/lib/python3.10/site-packages/h5py/_conv.cpython-310-x86_64-linux-gnu.so
7f6f73588000-7f6f73589000 r--p 00047000 fc:01 2080587                    /home/hchakrabar/miniconda3/envs/pt_env/lib/python3.10/site-packages/h5py/_conv.cpython-310-x86_64-linux-gnu.so
7f6f73589000-7f6f7358b000 rw-p 00048000 fc:01 2080587                    /home/hchakrabar/miniconda3/envs/pt_env/lib/python3.10/site-packages/h5py/_conv.cpython-310-x86_64-linux-gnu.so
7f6f7358b000-7f6f7358c000 rw-p 00000000 00:00 0 
7f6f7358c000-7f6f73591000 rw-p 00073000 fc:01 2080587                    /home/hchakrabar/miniconda3/envs/pt_env/lib/python3.10/site-packages/h5py/_conv.cpython-310-x86_64-linux-gnu.so
7f6f73591000-7f6f73597000 r--p 00000000 fc:01 2080590                    /home/hchakrabar/miniconda3/envs/pt_env/lib/python3.10/site-packages/h5py/_objects.cpython-310-x86_64-linux-gnu.so
7f6f73597000-7f6f735b9000 r-xp 00006000 fc:01 2080590                    /home/hchakrabar/miniconda3/envs/pt_env/lib/python3.10/site-packages/h5py/_objects.cpython-310-x86_64-linux-gnu.so
7f6f735b9000-7f6f735c1000 r--p 00028000 fc:01 2080590                    /home/hchakrabar/miniconda3/envs/pt_env/lib/python3.10/site-packages/h5py/_objects.cpython-310-x86_64-linux-gnu.so
7f6f735c1000-7f6f735c2000 r--p 00030000 fc:01 2080590                    /home/hchakrabar/miniconda3/envs/pt_env/lib/python3.10/site-packages/h5py/_objects.cpython-310-x86_64-linux-gnu.so
7f6f735c2000-7f6f735c4000 rw-p 00031000 fc:01 2080590                    /home/hchakrabar/miniconda3/envs/pt_env/lib/python3.10/site-packages/h5py/_objects.cpython-310-x86_64-linux-gnu.so
7f6f735c4000-7f6f735c5000 rw-p 00000000 00:00 0 
7f6f735c5000-7f6f735ca000 rw-p 00050000 fc:01 2080590                    /home/hchakrabar/miniconda3/envs/pt_env/lib/python3.10/site-packages/h5py/_objects.cpython-310-x86_64-linux-gnu.so
7f6f735ca000-7f6f735d5000 r--p 00000000 fc:01 2080593                    /home/hchakrabar/miniconda3/envs/pt_env/lib/python3.10/site-packages/h5py/defs.cpython-310-x86_64-linux-gnu.so
7f6f735d5000-7f6f73617000 r-xp 0000b000 fc:01 2080593                    /home/hchakrabar/miniconda3/envs/pt_env/lib/python3.10/site-packages/h5py/defs.cpython-310-x86_64-linux-gnu.so
7f6f73617000-7f6f7362a000 r--p 0004d000 fc:01 2080593                    /home/hchakrabar/miniconda3/envs/pt_env/lib/python3.10/site-packages/h5py/defs.cpython-310-x86_64-linux-gnu.so
7f6f7362a000-7f6f7362c000 r--p 0005f000 fc:01 2080593                    /home/hchakrabar/miniconda3/envs/pt_env/lib/python3.10/site-packages/h5py/defs.cpython-310-x86_64-linux-gnu.so
7f6f7362c000-7f6f7362d000 rw-p 00061000 fc:01 2080593                    /home/hchakrabar/miniconda3/envs/pt_env/lib/python3.10/site-packages/h5py/defs.cpython-310-x86_64-linux-gnu.so
7f6f7362d000-7f6f7362e000 rw-p 00000000 00:00 0 
7f6f7362e000-7f6f73636000 rw-p 00094000 fc:01 2080593                    /home/hchakrabar/miniconda3/envs/pt_env/lib/python3.10/site-packages/h5py/defs.cpython-310-x86_64-linux-gnu.so
7f6f73636000-7f6f7363b000 r--p 00000000 fc:01 2080594                    /home/hchakrabar/miniconda3/envs/pt_env/lib/python3.10/site-packages/h5py/h5.cpython-310-x86_64-linux-gnu.so
7f6f7363b000-7f6f73654000 r-xp 00005000 fc:01 2080594                    /home/hchakrabar/miniconda3/envs/pt_env/lib/python3.10/site-packages/h5py/h5.cpython-310-x86_64-linux-gnu.so
7f6f73654000-7f6f7365b000 r--p 0001e000 fc:01 2080594                    /home/hchakrabar/miniconda3/envs/pt_env/lib/python3.10/site-packages/h5py/h5.cpython-310-x86_64-linux-gnu.so
7f6f7365b000-7f6f7365c000 r--p 00025000 fc:01 2080594                    /home/hchakrabar/miniconda3/envs/pt_env/lib/python3.10/site-packages/h5py/h5.cpython-310-x86_64-linux-gnu.so
7f6f7365c000-7f6f7365e000 rw-p 00026000 fc:01 2080594                    /home/hchakrabar/miniconda3/envs/pt_env/lib/python3.10/site-packages/h5py/h5.cpython-310-x86_64-linux-gnu.so
7f6f7365e000-7f6f73661000 rw-p 0003f000 fc:01 2080594                    /home/hchakrabar/miniconda3/envs/pt_env/lib/python3.10/site-packages/h5py/h5.cpython-310-x86_64-linux-gnu.so
7f6f73661000-7f6f73667000 r--p 00000000 fc:01 2080680                    /home/hchakrabar/miniconda3/envs/pt_env/lib/python3.10/site-packages/h5py.libs/libhdf5_hl-0ce065ed.so.310.0.6
7f6f73667000-7f6f7367e000 r-xp 00006000 fc:01 2080680                    /home/hchakrabar/miniconda3/envs/pt_env/lib/python3.10/site-packages/h5py.libs/libhdf5_hl-0ce065ed.so.310.0.6
7f6f7367e000-7f6f73683000 r--p 0001d000 fc:01 2080680                    /home/hchakrabar/miniconda3/envs/pt_env/lib/python3.10/site-packages/h5py.libs/libhdf5_hl-0ce065ed.so.310.0.6
7f6f73683000-7f6f73684000 r--p 00022000 fc:01 2080680                    /home/hchakrabar/miniconda3/envs/pt_env/lib/python3.10/site-packages/h5py.libs/libhdf5_hl-0ce065ed.so.310.0.6
7f6f73684000-7f6f73685000 rw-p 00023000 fc:01 2080680                    /home/hchakrabar/miniconda3/envs/pt_env/lib/python3.10/site-packages/h5py.libs/libhdf5_hl-0ce065ed.so.310.0.6
7f6f73685000-7f6f73686000 rw-p 00000000 00:00 0 
7f6f73686000-7f6f7368a000 rw-p 00029000 fc:01 2080680                    /home/hchakrabar/miniconda3/envs/pt_env/lib/python3.10/site-packages/h5py.libs/libhdf5_hl-0ce065ed.so.310.0.6
7f6f7368a000-7f6f736db000 r--p 00000000 fc:01 2080679                    /home/hchakrabar/miniconda3/envs/pt_env/lib/python3.10/site-packages/h5py.libs/libhdf5-7d060e2f.so.310.5.1
7f6f736db000-7f6f739ef000 r-xp 00051000 fc:01 2080679                    /home/hchakrabar/miniconda3/envs/pt_env/lib/python3.10/site-packages/h5py.libs/libhdf5-7d060e2f.so.310.5.1
7f6f739ef000-7f6f73aa7000 r--p 00365000 fc:01 2080679                    /home/hchakrabar/miniconda3/envs/pt_env/lib/python3.10/site-packages/h5py.libs/libhdf5-7d060e2f.so.310.5.1
7f6f73aa7000-7f6f73ab4000 r--p 0041d000 fc:01 2080679                    /home/hchakrabar/miniconda3/envs/pt_env/lib/python3.10/site-packages/h5py.libs/libhdf5-7d060e2f.so.310.5.1
7f6f73ab4000-7f6f73abd000 rw-p 0042a000 fc:01 2080679                    /home/hchakrabar/miniconda3/envs/pt_env/lib/python3.10/site-packages/h5py.libs/libhdf5-7d060e2f.so.310.5.1
7f6f73abd000-7f6f73ac0000 rw-p 00000000 00:00 0 
7f6f73ac0000-7f6f73aeb000 rw-p 00494000 fc:01 2080679                    /home/hchakrabar/miniconda3/envs/pt_env/lib/python3.10/site-packages/h5py.libs/libhdf5-7d060e2f.so.310.5.1
7f6f73aeb000-7f6f73aef000 r--p 00000000 fc:01 2080588                    /home/hchakrabar/miniconda3/envs/pt_env/lib/python3.10/site-packages/h5py/_errors.cpython-310-x86_64-linux-gnu.so
7f6f73aef000-7f6f73afb000 r-xp 00004000 fc:01 2080588                    /home/hchakrabar/miniconda3/envs/pt_env/lib/python3.10/site-packages/h5py/_errors.cpython-310-x86_64-linux-gnu.so
7f6f73afb000-7f6f73afe000 r--p 00010000 fc:01 2080588                    /home/hchakrabar/miniconda3/envs/pt_env/lib/python3.10/site-packages/h5py/_errors.cpython-310-x86_64-linux-gnu.so
7f6f73afe000-7f6f73aff000 r--p 00013000 fc:01 2080588                    /home/hchakrabar/miniconda3/envs/pt_env/lib/python3.10/site-packages/h5py/_errors.cpython-310-x86_64-linux-gnu.so
7f6f73aff000-7f6f73b00000 rw-p 00014000 fc:01 2080588                    /home/hchakrabar/miniconda3/envs/pt_env/lib/python3.10/site-packages/h5py/_errors.cpython-310-x86_64-linux-gnu.so
7f6f73b00000-7f6f73b03000 rw-p 00022000 fc:01 2080588                    /home/hchakrabar/miniconda3/envs/pt_env/lib/python3.10/site-packages/h5py/_errors.cpython-310-x86_64-linux-gnu.so
7f6f73b03000-7f6f73c03000 rw-p 00000000 00:00 0 
7f6f73c03000-7f6f73c1a000 r--p 00000000 fc:01 2104199                    /home/hchakrabar/miniconda3/envs/pt_env/lib/python3.10/site-packages/tensorflow/python/grappler/_pywrap_tf_cluster.so
7f6f73c1a000-7f6f73c3c000 r-xp 00016000 fc:01 2104199                    /home/hchakrabar/miniconda3/envs/pt_env/lib/python3.10/site-packages/tensorflow/python/grappler/_pywrap_tf_cluster.so
7f6f73c3c000-7f6f73c3e000 r--p 00037000 fc:01 2104199                    /home/hchakrabar/miniconda3/envs/pt_env/lib/python3.10/site-packages/tensorflow/python/grappler/_pywrap_tf_cluster.so
7f6f73c3e000-7f6f73c3f000 rw-p 00038000 fc:01 2104199                    /home/hchakrabar/miniconda3/envs/pt_env/lib/python3.10/site-packages/tensorflow/python/grappler/_pywrap_tf_cluster.so
7f6f73c3f000-7f6f73c4f000 r--p 00000000 fc:01 2104196                    /home/hchakrabar/miniconda3/envs/pt_env/lib/python3.10/site-packages/tensorflow/python/grappler/_pywrap_tf_optimizer.so
7f6f73c4f000-7f6f73c65000 r-xp 0000f000 fc:01 2104196                    /home/hchakrabar/miniconda3/envs/pt_env/lib/python3.10/site-packages/tensorflow/python/grappler/_pywrap_tf_optimizer.so
7f6f73c65000-7f6f73c67000 r--p 00024000 fc:01 2104196                    /home/hchakrabar/miniconda3/envs/pt_env/lib/python3.10/site-packages/tensorflow/python/grappler/_pywrap_tf_optimizer.so
7f6f73c67000-7f6f73c68000 rw-p 00025000 fc:01 2104196                    /home/hchakrabar/miniconda3/envs/pt_env/lib/python3.10/site-packages/tensorflow/python/grappler/_pywrap_tf_optimizer.so
7f6f73c68000-7f6f73c73000 r--p 00000000 fc:01 2083664                    /home/hchakrabar/miniconda3/envs/pt_env/lib/python3.10/site-packages/tensorflow/compiler/tf2tensorrt/_pywrap_py_utils.so
7f6f73c73000-7f6f73c85000 r-xp 0000a000 fc:01 2083664                    /home/hchakrabar/miniconda3/envs/pt_env/lib/python3.10/site-packages/tensorflow/compiler/tf2tensorrt/_pywrap_py_utils.so
7f6f73c85000-7f6f73c87000 r--p 0001b000 fc:01 2083664                    /home/hchakrabar/miniconda3/envs/pt_env/lib/python3.10/site-packages/tensorflow/compiler/tf2tensorrt/_pywrap_py_utils.so
7f6f73c87000-7f6f73c88000 rw-p 0001c000 fc:01 2083664                    /home/hchakrabar/miniconda3/envs/pt_env/lib/python3.10/site-packages/tensorflow/compiler/tf2tensorrt/_pywrap_py_utils.so
7f6f73c88000-7f6f74288000 rw-p 00000000 00:00 0 
7f6f74288000-7f6f74295000 r--p 00000000 fc:01 2103891                    /home/hchakrabar/miniconda3/envs/pt_env/lib/python3.10/site-packages/tensorflow/python/client/_pywrap_events_writer.so
7f6f74295000-7f6f742ad000 r-xp 0000c000 fc:01 2103891                    /home/hchakrabar/miniconda3/envs/pt_env/lib/python3.10/site-packages/tensorflow/python/client/_pywrap_events_writer.so
7f6f742ad000-7f6f742af000 r--p 00023000 fc:01 2103891                    /home/hchakrabar/miniconda3/envs/pt_env/lib/python3.10/site-packages/tensorflow/python/client/_pywrap_events_writer.so
7f6f742af000-7f6f742b0000 rw-p 00024000 fc:01 2103891                    /home/hchakrabar/miniconda3/envs/pt_env/lib/python3.10/site-packages/tensorflow/python/client/_pywrap_events_writer.so
7f6f742b0000-7f6f743b0000 rw-p 00000000 00:00 0 
7f6f743b0000-7f6f743ba000 r--p 00000000 fc:01 2103956                    /home/hchakrabar/miniconda3/envs/pt_env/lib/python3.10/site-packages/tensorflow/python/util/_pywrap_util_port.so
7f6f743ba000-7f6f743cc000 r-xp 00009000 fc:01 2103956                    /home/hchakrabar/miniconda3/envs/pt_env/lib/python3.10/site-packages/tensorflow/python/util/_pywrap_util_port.so
7f6f743cc000-7f6f743cd000 r--p 0001a000 fc:01 2103956                    /home/hchakrabar/miniconda3/envs/pt_env/lib/python3.10/site-packages/tensorflow/python/util/_pywrap_util_port.so
7f6f743cd000-7f6f743ce000 rw-p 0001a000 fc:01 2103956                    /home/hchakrabar/miniconda3/envs/pt_env/lib/python3.10/site-packages/tensorflow/python/util/_pywrap_util_port.so
7f6f743ce000-7f6f743d8000 r--p 00000000 fc:01 2103611                    /home/hchakrabar/miniconda3/envs/pt_env/lib/python3.10/site-packages/tensorflow/python/platform/_pywrap_stacktrace_handler.so
7f6f743d8000-7f6f743e9000 r-xp 00009000 fc:01 2103611                    /home/hchakrabar/miniconda3/envs/pt_env/lib/python3.10/site-packages/tensorflow/python/platform/_pywrap_stacktrace_handler.so
7f6f743e9000-7f6f743eb000 r--p 00019000 fc:01 2103611                    /home/hchakrabar/miniconda3/envs/pt_env/lib/python3.10/site-packages/tensorflow/python/platform/_pywrap_stacktrace_handler.so
7f6f743eb000-7f6f743ec000 rw-p 0001a000 fc:01 2103611                    /home/hchakrabar/miniconda3/envs/pt_env/lib/python3.10/site-packages/tensorflow/python/platform/_pywrap_stacktrace_handler.so
7f6f743ec000-7f6f743f6000 r--p 00000000 fc:01 2104257                    /home/hchakrabar/miniconda3/envs/pt_env/lib/python3.10/site-packages/tensorflow/python/framework/_test_metrics_util.so
7f6f743f6000-7f6f74408000 r-xp 00009000 fc:01 2104257                    /home/hchakrabar/miniconda3/envs/pt_env/lib/python3.10/site-packages/tensorflow/python/framework/_test_metrics_util.so
7f6f74408000-7f6f74409000 r--p 0001a000 fc:01 2104257                    /home/hchakrabar/miniconda3/envs/pt_env/lib/python3.10/site-packages/tensorflow/python/framework/_test_metrics_util.so
7f6f74409000-7f6f7440a000 rw-p 0001a000 fc:01 2104257                    /home/hchakrabar/miniconda3/envs/pt_env/lib/python3.10/site-packages/tensorflow/python/framework/_test_metrics_util.so
7f6f7440a000-7f6f74414000 r--p 00000000 fc:01 2103244                    /home/hchakrabar/miniconda3/envs/pt_env/lib/python3.10/site-packages/tensorflow/python/_pywrap_sanitizers.so
7f6f74414000-7f6f74425000 r-xp 00009000 fc:01 2103244                    /home/hchakrabar/miniconda3/envs/pt_env/lib/python3.10/site-packages/tensorflow/python/_pywrap_sanitizers.so
7f6f74425000-7f6f74427000 r--p 00019000 fc:01 2103244                    /home/hchakrabar/miniconda3/envs/pt_env/lib/python3.10/site-packages/tensorflow/python/_pywrap_sanitizers.so
7f6f74427000-7f6f74428000 rw-p 0001a000 fc:01 2103244                    /home/hchakrabar/miniconda3/envs/pt_env/lib/python3.10/site-packages/tensorflow/python/_pywrap_sanitizers.so
7f6f74428000-7f6f74728000 rw-p 00000000 00:00 0 
7f6f74728000-7f6f7473b000 r--p 00000000 fc:01 2104321                    /home/hchakrabar/miniconda3/envs/pt_env/lib/python3.10/site-packages/tensorflow/python/profiler/internal/_pywrap_profiler.so
7f6f7473b000-7f6f74756000 r-xp 00012000 fc:01 2104321                    /home/hchakrabar/miniconda3/envs/pt_env/lib/python3.10/site-packages/tensorflow/python/profiler/internal/_pywrap_profiler.so
7f6f74756000-7f6f74758000 r--p 0002c000 fc:01 2104321                    /home/hchakrabar/miniconda3/envs/pt_env/lib/python3.10/site-packages/tensorflow/python/profiler/internal/_pywrap_profiler.so
7f6f74758000-7f6f74759000 rw-p 0002d000 fc:01 2104321                    /home/hchakrabar/miniconda3/envs/pt_env/lib/python3.10/site-packages/tensorflow/python/profiler/internal/_pywrap_profiler.so
7f6f74759000-7f6f74a59000 rw-p 00000000 00:00 0 
7f6f74a59000-7f6f74a63000 r--p 00000000 fc:01 2103262                    /home/hchakrabar/miniconda3/envs/pt_env/lib/python3.10/site-packages/tensorflow/python/lib/core/_pywrap_py_func.so
7f6f74a63000-7f6f74a74000 r-xp 00009000 fc:01 2103262                    /home/hchakrabar/miniconda3/envs/pt_env/lib/python3.10/site-packages/tensorflow/python/lib/core/_pywrap_py_func.so
7f6f74a74000-7f6f74a76000 r--p 00019000 fc:01 2103262                    /home/hchakrabar/miniconda3/envs/pt_env/lib/python3.10/site-packages/tensorflow/python/lib/core/_pywrap_py_func.so
7f6f74a76000-7f6f74a77000 rw-p 0001a000 fc:01 2103262                    /home/hchakrabar/miniconda3/envs/pt_env/lib/python3.10/site-packages/tensorflow/python/lib/core/_pywrap_py_func.so
7f6f74a77000-7f6f74b77000 rw-p 00000000 00:00 0 
7f6f74b77000-7f6f74b85000 r--p 00000000 fc:01 2103915                    /home/hchakrabar/miniconda3/envs/pt_env/lib/python3.10/site-packages/tensorflow/python/util/_pywrap_checkpoint_reader.so
7f6f74b85000-7f6f74b9d000 r-xp 0000d000 fc:01 2103915                    /home/hchakrabar/miniconda3/envs/pt_env/lib/python3.10/site-packages/tensorflow/python/util/_pywrap_checkpoint_reader.so
7f6f74b9d000-7f6f74b9f000 r--p 00024000 fc:01 2103915                    /home/hchakrabar/miniconda3/envs/pt_env/lib/python3.10/site-packages/tensorflow/python/util/_pywrap_checkpoint_reader.so
7f6f74b9f000-7f6f74ba0000 rw-p 00025000 fc:01 2103915                    /home/hchakrabar/miniconda3/envs/pt_env/lib/python3.10/site-packages/tensorflow/python/util/_pywrap_checkpoint_reader.so
7f6f74ba0000-7f6f74bb3000 r--p 00000000 fc:01 2104041                    /home/hchakrabar/miniconda3/envs/pt_env/lib/python3.10/site-packages/tensorflow/python/saved_model/pywrap_saved_model.so
7f6f74bb3000-7f6f74bd3000 r-xp 00012000 fc:01 2104041                    /home/hchakrabar/miniconda3/envs/pt_env/lib/python3.10/site-packages/tensorflow/python/saved_model/pywrap_saved_model.so
7f6f74bd3000-7f6f74bd4000 r--p 00031000 fc:01 2104041                    /home/hchakrabar/miniconda3/envs/pt_env/lib/python3.10/site-packages/tensorflow/python/saved_model/pywrap_saved_model.so
7f6f74bd4000-7f6f74bd5000 rw-p 00031000 fc:01 2104041                    /home/hchakrabar/miniconda3/envs/pt_env/lib/python3.10/site-packages/tensorflow/python/saved_model/pywrap_saved_model.so
7f6f74bd5000-7f6f74bd6000 rw-p 00000000 00:00 0 
7f6f74bd6000-7f6f74be8000 r--p 00000000 fc:01 2103260                    /home/hchakrabar/miniconda3/envs/pt_env/lib/python3.10/site-packages/tensorflow/python/lib/io/_pywrap_file_io.so
7f6f74be8000-7f6f74c08000 r-xp 00011000 fc:01 2103260                    /home/hchakrabar/miniconda3/envs/pt_env/lib/python3.10/site-packages/tensorflow/python/lib/io/_pywrap_file_io.so
7f6f74c08000-7f6f74c0a000 r--p 00030000 fc:01 2103260                    /home/hchakrabar/miniconda3/envs/pt_env/lib/python3.10/site-packages/tensorflow/python/lib/io/_pywrap_file_io.so
7f6f74c0a000-7f6f74c0b000 rw-p 00031000 fc:01 2103260                    /home/hchakrabar/miniconda3/envs/pt_env/lib/python3.10/site-packages/tensorflow/python/lib/io/_pywrap_file_io.so
7f6f74c0b000-7f6f74d0b000 rw-p 00000000 00:00 0 
7f6f74d0b000-7f6f74d15000 r--p 00000000 fc:01 2104487                    /home/hchakrabar/miniconda3/envs/pt_env/lib/python3.10/site-packages/tensorflow/python/data/experimental/service/_pywrap_utils_exp.so
7f6f74d15000-7f6f74d26000 r-xp 00009000 fc:01 2104487                    /home/hchakrabar/miniconda3/envs/pt_env/lib/python3.10/site-packages/tensorflow/python/data/experimental/service/_pywrap_utils_exp.so
7f6f74d26000-7f6f74d28000 r--p 00019000 fc:01 2104487                    /home/hchakrabar/miniconda3/envs/pt_env/lib/python3.10/site-packages/tensorflow/python/data/experimental/service/_pywrap_utils_exp.so
7f6f74d28000-7f6f74d29000 rw-p 0001a000 fc:01 2104487                    /home/hchakrabar/miniconda3/envs/pt_env/lib/python3.10/site-packages/tensorflow/python/data/experimental/service/_pywrap_utils_exp.so
7f6f74d29000-7f6f74d39000 r--p 00000000 fc:01 2104483                    /home/hchakrabar/miniconda3/envs/pt_env/lib/python3.10/site-packages/tensorflow/python/data/experimental/service/_pywrap_server_lib.so
7f6f74d39000-7f6f74d56000 r-xp 0000f000 fc:01 2104483                    /home/hchakrabar/miniconda3/envs/pt_env/lib/python3.10/site-packages/tensorflow/python/data/experimental/service/_pywrap_server_lib.so
7f6f74d56000-7f6f74d58000 r--p 0002b000 fc:01 2104483                    /home/hchakrabar/miniconda3/envs/pt_env/lib/python3.10/site-packages/tensorflow/python/data/experimental/service/_pywrap_server_lib.so
7f6f74d58000-7f6f74d59000 rw-p 0002c000 fc:01 2104483                    /home/hchakrabar/miniconda3/envs/pt_env/lib/python3.10/site-packages/tensorflow/python/data/experimental/service/_pywrap_server_lib.so
7f6f74d59000-7f6f75559000 rw-p 00000000 00:00 0 
7f6f75559000-7f6f7556b000 r--p 00000000 fc:01 2103226                    /home/hchakrabar/miniconda3/envs/pt_env/lib/python3.10/site-packages/tensorflow/python/_pywrap_parallel_device.so
7f6f7556b000-7f6f75587000 r-xp 00011000 fc:01 2103226                    /home/hchakrabar/miniconda3/envs/pt_env/lib/python3.10/site-packages/tensorflow/python/_pywrap_parallel_device.so
7f6f75587000-7f6f75589000 r--p 0002c000 fc:01 2103226                    /home/hchakrabar/miniconda3/envs/pt_env/lib/python3.10/site-packages/tensorflow/python/_pywrap_parallel_device.so
7f6f75589000-7f6f7558a000 rw-p 0002d000 fc:01 2103226                    /home/hchakrabar/miniconda3/envs/pt_env/lib/python3.10/site-packages/tensorflow/python/_pywrap_parallel_device.so
7f6f7558a000-7f6f7598a000 rw-p 00000000 00:00 0 
7f6f7598a000-7f6f75997000 r--p 00000000 fc:01 2104275                    /home/hchakrabar/miniconda3/envs/pt_env/lib/python3.10/site-packages/tensorflow/python/framework/_proto_comparators.so
7f6f75997000-7f6f759ae000 r-xp 0000c000 fc:01 2104275                    /home/hchakrabar/miniconda3/envs/pt_env/lib/python3.10/site-packages/tensorflow/python/framework/_proto_comparators.so
7f6f759ae000-7f6f759af000 r--p 00022000 fc:01 2104275                    /home/hchakrabar/miniconda3/envs/pt_env/lib/python3.10/site-packages/tensorflow/python/framework/_proto_comparators.so
7f6f759af000-7f6f759b0000 rw-p 00022000 fc:01 2104275                    /home/hchakrabar/miniconda3/envs/pt_env/lib/python3.10/site-packages/tensorflow/python/framework/_proto_comparators.so
7f6f759b0000-7f6f759b1000 rw-p 00000000 00:00 0 
7f6f759b1000-7f6f759c2000 r--p 00000000 fc:01 2103253                    /home/hchakrabar/miniconda3/envs/pt_env/lib/python3.10/site-packages/tensorflow/python/lib/io/_pywrap_record_io.so
7f6f759c2000-7f6f759e0000 r-xp 00010000 fc:01 2103253                    /home/hchakrabar/miniconda3/envs/pt_env/lib/python3.10/site-packages/tensorflow/python/lib/io/_pywrap_record_io.so
7f6f759e0000-7f6f759e2000 r--p 0002d000 fc:01 2103253                    /home/hchakrabar/miniconda3/envs/pt_env/lib/python3.10/site-packages/tensorflow/python/lib/io/_pywrap_record_io.so
7f6f759e2000-7f6f759e3000 rw-p 0002e000 fc:01 2103253                    /home/hchakrabar/miniconda3/envs/pt_env/lib/python3.10/site-packages/tensorflow/python/lib/io/_pywrap_record_io.so
7f6f759e3000-7f6f75be3000 rw-p 00000000 00:00 0 
7f6f75be3000-7f6f75bee000 r--p 00000000 fc:01 2103883                    /home/hchakrabar/miniconda3/envs/pt_env/lib/python3.10/site-packages/tensorflow/python/client/_pywrap_device_lib.so
7f6f75bee000-7f6f75c00000 r-xp 0000a000 fc:01 2103883                    /home/hchakrabar/miniconda3/envs/pt_env/lib/python3.10/site-packages/tensorflow/python/client/_pywrap_device_lib.so
7f6f75c00000-7f6f75c01000 r--p 0001b000 fc:01 2103883                    /home/hchakrabar/miniconda3/envs/pt_env/lib/python3.10/site-packages/tensorflow/python/client/_pywrap_device_lib.so
7f6f75c01000-7f6f75c02000 rw-p 0001b000 fc:01 2103883                    /home/hchakrabar/miniconda3/envs/pt_env/lib/python3.10/site-packages/tensorflow/python/client/_pywrap_device_lib.so
7f6f75c02000-7f6f76602000 rw-p 00000000 00:00 0 
7f6f77003000-7f6f77903000 rw-p 00000000 00:00 0 
7f6f77903000-7f6f77919000 r--p 00000000 fc:01 2104277                    /home/hchakrabar/miniconda3/envs/pt_env/lib/python3.10/site-packages/tensorflow/python/framework/_pywrap_python_api_dispatcher.so
7f6f77919000-7f6f77942000 r-xp 00015000 fc:01 2104277                    /home/hchakrabar/miniconda3/envs/pt_env/lib/python3.10/site-packages/tensorflow/python/framework/_pywrap_python_api_dispatcher.so
7f6f77942000-7f6f77944000 r--p 0003d000 fc:01 2104277                    /home/hchakrabar/miniconda3/envs/pt_env/lib/python3.10/site-packages/tensorflow/python/framework/_pywrap_python_api_dispatcher.so
7f6f77944000-7f6f77945000 rw-p 0003e000 fc:01 2104277                    /home/hchakrabar/miniconda3/envs/pt_env/lib/python3.10/site-packages/tensorflow/python/framework/_pywrap_python_api_dispatcher.so
7f6f77945000-7f6f77959000 r--p 00000000 fc:01 2104218                    /home/hchakrabar/miniconda3/envs/pt_env/lib/python3.10/site-packages/tensorflow/python/framework/_op_def_library_pybind.so
7f6f77959000-7f6f77977000 r-xp 00013000 fc:01 2104218                    /home/hchakrabar/miniconda3/envs/pt_env/lib/python3.10/site-packages/tensorflow/python/framework/_op_def_library_pybind.so
7f6f77977000-7f6f77979000 r--p 00030000 fc:01 2104218                    /home/hchakrabar/miniconda3/envs/pt_env/lib/python3.10/site-packages/tensorflow/python/framework/_op_def_library_pybind.so
7f6f77979000-7f6f7797a000 rw-p 00031000 fc:01 2104218                    /home/hchakrabar/miniconda3/envs/pt_env/lib/python3.10/site-packages/tensorflow/python/framework/_op_def_library_pybind.so
7f6f7797a000-7f6f77984000 r--p 00000000 fc:01 2104269                    /home/hchakrabar/miniconda3/envs/pt_env/lib/python3.10/site-packages/tensorflow/python/framework/_op_def_registry.so
7f6f77984000-7f6f77996000 r-xp 00009000 fc:01 2104269                    /home/hchakrabar/miniconda3/envs/pt_env/lib/python3.10/site-packages/tensorflow/python/framework/_op_def_registry.so
7f6f77996000-7f6f77997000 r--p 0001a000 fc:01 2104269                    /home/hchakrabar/miniconda3/envs/pt_env/lib/python3.10/site-packages/tensorflow/python/framework/_op_def_registry.so
7f6f77997000-7f6f77998000 rw-p 0001a000 fc:01 2104269                    /home/hchakrabar/miniconda3/envs/pt_env/lib/python3.10/site-packages/tensorflow/python/framework/_op_def_registry.so
7f6f77998000-7f6f779b6000 r--p 00000000 fc:01 2103242                    /home/hchakrabar/miniconda3/envs/pt_env/lib/python3.10/site-packages/tensorflow/python/_pywrap_dtensor_device.so
7f6f779b6000-7f6f779eb000 r-xp 0001d000 fc:01 2103242                    /home/hchakrabar/miniconda3/envs/pt_env/lib/python3.10/site-packages/tensorflow/python/_pywrap_dtensor_device.so
7f6f779eb000-7f6f779ed000 r--p 00051000 fc:01 2103242                    /home/hchakrabar/miniconda3/envs/pt_env/lib/python3.10/site-packages/tensorflow/python/_pywrap_dtensor_device.so
7f6f779ed000-7f6f779ee000 rw-p 00052000 fc:01 2103242                    /home/hchakrabar/miniconda3/envs/pt_env/lib/python3.10/site-packages/tensorflow/python/_pywrap_dtensor_device.so
7f6f779ee000-7f6f779f8000 r--p 00000000 fc:01 2103937                    /home/hchakrabar/miniconda3/envs/pt_env/lib/python3.10/site-packages/tensorflow/python/util/_pywrap_tensor_float_32_execution.so
7f6f779f8000-7f6f77a0a000 r-xp 00009000 fc:01 2103937                    /home/hchakrabar/miniconda3/envs/pt_env/lib/python3.10/site-packages/tensorflow/python/util/_pywrap_tensor_float_32_execution.so
7f6f77a0a000-7f6f77a0b000 r--p 0001a000 fc:01 2103937                    /home/hchakrabar/miniconda3/envs/pt_env/lib/python3.10/site-packages/tensorflow/python/util/_pywrap_tensor_float_32_execution.so
7f6f77a0b000-7f6f77a0c000 rw-p 0001a000 fc:01 2103937                    /home/hchakrabar/miniconda3/envs/pt_env/lib/python3.10/site-packages/tensorflow/python/util/_pywrap_tensor_float_32_execution.so
7f6f77a0c000-7f6f77a16000 r--p 00000000 fc:01 2103931                    /home/hchakrabar/miniconda3/envs/pt_env/lib/python3.10/site-packages/tensorflow/python/util/_pywrap_determinism.so
7f6f77a16000-7f6f77a28000 r-xp 00009000 fc:01 2103931                    /home/hchakrabar/miniconda3/envs/pt_env/lib/python3.10/site-packages/tensorflow/python/util/_pywrap_determinism.so
7f6f77a28000-7f6f77a29000 r--p 0001a000 fc:01 2103931                    /home/hchakrabar/miniconda3/envs/pt_env/lib/python3.10/site-packages/tensorflow/python/util/_pywrap_determinism.so
7f6f77a29000-7f6f77a2a000 rw-p 0001a000 fc:01 2103931                    /home/hchakrabar/miniconda3/envs/pt_env/lib/python3.10/site-packages/tensorflow/python/util/_pywrap_determinism.so
7f6f77a2a000-7f6f77a37000 r--p 00000000 fc:01 2103241                    /home/hchakrabar/miniconda3/envs/pt_env/lib/python3.10/site-packages/tensorflow/python/flags_pybind.so
7f6f77a37000-7f6f77a4f000 r-xp 0000c000 fc:01 2103241                    /home/hchakrabar/miniconda3/envs/pt_env/lib/python3.10/site-packages/tensorflow/python/flags_pybind.so
7f6f77a4f000-7f6f77a51000 r--p 00023000 fc:01 2103241                    /home/hchakrabar/miniconda3/envs/pt_env/lib/python3.10/site-packages/tensorflow/python/flags_pybind.so
7f6f77a51000-7f6f77a52000 rw-p 00024000 fc:01 2103241                    /home/hchakrabar/miniconda3/envs/pt_env/lib/python3.10/site-packages/tensorflow/python/flags_pybind.so
7f6f77a52000-7f6f77b52000 rw-p 00000000 00:00 0 
7f6f77b52000-7f6f77b5f000 r--p 00000000 fc:01 2104324                    /home/hchakrabar/miniconda3/envs/pt_env/lib/python3.10/site-packages/tensorflow/python/profiler/internal/_pywrap_traceme.so
7f6f77b5f000-7f6f77b76000 r-xp 0000c000 fc:01 2104324                    /home/hchakrabar/miniconda3/envs/pt_env/lib/python3.10/site-packages/tensorflow/python/profiler/internal/_pywrap_traceme.so
7f6f77b76000-7f6f77b77000 r--p 00022000 fc:01 2104324                    /home/hchakrabar/miniconda3/envs/pt_env/lib/python3.10/site-packages/tensorflow/python/profiler/internal/_pywrap_traceme.so
7f6f77b77000-7f6f77b78000 rw-p 00022000 fc:01 2104324                    /home/hchakrabar/miniconda3/envs/pt_env/lib/python3.10/site-packages/tensorflow/python/profiler/internal/_pywrap_traceme.so
7f6f77b78000-7f6f77b85000 r--p 00000000 fc:01 2103951                    /home/hchakrabar/miniconda3/envs/pt_env/lib/python3.10/site-packages/tensorflow/python/util/_pywrap_utils.so
7f6f77b85000-7f6f77b9a000 r-xp 0000c000 fc:01 2103951                    /home/hchakrabar/miniconda3/envs/pt_env/lib/python3.10/site-packages/tensorflow/python/util/_pywrap_utils.so
7f6f77b9a000-7f6f77b9b000 r--p 00020000 fc:01 2103951                    /home/hchakrabar/miniconda3/envs/pt_env/lib/python3.10/site-packages/tensorflow/python/util/_pywrap_utils.so
7f6f77b9b000-7f6f77b9c000 rw-p 00020000 fc:01 2103951                    /home/hchakrabar/miniconda3/envs/pt_env/lib/python3.10/site-packages/tensorflow/python/util/_pywrap_utils.so
7f6f77b9c000-7f6f77ba6000 r--p 00000000 fc:01 2103918                    /home/hchakrabar/miniconda3/envs/pt_env/lib/python3.10/site-packages/tensorflow/python/util/_pywrap_nest.so
7f6f77ba6000-7f6f77bb7000 r-xp 00009000 fc:01 2103918                    /home/hchakrabar/miniconda3/envs/pt_env/lib/python3.10/site-packages/tensorflow/python/util/_pywrap_nest.so
7f6f77bb7000-7f6f77bb9000 r--p 00019000 fc:01 2103918                    /home/hchakrabar/miniconda3/envs/pt_env/lib/python3.10/site-packages/tensorflow/python/util/_pywrap_nest.so
7f6f77bb9000-7f6f77bba000 rw-p 0001a000 fc:01 2103918                    /home/hchakrabar/miniconda3/envs/pt_env/lib/python3.10/site-packages/tensorflow/python/util/_pywrap_nest.so
7f6f77bba000-7f6f77cba000 rw-p 00000000 00:00 0 
7f6f77cba000-7f6f77cc8000 r--p 00000000 fc:01 2104253                    /home/hchakrabar/miniconda3/envs/pt_env/lib/python3.10/site-packages/tensorflow/python/framework/_dtypes.so
7f6f77cc8000-7f6f77ce2000 r-xp 0000d000 fc:01 2104253                    /home/hchakrabar/miniconda3/envs/pt_env/lib/python3.10/site-packages/tensorflow/python/framework/_dtypes.so
7f6f77ce2000-7f6f77ce3000 r--p 00026000 fc:01 2104253                    /home/hchakrabar/miniconda3/envs/pt_env/lib/python3.10/site-packages/tensorflow/python/framework/_dtypes.so
7f6f77ce3000-7f6f77ce4000 rw-p 00026000 fc:01 2104253                    /home/hchakrabar/miniconda3/envs/pt_env/lib/python3.10/site-packages/tensorflow/python/framework/_dtypes.so
7f6f77ce4000-7f6f77ce5000 rw-p 00000000 00:00 0 
7f6f77ce5000-7f6f77cea000 r--p 00000000 fc:01 2080470                    /home/hchakrabar/miniconda3/envs/pt_env/lib/python3.10/site-packages/ml_dtypes/_ml_dtypes_ext.cpython-310-x86_64-linux-gnu.so
7f6f77cea000-7f6f77e20000 r-xp 00005000 fc:01 2080470                    /home/hchakrabar/miniconda3/envs/pt_env/lib/python3.10/site-packages/ml_dtypes/_ml_dtypes_ext.cpython-310-x86_64-linux-gnu.so
7f6f77e20000-7f6f77e56000 r--p 0013b000 fc:01 2080470                    /home/hchakrabar/miniconda3/envs/pt_env/lib/python3.10/site-packages/ml_dtypes/_ml_dtypes_ext.cpython-310-x86_64-linux-gnu.so
7f6f77e56000-7f6f77e57000 r--p 00170000 fc:01 2080470                    /home/hchakrabar/miniconda3/envs/pt_env/lib/python3.10/site-packages/ml_dtypes/_ml_dtypes_ext.cpython-310-x86_64-linux-gnu.so
7f6f77e57000-7f6f77e59000 rw-p 00171000 fc:01 2080470                    /home/hchakrabar/miniconda3/envs/pt_env/lib/python3.10/site-packages/ml_dtypes/_ml_dtypes_ext.cpython-310-x86_64-linux-gnu.so
7f6f77e59000-7f6f77f5b000 rw-p 00000000 00:00 0 
7f6f77f5b000-7f6f77f6c000 r--p 00000000 fc:01 2103236                    /home/hchakrabar/miniconda3/envs/pt_env/lib/python3.10/site-packages/tensorflow/python/_pywrap_py_exception_registry.so
7f6f77f6c000-7f6f77f8d000 r-xp 00010000 fc:01 2103236                    /home/hchakrabar/miniconda3/envs/pt_env/lib/python3.10/site-packages/tensorflow/python/_pywrap_py_exception_registry.so
7f6f77f8d000-7f6f77f8f000 r--p 00030000 fc:01 2103236                    /home/hchakrabar/miniconda3/envs/pt_env/lib/python3.10/site-packages/tensorflow/python/_pywrap_py_exception_registry.so
7f6f77f8f000-7f6f77f90000 rw-p 00031000 fc:01 2103236                    /home/hchakrabar/miniconda3/envs/pt_env/lib/python3.10/site-packages/tensorflow/python/_pywrap_py_exception_registry.so
7f6f77f90000-7f6f77fce000 r--p 00000000 fc:01 2103884                    /home/hchakrabar/miniconda3/envs/pt_env/lib/python3.10/site-packages/tensorflow/python/client/_pywrap_tf_session.so
7f6f77fce000-7f6f78037000 r-xp 0003d000 fc:01 2103884                    /home/hchakrabar/miniconda3/envs/pt_env/lib/python3.10/site-packages/tensorflow/python/client/_pywrap_tf_session.so
7f6f78037000-7f6f7803b000 r--p 000a5000 fc:01 2103884                    /home/hchakrabar/miniconda3/envs/pt_env/lib/python3.10/site-packages/tensorflow/python/client/_pywrap_tf_session.so
7f6f7803b000-7f6f7803c000 rw-p 000a8000 fc:01 2103884                    /home/hchakrabar/miniconda3/envs/pt_env/lib/python3.10/site-packages/tensorflow/python/client/_pywrap_tf_session.so
7f6f7803c000-7f6f7807b000 r--p 00000000 fc:01 2103230                    /home/hchakrabar/miniconda3/envs/pt_env/lib/python3.10/site-packages/tensorflow/python/_pywrap_tfe.so
7f6f7807b000-7f6f780d7000 r-xp 0003e000 fc:01 2103230                    /home/hchakrabar/miniconda3/envs/pt_env/lib/python3.10/site-packages/tensorflow/python/_pywrap_tfe.so
7f6f780d7000-7f6f780dc000 r--p 00099000 fc:01 2103230                    /home/hchakrabar/miniconda3/envs/pt_env/lib/python3.10/site-packages/tensorflow/python/_pywrap_tfe.so
7f6f780dc000-7f6f780dd000 rw-p 0009d000 fc:01 2103230                    /home/hchakrabar/miniconda3/envs/pt_env/lib/python3.10/site-packages/tensorflow/python/_pywrap_tfe.so
7f6f780dd000-7f6f781dd000 rw-p 00000000 00:00 0 
7f6f781dd000-7f6f781e7000 r--p 00000000 fc:01 2080179                    /home/hchakrabar/miniconda3/envs/pt_env/lib/python3.10/site-packages/google/_upb/_message.abi3.so
7f6f781e7000-7f6f78213000 r-xp 0000a000 fc:01 2080179                    /home/hchakrabar/miniconda3/envs/pt_env/lib/python3.10/site-packages/google/_upb/_message.abi3.so
7f6f78213000-7f6f78228000 r--p 00036000 fc:01 2080179                    /home/hchakrabar/miniconda3/envs/pt_env/lib/python3.10/site-packages/google/_upb/_message.abi3.so
7f6f78228000-7f6f78229000 r--p 0004a000 fc:01 2080179                    /home/hchakrabar/miniconda3/envs/pt_env/lib/python3.10/site-packages/google/_upb/_message.abi3.so
7f6f78229000-7f6f7822d000 rw-p 0004b000 fc:01 2080179                    /home/hchakrabar/miniconda3/envs/pt_env/lib/python3.10/site-packages/google/_upb/_message.abi3.so
7f6f7822d000-7f6f7832d000 rw-p 00000000 00:00 0 
7f6f7832d000-7f6f785bc000 r--p 00000000 fc:01 2103224                    /home/hchakrabar/miniconda3/envs/pt_env/lib/python3.10/site-packages/tensorflow/python/lib_pywrap_tensorflow_common.so
7f6f785bc000-7f6f7888d000 r-xp 0028e000 fc:01 2103224                    /home/hchakrabar/miniconda3/envs/pt_env/lib/python3.10/site-packages/tensorflow/python/lib_pywrap_tensorflow_common.so
7f6f7888d000-7f6f788a8000 r--p 0055e000 fc:01 2103224                    /home/hchakrabar/miniconda3/envs/pt_env/lib/python3.10/site-packages/tensorflow/python/lib_pywrap_tensorflow_common.so
7f6f788a8000-7f6f788c7000 rw-p 00578000 fc:01 2103224                    /home/hchakrabar/miniconda3/envs/pt_env/lib/python3.10/site-packages/tensorflow/python/lib_pywrap_tensorflow_common.so
7f6f788c7000-7f6f788c8000 rw-p 00000000 00:00 0 
7f6f788c8000-7f6f93975000 r--p 00000000 fc:01 2083624                    /home/hchakrabar/miniconda3/envs/pt_env/lib/python3.10/site-packages/tensorflow/libtensorflow_cc.so.2
7f6f93975000-7f6fa850e000 r-xp 1b0ac000 fc:01 2083624                    /home/hchakrabar/miniconda3/envs/pt_env/lib/python3.10/site-packages/tensorflow/libtensorflow_cc.so.2
7f6fa850e000-7f6fa8cac000 r--p 2fc44000 fc:01 2083624                    /home/hchakrabar/miniconda3/envs/pt_env/lib/python3.10/site-packages/tensorflow/libtensorflow_cc.so.2
7f6fa8cac000-7f6fa8d26000 rw-p 303e1000 fc:01 2083624                    /home/hchakrabar/miniconda3/envs/pt_env/lib/python3.10/site-packages/tensorflow/libtensorflow_cc.so.2
7f6fa8d26000-7f6fa8e00000 rw-p 00000000 00:00 0 
7f6fa8e00000-7f6fb3fae000 r--p 00000000 fc:01 2083621                    /home/hchakrabar/miniconda3/envs/pt_env/lib/python3.10/site-packages/tensorflow/libtensorflow_framework.so.2
7f6fb3fae000-7f6fb6813000 r-xp 0b1ad000 fc:01 2083621                    /home/hchakrabar/miniconda3/envs/pt_env/lib/python3.10/site-packages/tensorflow/libtensorflow_framework.so.2
7f6fb6813000-7f6fb691b000 r--p 0da11000 fc:01 2083621                    /home/hchakrabar/miniconda3/envs/pt_env/lib/python3.10/site-packages/tensorflow/libtensorflow_framework.so.2
7f6fb691b000-7f6fb69b9000 rw-p 0db18000 fc:01 2083621                    /home/hchakrabar/miniconda3/envs/pt_env/lib/python3.10/site-packages/tensorflow/libtensorflow_framework.so.2
7f6fb69b9000-7f6fb6c00000 rw-p 00000000 00:00 0 
7f6fb6c00000-7f6fb6cad000 r-xp 00000000 fc:01 2353111                    /home/hchakrabar/miniconda3/envs/pt_env/lib/python3.10/site-packages/torchvision.libs/libcudart.e8e8b82a.so.12
7f6fb6cad000-7f6fb6ead000 ---p 000ad000 fc:01 2353111                    /home/hchakrabar/miniconda3/envs/pt_env/lib/python3.10/site-packages/torchvision.libs/libcudart.e8e8b82a.so.12
7f6fb6ead000-7f6fb6eb1000 r--p 000ad000 fc:01 2353111                    /home/hchakrabar/miniconda3/envs/pt_env/lib/python3.10/site-packages/torchvision.libs/libcudart.e8e8b82a.so.12
7f6fb6eb1000-7f6fb6eb2000 rw-p 000b1000 fc:01 2353111                    /home/hchakrabar/miniconda3/envs/pt_env/lib/python3.10/site-packages/torchvision.libs/libcudart.e8e8b82a.so.12
7f6fb6eb2000-7f6fb6eb4000 rw-p 00000000 00:00 0 
7f6fb6eb8000-7f6fb6eb9000 r--p 00000000 fc:01 2080678                    /home/hchakrabar/miniconda3/envs/pt_env/lib/python3.10/site-packages/h5py.libs/libaec-187855bc.so.0.1.3
7f6fb6eb9000-7f6fb6ebe000 r-xp 00001000 fc:01 2080678                    /home/hchakrabar/miniconda3/envs/pt_env/lib/python3.10/site-packages/h5py.libs/libaec-187855bc.so.0.1.3
7f6fb6ebe000-7f6fb6ebf000 r--p 00006000 fc:01 2080678                    /home/hchakrabar/miniconda3/envs/pt_env/lib/python3.10/site-packages/h5py.libs/libaec-187855bc.so.0.1.3
7f6fb6ebf000-7f6fb6ec0000 r--p 00007000 fc:01 2080678                    /home/hchakrabar/miniconda3/envs/pt_env/lib/python3.10/site-packages/h5py.libs/libaec-187855bc.so.0.1.3
7f6fb6ec0000-7f6fb6ec1000 rw-p 00008000 fc:01 2080678                    /home/hchakrabar/miniconda3/envs/pt_env/lib/python3.10/site-packages/h5py.libs/libaec-187855bc.so.0.1.3
7f6fb6ec1000-7f6fb6ec2000 rw-p 00021000 fc:01 2080678                    /home/hchakrabar/miniconda3/envs/pt_env/lib/python3.10/site-packages/h5py.libs/libaec-187855bc.so.0.1.3
7f6fb6ec2000-7f6fb6ed8000 r--p 00000000 fc:01 2103929                    /home/hchakrabar/miniconda3/envs/pt_env/lib/python3.10/site-packages/tensorflow/python/util/_tf_stack.so
7f6fb6ed8000-7f6fb6efc000 r-xp 00015000 fc:01 2103929                    /home/hchakrabar/miniconda3/envs/pt_env/lib/python3.10/site-packages/tensorflow/python/util/_tf_stack.so
7f6fb6efc000-7f6fb6eff000 r--p 00038000 fc:01 2103929                    /home/hchakrabar/miniconda3/envs/pt_env/lib/python3.10/site-packages/tensorflow/python/util/_tf_stack.so
7f6fb6eff000-7f6fb6f00000 rw-p 0003a000 fc:01 2103929                    /home/hchakrabar/miniconda3/envs/pt_env/lib/python3.10/site-packages/tensorflow/python/util/_tf_stack.so
7f6fb6f00000-7f6fb7000000 rw-p 00000000 00:00 0 
7f6fb7000000-7f6fb776c000 r-xp 00000000 fc:01 2353113                    /home/hchakrabar/miniconda3/envs/pt_env/lib/python3.10/site-packages/torchvision.libs/libnvjpeg.8dd2b5e6.so.12
7f6fb776c000-7f6fb796c000 ---p 0076c000 fc:01 2353113                    /home/hchakrabar/miniconda3/envs/pt_env/lib/python3.10/site-packages/torchvision.libs/libnvjpeg.8dd2b5e6.so.12
7f6fb796c000-7f6fb7978000 r--p 0076c000 fc:01 2353113                    /home/hchakrabar/miniconda3/envs/pt_env/lib/python3.10/site-packages/torchvision.libs/libnvjpeg.8dd2b5e6.so.12
7f6fb7978000-7f6fb7979000 rw-p 00778000 fc:01 2353113                    /home/hchakrabar/miniconda3/envs/pt_env/lib/python3.10/site-packages/torchvision.libs/libnvjpeg.8dd2b5e6.so.12
7f6fb7979000-7f6fb797e000 rw-p 00000000 00:00 0 
7f6fb7980000-7f6fb7981000 r--p 00000000 fc:01 2080681                    /home/hchakrabar/miniconda3/envs/pt_env/lib/python3.10/site-packages/h5py.libs/libsz-daeb5235.so.2.0.1
7f6fb7981000-7f6fb7982000 r-xp 00001000 fc:01 2080681                    /home/hchakrabar/miniconda3/envs/pt_env/lib/python3.10/site-packages/h5py.libs/libsz-daeb5235.so.2.0.1
7f6fb7982000-7f6fb7983000 r--p 00002000 fc:01 2080681                    /home/hchakrabar/miniconda3/envs/pt_env/lib/python3.10/site-packages/h5py.libs/libsz-daeb5235.so.2.0.1
7f6fb7983000-7f6fb7984000 r--p 00002000 fc:01 2080681                    /home/hchakrabar/miniconda3/envs/pt_env/lib/python3.10/site-packages/h5py.libs/libsz-daeb5235.so.2.0.1
7f6fb7984000-7f6fb7985000 rw-p 00003000 fc:01 2080681                    /home/hchakrabar/miniconda3/envs/pt_env/lib/python3.10/site-packages/h5py.libs/libsz-daeb5235.so.2.0.1
7f6fb7985000-7f6fb7987000 rw-p 00008000 fc:01 2080681                    /home/hchakrabar/miniconda3/envs/pt_env/lib/python3.10/site-packages/h5py.libs/libsz-daeb5235.so.2.0.1
7f6fb7987000-7f6fb7991000 r--p 00000000 fc:01 2103608                    /home/hchakrabar/miniconda3/envs/pt_env/lib/python3.10/site-packages/tensorflow/python/platform/_pywrap_tf2.so
7f6fb7991000-7f6fb79a3000 r-xp 00009000 fc:01 2103608                    /home/hchakrabar/miniconda3/envs/pt_env/lib/python3.10/site-packages/tensorflow/python/platform/_pywrap_tf2.so
7f6fb79a3000-7f6fb79a4000 r--p 0001a000 fc:01 2103608                    /home/hchakrabar/miniconda3/envs/pt_env/lib/python3.10/site-packages/tensorflow/python/platform/_pywrap_tf2.so
7f6fb79a4000-7f6fb79a5000 rw-p 0001a000 fc:01 2103608                    /home/hchakrabar/miniconda3/envs/pt_env/lib/python3.10/site-packages/tensorflow/python/platform/_pywrap_tf2.so
7f6fb79a5000-7f6fb79af000 r--p 00000000 fc:01 2103245                    /home/hchakrabar/miniconda3/envs/pt_env/lib/python3.10/site-packages/tensorflow/python/_pywrap_tensorflow_internal.so
7f6fb79af000-7f6fb79c0000 r-xp 00009000 fc:01 2103245                    /home/hchakrabar/miniconda3/envs/pt_env/lib/python3.10/site-packages/tensorflow/python/_pywrap_tensorflow_internal.so
7f6fb79c0000-7f6fb79c2000 r--p 00019000 fc:01 2103245                    /home/hchakrabar/miniconda3/envs/pt_env/lib/python3.10/site-packages/tensorflow/python/_pywrap_tensorflow_internal.so
7f6fb79c2000-7f6fb79c3000 rw-p 0001a000 fc:01 2103245                    /home/hchakrabar/miniconda3/envs/pt_env/lib/python3.10/site-packages/tensorflow/python/_pywrap_tensorflow_internal.so
7f6fb79c3000-7f6fb79cd000 r--p 00000000 fc:01 2103609                    /home/hchakrabar/miniconda3/envs/pt_env/lib/python3.10/site-packages/tensorflow/python/platform/_pywrap_cpu_feature_guard.so
7f6fb79cd000-7f6fb79de000 r-xp 00009000 fc:01 2103609                    /home/hchakrabar/miniconda3/envs/pt_env/lib/python3.10/site-packages/tensorflow/python/platform/_pywrap_cpu_feature_guard.so
7f6fb79de000-7f6fb79e0000 r--p 00019000 fc:01 2103609                    /home/hchakrabar/miniconda3/envs/pt_env/lib/python3.10/site-packages/tensorflow/python/platform/_pywrap_cpu_feature_guard.so
7f6fb79e0000-7f6fb79e1000 rw-p 0001a000 fc:01 2103609                    /home/hchakrabar/miniconda3/envs/pt_env/lib/python3.10/site-packages/tensorflow/python/platform/_pywrap_cpu_feature_guard.so
7f6fb79e1000-7f6fb7ae1000 rw-p 00000000 00:00 0 
7f6fb7ae1000-7f6fb7ae4000 r--p 00000000 fc:01 2353117                    /home/hchakrabar/miniconda3/envs/pt_env/lib/python3.10/site-packages/torchvision.libs/libz.81d90590.so.1
7f6fb7ae4000-7f6fb7af2000 r-xp 00003000 fc:01 2353117                    /home/hchakrabar/miniconda3/envs/pt_env/lib/python3.10/site-packages/torchvision.libs/libz.81d90590.so.1
7f6fb7af2000-7f6fb7af9000 r--p 00011000 fc:01 2353117                    /home/hchakrabar/miniconda3/envs/pt_env/lib/python3.10/site-packages/torchvision.libs/libz.81d90590.so.1
7f6fb7af9000-7f6fb7afa000 r--p 00017000 fc:01 2353117                    /home/hchakrabar/miniconda3/envs/pt_env/lib/python3.10/site-packages/torchvision.libs/libz.81d90590.so.1
7f6fb7afa000-7f6fb7afb000 rw-p 00018000 fc:01 2353117                    /home/hchakrabar/miniconda3/envs/pt_env/lib/python3.10/site-packages/torchvision.libs/libz.81d90590.so.1
7f6fb7afb000-7f6fb7afe000 r--p 00000000 fc:01 2353116                    /home/hchakrabar/miniconda3/envs/pt_env/lib/python3.10/site-packages/torchvision.libs/libwebp.32d871e4.so.7
7f6fb7afe000-7f6fb7b88000 r-xp 00003000 fc:01 2353116                    /home/hchakrabar/miniconda3/envs/pt_env/lib/python3.10/site-packages/torchvision.libs/libwebp.32d871e4.so.7
7f6fb7b88000-7f6fb7b9b000 r--p 0008d000 fc:01 2353116                    /home/hchakrabar/miniconda3/envs/pt_env/lib/python3.10/site-packages/torchvision.libs/libwebp.32d871e4.so.7
7f6fb7b9b000-7f6fb7b9c000 r--p 000a0000 fc:01 2353116                    /home/hchakrabar/miniconda3/envs/pt_env/lib/python3.10/site-packages/torchvision.libs/libwebp.32d871e4.so.7
7f6fb7b9c000-7f6fb7b9d000 rw-p 000a1000 fc:01 2353116                    /home/hchakrabar/miniconda3/envs/pt_env/lib/python3.10/site-packages/torchvision.libs/libwebp.32d871e4.so.7
7f6fb7b9d000-7f6fb7b9e000 rw-p 00000000 00:00 0 
7f6fb7b9e000-7f6fb7b9f000 rw-p 000ad000 fc:01 2353116                    /home/hchakrabar/miniconda3/envs/pt_env/lib/python3.10/site-packages/torchvision.libs/libwebp.32d871e4.so.7
7f6fb7b9f000-7f6fb7ba4000 r--p 00000000 fc:01 2353112                    /home/hchakrabar/miniconda3/envs/pt_env/lib/python3.10/site-packages/torchvision.libs/libjpeg.37781fad.so.8
7f6fb7ba4000-7f6fb7bf9000 r-xp 00005000 fc:01 2353112                    /home/hchakrabar/miniconda3/envs/pt_env/lib/python3.10/site-packages/torchvision.libs/libjpeg.37781fad.so.8
7f6fb7bf9000-7f6fb7c34000 r--p 0005a000 fc:01 2353112                    /home/hchakrabar/miniconda3/envs/pt_env/lib/python3.10/site-packages/torchvision.libs/libjpeg.37781fad.so.8
7f6fb7c34000-7f6fb7c35000 r--p 00094000 fc:01 2353112                    /home/hchakrabar/miniconda3/envs/pt_env/lib/python3.10/site-packages/torchvision.libs/libjpeg.37781fad.so.8
7f6fb7c35000-7f6fb7c36000 rw-p 00095000 fc:01 2353112                    /home/hchakrabar/miniconda3/envs/pt_env/lib/python3.10/site-packages/torchvision.libs/libjpeg.37781fad.so.8
7f6fb7c36000-7f6fb7c3c000 r--p 00000000 fc:01 2353114                    /home/hchakrabar/miniconda3/envs/pt_env/lib/python3.10/site-packages/torchvision.libs/libpng16.e328d493.so.16
7f6fb7c3c000-7f6fb7c65000 r-xp 00006000 fc:01 2353114                    /home/hchakrabar/miniconda3/envs/pt_env/lib/python3.10/site-packages/torchvision.libs/libpng16.e328d493.so.16
7f6fb7c65000-7f6fb7c70000 r--p 0002f000 fc:01 2353114                    /home/hchakrabar/miniconda3/envs/pt_env/lib/python3.10/site-packages/torchvision.libs/libpng16.e328d493.so.16
7f6fb7c70000-7f6fb7c71000 ---p 0003a000 fc:01 2353114                    /home/hchakrabar/miniconda3/envs/pt_env/lib/python3.10/site-packages/torchvision.libs/libpng16.e328d493.so.16
7f6fb7c71000-7f6fb7c72000 r--p 0003a000 fc:01 2353114                    /home/hchakrabar/miniconda3/envs/pt_env/lib/python3.10/site-packages/torchvision.libs/libpng16.e328d493.so.16
7f6fb7c72000-7f6fb7c73000 rw-p 0003b000 fc:01 2353114                    /home/hchakrabar/miniconda3/envs/pt_env/lib/python3.10/site-packages/torchvision.libs/libpng16.e328d493.so.16
7f6fb7c73000-7f6fb7c76000 rw-p 00042000 fc:01 2353114                    /home/hchakrabar/miniconda3/envs/pt_env/lib/python3.10/site-packages/torchvision.libs/libpng16.e328d493.so.16
7f6fb7c76000-7f6fb7c8d000 r--p 00000000 fc:01 2352913                    /home/hchakrabar/miniconda3/envs/pt_env/lib/python3.10/site-packages/torchvision/image.so
7f6fb7c8d000-7f6fb7cc0000 r-xp 00017000 fc:01 2352913                    /home/hchakrabar/miniconda3/envs/pt_env/lib/python3.10/site-packages/torchvision/image.so
7f6fb7cc0000-7f6fb7cd6000 r--p 0004a000 fc:01 2352913                    /home/hchakrabar/miniconda3/envs/pt_env/lib/python3.10/site-packages/torchvision/image.so
7f6fb7cd6000-7f6fb7cd7000 r--p 0005f000 fc:01 2352913                    /home/hchakrabar/miniconda3/envs/pt_env/lib/python3.10/site-packages/torchvision/image.so
7f6fb7cd7000-7f6fb7cd9000 rw-p 00060000 fc:01 2352913                    /home/hchakrabar/miniconda3/envs/pt_env/lib/python3.10/site-packages/torchvision/image.so
7f6fb7cd9000-7f6fb7d15000 rw-p 0007a000 fc:01 2352913                    /home/hchakrabar/miniconda3/envs/pt_env/lib/python3.10/site-packages/torchvision/image.so
7f6fb7d15000-7f6fb7d17000 r--p 00000000 fc:01 4818                       /usr/lib/x86_64-linux-gnu/libfribidi.so.0.4.0
7f6fb7d17000-7f6fb7d1a000 r-xp 00002000 fc:01 4818                       /usr/lib/x86_64-linux-gnu/libfribidi.so.0.4.0
7f6fb7d1a000-7f6fb7d2f000 r--p 00005000 fc:01 4818                       /usr/lib/x86_64-linux-gnu/libfribidi.so.0.4.0
7f6fb7d2f000-7f6fb7d30000 r--p 00019000 fc:01 4818                       /usr/lib/x86_64-linux-gnu/libfribidi.so.0.4.0
7f6fb7d30000-7f6fb7d31000 rw-p 0001a000 fc:01 4818                       /usr/lib/x86_64-linux-gnu/libfribidi.so.0.4.0
7f6fb7d31000-7f6fb7d32000 r--p 00000000 fc:01 1317387                    /home/hchakrabar/miniconda3/envs/pt_env/lib/python3.10/site-packages/pillow.libs/libbrotlicommon-c55a5f7a.so.1.1.0
7f6fb7d32000-7f6fb7d33000 r-xp 00001000 fc:01 1317387                    /home/hchakrabar/miniconda3/envs/pt_env/lib/python3.10/site-packages/pillow.libs/libbrotlicommon-c55a5f7a.so.1.1.0
7f6fb7d33000-7f6fb7d52000 r--p 00002000 fc:01 1317387                    /home/hchakrabar/miniconda3/envs/pt_env/lib/python3.10/site-packages/pillow.libs/libbrotlicommon-c55a5f7a.so.1.1.0
7f6fb7d52000-7f6fb7d53000 r--p 00021000 fc:01 1317387                    /home/hchakrabar/miniconda3/envs/pt_env/lib/python3.10/site-packages/pillow.libs/libbrotlicommon-c55a5f7a.so.1.1.0
7f6fb7d53000-7f6fb7d55000 rw-p 00022000 fc:01 1317387                    /home/hchakrabar/miniconda3/envs/pt_env/lib/python3.10/site-packages/pillow.libs/libbrotlicommon-c55a5f7a.so.1.1.0
7f6fb7d55000-7f6fb7d56000 r--p 00000000 fc:01 1317388                    /home/hchakrabar/miniconda3/envs/pt_env/lib/python3.10/site-packages/pillow.libs/libbrotlidec-2ced2f3a.so.1.1.0
7f6fb7d56000-7f6fb7d5f000 r-xp 00001000 fc:01 1317388                    /home/hchakrabar/miniconda3/envs/pt_env/lib/python3.10/site-packages/pillow.libs/libbrotlidec-2ced2f3a.so.1.1.0
7f6fb7d5f000-7f6fb7d62000 r--p 0000a000 fc:01 1317388                    /home/hchakrabar/miniconda3/envs/pt_env/lib/python3.10/site-packages/pillow.libs/libbrotlidec-2ced2f3a.so.1.1.0
7f6fb7d62000-7f6fb7d63000 r--p 0000c000 fc:01 1317388                    /home/hchakrabar/miniconda3/envs/pt_env/lib/python3.10/site-packages/pillow.libs/libbrotlidec-2ced2f3a.so.1.1.0
7f6fb7d63000-7f6fb7d66000 rw-p 0000d000 fc:01 1317388                    /home/hchakrabar/miniconda3/envs/pt_env/lib/python3.10/site-packages/pillow.libs/libbrotlidec-2ced2f3a.so.1.1.0
7f6fb7d66000-7f6fb7d6b000 r--p 00000000 fc:01 1317395                    /home/hchakrabar/miniconda3/envs/pt_env/lib/python3.10/site-packages/pillow.libs/libpng16-00127801.so.16.50.0
7f6fb7d6b000-7f6fb7d9d000 r-xp 00005000 fc:01 1317395                    /home/hchakrabar/miniconda3/envs/pt_env/lib/python3.10/site-packages/pillow.libs/libpng16-00127801.so.16.50.0
7f6fb7d9d000-7f6fb7da7000 r--p 00037000 fc:01 1317395                    /home/hchakrabar/miniconda3/envs/pt_env/lib/python3.10/site-packages/pillow.libs/libpng16-00127801.so.16.50.0
7f6fb7da7000-7f6fb7da8000 r--p 00040000 fc:01 1317395                    /home/hchakrabar/miniconda3/envs/pt_env/lib/python3.10/site-packages/pillow.libs/libpng16-00127801.so.16.50.0
7f6fb7da8000-7f6fb7dab000 rw-p 00041000 fc:01 1317395                    /home/hchakrabar/miniconda3/envs/pt_env/lib/python3.10/site-packages/pillow.libs/libpng16-00127801.so.16.50.0
7f6fb7dab000-7f6fb7db7000 r--p 00000000 fc:01 1317390                    /home/hchakrabar/miniconda3/envs/pt_env/lib/python3.10/site-packages/pillow.libs/libharfbuzz-525aa570.so.0.61210.0
7f6fb7db7000-7f6fb7e3b000 r-xp 0000c000 fc:01 1317390                    /home/hchakrabar/miniconda3/envs/pt_env/lib/python3.10/site-packages/pillow.libs/libharfbuzz-525aa570.so.0.61210.0
7f6fb7e3b000-7f6fb7e84000 r--p 00090000 fc:01 1317390                    /home/hchakrabar/miniconda3/envs/pt_env/lib/python3.10/site-packages/pillow.libs/libharfbuzz-525aa570.so.0.61210.0
7f6fb7e84000-7f6fb7e85000 r--p 000d9000 fc:01 1317390                    /home/hchakrabar/miniconda3/envs/pt_env/lib/python3.10/site-packages/pillow.libs/libharfbuzz-525aa570.so.0.61210.0
7f6fb7e85000-7f6fb7e87000 rw-p 000da000 fc:01 1317390                    /home/hchakrabar/miniconda3/envs/pt_env/lib/python3.10/site-packages/pillow.libs/libharfbuzz-525aa570.so.0.61210.0
7f6fb7e87000-7f6fb7e90000 rw-p 000dd000 fc:01 1317390                    /home/hchakrabar/miniconda3/envs/pt_env/lib/python3.10/site-packages/pillow.libs/libharfbuzz-525aa570.so.0.61210.0
7f6fb7e90000-7f6fb7e9e000 r--p 00000000 fc:01 1317389                    /home/hchakrabar/miniconda3/envs/pt_env/lib/python3.10/site-packages/pillow.libs/libfreetype-5bb46249.so.6.20.4
7f6fb7e9e000-7f6fb7f69000 r-xp 0000e000 fc:01 1317389                    /home/hchakrabar/miniconda3/envs/pt_env/lib/python3.10/site-packages/pillow.libs/libfreetype-5bb46249.so.6.20.4
7f6fb7f69000-7f6fb7f96000 r--p 000d9000 fc:01 1317389                    /home/hchakrabar/miniconda3/envs/pt_env/lib/python3.10/site-packages/pillow.libs/libfreetype-5bb46249.so.6.20.4
7f6fb7f96000-7f6fb7f9d000 r--p 00105000 fc:01 1317389                    /home/hchakrabar/miniconda3/envs/pt_env/lib/python3.10/site-packages/pillow.libs/libfreetype-5bb46249.so.6.20.4
7f6fb7f9d000-7f6fb7fa0000 rw-p 0010c000 fc:01 1317389                    /home/hchakrabar/miniconda3/envs/pt_env/lib/python3.10/site-packages/pillow.libs/libfreetype-5bb46249.so.6.20.4
7f6fb7fa0000-7f6fb7fa4000 rw-p 00162000 fc:01 1317389                    /home/hchakrabar/miniconda3/envs/pt_env/lib/python3.10/site-packages/pillow.libs/libfreetype-5bb46249.so.6.20.4
7f6fb7fa4000-7f6fb7fa9000 r--p 00000000 fc:01 1317367                    /home/hchakrabar/miniconda3/envs/pt_env/lib/python3.10/site-packages/PIL/_imagingft.cpython-310-x86_64-linux-gnu.so
7f6fb7fa9000-7f6fb7fb2000 r-xp 00005000 fc:01 1317367                    /home/hchakrabar/miniconda3/envs/pt_env/lib/python3.10/site-packages/PIL/_imagingft.cpython-310-x86_64-linux-gnu.so
7f6fb7fb2000-7f6fb7fb5000 r--p 0000e000 fc:01 1317367                    /home/hchakrabar/miniconda3/envs/pt_env/lib/python3.10/site-packages/PIL/_imagingft.cpython-310-x86_64-linux-gnu.so
7f6fb7fb5000-7f6fb7fb6000 r--p 00010000 fc:01 1317367                    /home/hchakrabar/miniconda3/envs/pt_env/lib/python3.10/site-packages/PIL/_imagingft.cpython-310-x86_64-linux-gnu.so
7f6fb7fb6000-7f6fb7fb7000 rw-p 00011000 fc:01 1317367                    /home/hchakrabar/miniconda3/envs/pt_env/lib/python3.10/site-packages/PIL/_imagingft.cpython-310-x86_64-linux-gnu.so
7f6fb7fb7000-7f6fb7fb9000 rw-p 0004b000 fc:01 1317367                    /home/hchakrabar/miniconda3/envs/pt_env/lib/python3.10/site-packages/PIL/_imagingft.cpython-310-x86_64-linux-gnu.so
7f6fb7fb9000-7f6fb80b9000 rw-p 00000000 00:00 0 
7f6fb80b9000-7f6fb8124000 r--p 00000000 fc:01 2352907                    /home/hchakrabar/miniconda3/envs/pt_env/lib/python3.10/site-packages/torchvision/_C.so
7f6fb8124000-7f6fb8239000 r-xp 0006b000 fc:01 2352907                    /home/hchakrabar/miniconda3/envs/pt_env/lib/python3.10/site-packages/torchvision/_C.so
7f6fb8239000-7f6fb888c000 r--p 00180000 fc:01 2352907                    /home/hchakrabar/miniconda3/envs/pt_env/lib/python3.10/site-packages/torchvision/_C.so
7f6fb888c000-7f6fb888f000 r--p 007d2000 fc:01 2352907                    /home/hchakrabar/miniconda3/envs/pt_env/lib/python3.10/site-packages/torchvision/_C.so
7f6fb888f000-7f6fb8893000 rw-p 007d5000 fc:01 2352907                    /home/hchakrabar/miniconda3/envs/pt_env/lib/python3.10/site-packages/torchvision/_C.so
7f6fb8893000-7f6fb8c95000 rw-p 00000000 00:00 0 
7f6fb8c95000-7f6fb8c99000 r--p 00000000 fc:01 2108029                    /home/hchakrabar/miniconda3/envs/pt_env/lib/python3.10/site-packages/sklearn/metrics/_pairwise_fast.cpython-310-x86_64-linux-gnu.so
7f6fb8c99000-7f6fb8cb1000 r-xp 00004000 fc:01 2108029                    /home/hchakrabar/miniconda3/envs/pt_env/lib/python3.10/site-packages/sklearn/metrics/_pairwise_fast.cpython-310-x86_64-linux-gnu.so
7f6fb8cb1000-7f6fb8cb6000 r--p 0001c000 fc:01 2108029                    /home/hchakrabar/miniconda3/envs/pt_env/lib/python3.10/site-packages/sklearn/metrics/_pairwise_fast.cpython-310-x86_64-linux-gnu.so
7f6fb8cb6000-7f6fb8cb7000 ---p 00021000 fc:01 2108029                    /home/hchakrabar/miniconda3/envs/pt_env/lib/python3.10/site-packages/sklearn/metrics/_pairwise_fast.cpython-310-x86_64-linux-gnu.so
7f6fb8cb7000-7f6fb8cb8000 r--p 00021000 fc:01 2108029                    /home/hchakrabar/miniconda3/envs/pt_env/lib/python3.10/site-packages/sklearn/metrics/_pairwise_fast.cpython-310-x86_64-linux-gnu.so
7f6fb8cb8000-7f6fb8cb9000 rw-p 00022000 fc:01 2108029                    /home/hchakrabar/miniconda3/envs/pt_env/lib/python3.10/site-packages/sklearn/metrics/_pairwise_fast.cpython-310-x86_64-linux-gnu.so
7f6fb8cb9000-7f6fb8cba000 rw-p 00000000 00:00 0 
7f6fb8cba000-7f6fb8cbd000 rw-p 00029000 fc:01 2108029                    /home/hchakrabar/miniconda3/envs/pt_env/lib/python3.10/site-packages/sklearn/metrics/_pairwise_fast.cpython-310-x86_64-linux-gnu.so
7f6fb8cbd000-7f6fb8cc2000 r--p 00000000 fc:01 2108057                    /home/hchakrabar/miniconda3/envs/pt_env/lib/python3.10/site-packages/sklearn/metrics/_pairwise_distances_reduction/_radius_neighbors_classmode.cpython-310-x86_64-linux-gnu.so
7f6fb8cc2000-7f6fb8cd9000 r-xp 00005000 fc:01 2108057                    /home/hchakrabar/miniconda3/envs/pt_env/lib/python3.10/site-packages/sklearn/metrics/_pairwise_distances_reduction/_radius_neighbors_classmode.cpython-310-x86_64-linux-gnu.so
7f6fb8cd9000-7f6fb8cdf000 r--p 0001c000 fc:01 2108057                    /home/hchakrabar/miniconda3/envs/pt_env/lib/python3.10/site-packages/sklearn/metrics/_pairwise_distances_reduction/_radius_neighbors_classmode.cpython-310-x86_64-linux-gnu.so
7f6fb8cdf000-7f6fb8ce0000 ---p 00022000 fc:01 2108057                    /home/hchakrabar/miniconda3/envs/pt_env/lib/python3.10/site-packages/sklearn/metrics/_pairwise_distances_reduction/_radius_neighbors_classmode.cpython-310-x86_64-linux-gnu.so
7f6fb8ce0000-7f6fb8ce1000 r--p 00022000 fc:01 2108057                    /home/hchakrabar/miniconda3/envs/pt_env/lib/python3.10/site-packages/sklearn/metrics/_pairwise_distances_reduction/_radius_neighbors_classmode.cpython-310-x86_64-linux-gnu.so
7f6fb8ce1000-7f6fb8ce2000 rw-p 00023000 fc:01 2108057                    /home/hchakrabar/miniconda3/envs/pt_env/lib/python3.10/site-packages/sklearn/metrics/_pairwise_distances_reduction/_radius_neighbors_classmode.cpython-310-x86_64-linux-gnu.so
7f6fb8ce2000-7f6fb8ce3000 rw-p 00000000 00:00 0 
7f6fb8ce3000-7f6fb8ce6000 rw-p 0002f000 fc:01 2108057                    /home/hchakrabar/miniconda3/envs/pt_env/lib/python3.10/site-packages/sklearn/metrics/_pairwise_distances_reduction/_radius_neighbors_classmode.cpython-310-x86_64-linux-gnu.so
7f6fb8ce6000-7f6fb8ceb000 r--p 00000000 fc:01 2108352                    /home/hchakrabar/miniconda3/envs/pt_env/lib/python3.10/site-packages/sklearn/utils/_vector_sentinel.cpython-310-x86_64-linux-gnu.so
7f6fb8ceb000-7f6fb8cfe000 r-xp 00005000 fc:01 2108352                    /home/hchakrabar/miniconda3/envs/pt_env/lib/python3.10/site-packages/sklearn/utils/_vector_sentinel.cpython-310-x86_64-linux-gnu.so
7f6fb8cfe000-7f6fb8d03000 r--p 00018000 fc:01 2108352                    /home/hchakrabar/miniconda3/envs/pt_env/lib/python3.10/site-packages/sklearn/utils/_vector_sentinel.cpython-310-x86_64-linux-gnu.so
7f6fb8d03000-7f6fb8d04000 ---p 0001d000 fc:01 2108352                    /home/hchakrabar/miniconda3/envs/pt_env/lib/python3.10/site-packages/sklearn/utils/_vector_sentinel.cpython-310-x86_64-linux-gnu.so
7f6fb8d04000-7f6fb8d05000 r--p 0001d000 fc:01 2108352                    /home/hchakrabar/miniconda3/envs/pt_env/lib/python3.10/site-packages/sklearn/utils/_vector_sentinel.cpython-310-x86_64-linux-gnu.so
7f6fb8d05000-7f6fb8d07000 rw-p 0001e000 fc:01 2108352                    /home/hchakrabar/miniconda3/envs/pt_env/lib/python3.10/site-packages/sklearn/utils/_vector_sentinel.cpython-310-x86_64-linux-gnu.so
7f6fb8d07000-7f6fb8d0d000 r--p 00000000 fc:01 2108054                    /home/hchakrabar/miniconda3/envs/pt_env/lib/python3.10/site-packages/sklearn/metrics/_pairwise_distances_reduction/_radius_neighbors.cpython-310-x86_64-linux-gnu.so
7f6fb8d0d000-7f6fb8d2f000 r-xp 00006000 fc:01 2108054                    /home/hchakrabar/miniconda3/envs/pt_env/lib/python3.10/site-packages/sklearn/metrics/_pairwise_distances_reduction/_radius_neighbors.cpython-310-x86_64-linux-gnu.so
7f6fb8d2f000-7f6fb8d38000 r--p 00028000 fc:01 2108054                    /home/hchakrabar/miniconda3/envs/pt_env/lib/python3.10/site-packages/sklearn/metrics/_pairwise_distances_reduction/_radius_neighbors.cpython-310-x86_64-linux-gnu.so
7f6fb8d38000-7f6fb8d39000 ---p 00031000 fc:01 2108054                    /home/hchakrabar/miniconda3/envs/pt_env/lib/python3.10/site-packages/sklearn/metrics/_pairwise_distances_reduction/_radius_neighbors.cpython-310-x86_64-linux-gnu.so
7f6fb8d39000-7f6fb8d3a000 r--p 00031000 fc:01 2108054                    /home/hchakrabar/miniconda3/envs/pt_env/lib/python3.10/site-packages/sklearn/metrics/_pairwise_distances_reduction/_radius_neighbors.cpython-310-x86_64-linux-gnu.so
7f6fb8d3a000-7f6fb8d3c000 rw-p 00032000 fc:01 2108054                    /home/hchakrabar/miniconda3/envs/pt_env/lib/python3.10/site-packages/sklearn/metrics/_pairwise_distances_reduction/_radius_neighbors.cpython-310-x86_64-linux-gnu.so
7f6fb8d3c000-7f6fb8d3d000 rw-p 00000000 00:00 0 
7f6fb8d3d000-7f6fb8d41000 rw-p 00045000 fc:01 2108054                    /home/hchakrabar/miniconda3/envs/pt_env/lib/python3.10/site-packages/sklearn/metrics/_pairwise_distances_reduction/_radius_neighbors.cpython-310-x86_64-linux-gnu.so
7f6fb8d41000-7f6fb8d45000 r--p 00000000 fc:01 2108041                    /home/hchakrabar/miniconda3/envs/pt_env/lib/python3.10/site-packages/sklearn/metrics/_pairwise_distances_reduction/_argkmin_classmode.cpython-310-x86_64-linux-gnu.so
7f6fb8d45000-7f6fb8d58000 r-xp 00004000 fc:01 2108041                    /home/hchakrabar/miniconda3/envs/pt_env/lib/python3.10/site-packages/sklearn/metrics/_pairwise_distances_reduction/_argkmin_classmode.cpython-310-x86_64-linux-gnu.so
7f6fb8d58000-7f6fb8d5e000 r--p 00017000 fc:01 2108041                    /home/hchakrabar/miniconda3/envs/pt_env/lib/python3.10/site-packages/sklearn/metrics/_pairwise_distances_reduction/_argkmin_classmode.cpython-310-x86_64-linux-gnu.so
7f6fb8d5e000-7f6fb8d5f000 r--p 0001c000 fc:01 2108041                    /home/hchakrabar/miniconda3/envs/pt_env/lib/python3.10/site-packages/sklearn/metrics/_pairwise_distances_reduction/_argkmin_classmode.cpython-310-x86_64-linux-gnu.so
7f6fb8d5f000-7f6fb8d60000 rw-p 0001d000 fc:01 2108041                    /home/hchakrabar/miniconda3/envs/pt_env/lib/python3.10/site-packages/sklearn/metrics/_pairwise_distances_reduction/_argkmin_classmode.cpython-310-x86_64-linux-gnu.so
7f6fb8d60000-7f6fb8d61000 rw-p 00000000 00:00 0 
7f6fb8d61000-7f6fb8d64000 rw-p 00027000 fc:01 2108041                    /home/hchakrabar/miniconda3/envs/pt_env/lib/python3.10/site-packages/sklearn/metrics/_pairwise_distances_reduction/_argkmin_classmode.cpython-310-x86_64-linux-gnu.so
7f6fb8d64000-7f6fb8d6a000 r--p 00000000 fc:01 2108051                    /home/hchakrabar/miniconda3/envs/pt_env/lib/python3.10/site-packages/sklearn/metrics/_pairwise_distances_reduction/_middle_term_computer.cpython-310-x86_64-linux-gnu.so
7f6fb8d6a000-7f6fb8da0000 r-xp 00006000 fc:01 2108051                    /home/hchakrabar/miniconda3/envs/pt_env/lib/python3.10/site-packages/sklearn/metrics/_pairwise_distances_reduction/_middle_term_computer.cpython-310-x86_64-linux-gnu.so
7f6fb8da0000-7f6fb8dac000 r--p 0003c000 fc:01 2108051                    /home/hchakrabar/miniconda3/envs/pt_env/lib/python3.10/site-packages/sklearn/metrics/_pairwise_distances_reduction/_middle_term_computer.cpython-310-x86_64-linux-gnu.so
7f6fb8dac000-7f6fb8dad000 r--p 00047000 fc:01 2108051                    /home/hchakrabar/miniconda3/envs/pt_env/lib/python3.10/site-packages/sklearn/metrics/_pairwise_distances_reduction/_middle_term_computer.cpython-310-x86_64-linux-gnu.so
7f6fb8dad000-7f6fb8daf000 rw-p 00048000 fc:01 2108051                    /home/hchakrabar/miniconda3/envs/pt_env/lib/python3.10/site-packages/sklearn/metrics/_pairwise_distances_reduction/_middle_term_computer.cpython-310-x86_64-linux-gnu.so
7f6fb8daf000-7f6fb8db0000 rw-p 00000000 00:00 0 
7f6fb8db0000-7f6fb8db5000 r--p 00000000 fc:01 2108308                    /home/hchakrabar/miniconda3/envs/pt_env/lib/python3.10/site-packages/sklearn/utils/_cython_blas.cpython-310-x86_64-linux-gnu.so
7f6fb8db5000-7f6fb8df4000 r-xp 00005000 fc:01 2108308                    /home/hchakrabar/miniconda3/envs/pt_env/lib/python3.10/site-packages/sklearn/utils/_cython_blas.cpython-310-x86_64-linux-gnu.so
7f6fb8df4000-7f6fb8dfd000 r--p 00044000 fc:01 2108308                    /home/hchakrabar/miniconda3/envs/pt_env/lib/python3.10/site-packages/sklearn/utils/_cython_blas.cpython-310-x86_64-linux-gnu.so
7f6fb8dfd000-7f6fb8dfe000 r--p 0004c000 fc:01 2108308                    /home/hchakrabar/miniconda3/envs/pt_env/lib/python3.10/site-packages/sklearn/utils/_cython_blas.cpython-310-x86_64-linux-gnu.so
7f6fb8dfe000-7f6fb8e00000 rw-p 0004d000 fc:01 2108308                    /home/hchakrabar/miniconda3/envs/pt_env/lib/python3.10/site-packages/sklearn/utils/_cython_blas.cpython-310-x86_64-linux-gnu.so
7f6fb8e00000-7f6fb8e06000 r--p 00000000 fc:01 2108047                    /home/hchakrabar/miniconda3/envs/pt_env/lib/python3.10/site-packages/sklearn/metrics/_pairwise_distances_reduction/_datasets_pair.cpython-310-x86_64-linux-gnu.so
7f6fb8e06000-7f6fb8e3a000 r-xp 00006000 fc:01 2108047                    /home/hchakrabar/miniconda3/envs/pt_env/lib/python3.10/site-packages/sklearn/metrics/_pairwise_distances_reduction/_datasets_pair.cpython-310-x86_64-linux-gnu.so
7f6fb8e3a000-7f6fb8e46000 r--p 0003a000 fc:01 2108047                    /home/hchakrabar/miniconda3/envs/pt_env/lib/python3.10/site-packages/sklearn/metrics/_pairwise_distances_reduction/_datasets_pair.cpython-310-x86_64-linux-gnu.so
7f6fb8e46000-7f6fb8e47000 ---p 00046000 fc:01 2108047                    /home/hchakrabar/miniconda3/envs/pt_env/lib/python3.10/site-packages/sklearn/metrics/_pairwise_distances_reduction/_datasets_pair.cpython-310-x86_64-linux-gnu.so
7f6fb8e47000-7f6fb8e48000 r--p 00046000 fc:01 2108047                    /home/hchakrabar/miniconda3/envs/pt_env/lib/python3.10/site-packages/sklearn/metrics/_pairwise_distances_reduction/_datasets_pair.cpython-310-x86_64-linux-gnu.so
7f6fb8e48000-7f6fb8e4b000 rw-p 00047000 fc:01 2108047                    /home/hchakrabar/miniconda3/envs/pt_env/lib/python3.10/site-packages/sklearn/metrics/_pairwise_distances_reduction/_datasets_pair.cpython-310-x86_64-linux-gnu.so
7f6fb8e4b000-7f6fb8e50000 r--p 00000000 fc:01 2108043                    /home/hchakrabar/miniconda3/envs/pt_env/lib/python3.10/site-packages/sklearn/metrics/_pairwise_distances_reduction/_base.cpython-310-x86_64-linux-gnu.so
7f6fb8e50000-7f6fb8e6c000 r-xp 00005000 fc:01 2108043                    /home/hchakrabar/miniconda3/envs/pt_env/lib/python3.10/site-packages/sklearn/metrics/_pairwise_distances_reduction/_base.cpython-310-x86_64-linux-gnu.so
7f6fb8e6c000-7f6fb8e73000 r--p 00021000 fc:01 2108043                    /home/hchakrabar/miniconda3/envs/pt_env/lib/python3.10/site-packages/sklearn/metrics/_pairwise_distances_reduction/_base.cpython-310-x86_64-linux-gnu.so
7f6fb8e73000-7f6fb8e74000 r--p 00027000 fc:01 2108043                    /home/hchakrabar/miniconda3/envs/pt_env/lib/python3.10/site-packages/sklearn/metrics/_pairwise_distances_reduction/_base.cpython-310-x86_64-linux-gnu.so
7f6fb8e74000-7f6fb8e76000 rw-p 00028000 fc:01 2108043                    /home/hchakrabar/miniconda3/envs/pt_env/lib/python3.10/site-packages/sklearn/metrics/_pairwise_distances_reduction/_base.cpython-310-x86_64-linux-gnu.so
7f6fb8e76000-7f6fb8e79000 rw-p 00037000 fc:01 2108043                    /home/hchakrabar/miniconda3/envs/pt_env/lib/python3.10/site-packages/sklearn/metrics/_pairwise_distances_reduction/_base.cpython-310-x86_64-linux-gnu.so
7f6fb8e79000-7f6fb8e82000 r--p 00000000 fc:01 2108025                    /home/hchakrabar/miniconda3/envs/pt_env/lib/python3.10/site-packages/sklearn/metrics/_dist_metrics.cpython-310-x86_64-linux-gnu.so
7f6fb8e82000-7f6fb8ee0000 r-xp 00009000 fc:01 2108025                    /home/hchakrabar/miniconda3/envs/pt_env/lib/python3.10/site-packages/sklearn/metrics/_dist_metrics.cpython-310-x86_64-linux-gnu.so
7f6fb8ee0000-7f6fb8ef5000 r--p 00067000 fc:01 2108025                    /home/hchakrabar/miniconda3/envs/pt_env/lib/python3.10/site-packages/sklearn/metrics/_dist_metrics.cpython-310-x86_64-linux-gnu.so
7f6fb8ef5000-7f6fb8ef7000 r--p 0007b000 fc:01 2108025                    /home/hchakrabar/miniconda3/envs/pt_env/lib/python3.10/site-packages/sklearn/metrics/_dist_metrics.cpython-310-x86_64-linux-gnu.so
7f6fb8ef7000-7f6fb8efd000 rw-p 0007d000 fc:01 2108025                    /home/hchakrabar/miniconda3/envs/pt_env/lib/python3.10/site-packages/sklearn/metrics/_dist_metrics.cpython-310-x86_64-linux-gnu.so
7f6fb8efd000-7f6fb9000000 rw-p 00000000 00:00 0 
7f6fb9000000-7f6fb9025000 r-xp 00000000 fc:01 2079810                    /home/hchakrabar/miniconda3/envs/pt_env/lib/python3.10/site-packages/scikit_learn.libs/libgomp-a34b3233.so.1.0.0
7f6fb9025000-7f6fb9224000 ---p 00025000 fc:01 2079810                    /home/hchakrabar/miniconda3/envs/pt_env/lib/python3.10/site-packages/scikit_learn.libs/libgomp-a34b3233.so.1.0.0
7f6fb9224000-7f6fb9225000 r--p 00024000 fc:01 2079810                    /home/hchakrabar/miniconda3/envs/pt_env/lib/python3.10/site-packages/scikit_learn.libs/libgomp-a34b3233.so.1.0.0
7f6fb9225000-7f6fb922a000 rw-p 00025000 fc:01 2079810                    /home/hchakrabar/miniconda3/envs/pt_env/lib/python3.10/site-packages/scikit_learn.libs/libgomp-a34b3233.so.1.0.0
7f6fb922f000-7f6fb9234000 r--p 00000000 fc:01 2108038                    /home/hchakrabar/miniconda3/envs/pt_env/lib/python3.10/site-packages/sklearn/metrics/_pairwise_distances_reduction/_argkmin.cpython-310-x86_64-linux-gnu.so
7f6fb9234000-7f6fb9255000 r-xp 00005000 fc:01 2108038                    /home/hchakrabar/miniconda3/envs/pt_env/lib/python3.10/site-packages/sklearn/metrics/_pairwise_distances_reduction/_argkmin.cpython-310-x86_64-linux-gnu.so
7f6fb9255000-7f6fb925d000 r--p 00026000 fc:01 2108038                    /home/hchakrabar/miniconda3/envs/pt_env/lib/python3.10/site-packages/sklearn/metrics/_pairwise_distances_reduction/_argkmin.cpython-310-x86_64-linux-gnu.so
7f6fb925d000-7f6fb925e000 r--p 0002d000 fc:01 2108038                    /home/hchakrabar/miniconda3/envs/pt_env/lib/python3.10/site-packages/sklearn/metrics/_pairwise_distances_reduction/_argkmin.cpython-310-x86_64-linux-gnu.so
7f6fb925e000-7f6fb9260000 rw-p 0002e000 fc:01 2108038                    /home/hchakrabar/miniconda3/envs/pt_env/lib/python3.10/site-packages/sklearn/metrics/_pairwise_distances_reduction/_argkmin.cpython-310-x86_64-linux-gnu.so
7f6fb9260000-7f6fb9261000 rw-p 00000000 00:00 0 
7f6fb9261000-7f6fb9264000 rw-p 0003f000 fc:01 2108038                    /home/hchakrabar/miniconda3/envs/pt_env/lib/python3.10/site-packages/sklearn/metrics/_pairwise_distances_reduction/_argkmin.cpython-310-x86_64-linux-gnu.so
7f6fb9264000-7f6fb9269000 r--p 00000000 fc:01 2108185                    /home/hchakrabar/miniconda3/envs/pt_env/lib/python3.10/site-packages/sklearn/preprocessing/_target_encoder_fast.cpython-310-x86_64-linux-gnu.so
7f6fb9269000-7f6fb92b5000 r-xp 00005000 fc:01 2108185                    /home/hchakrabar/miniconda3/envs/pt_env/lib/python3.10/site-packages/sklearn/preprocessing/_target_encoder_fast.cpython-310-x86_64-linux-gnu.so
7f6fb92b5000-7f6fb92bc000 r--p 00051000 fc:01 2108185                    /home/hchakrabar/miniconda3/envs/pt_env/lib/python3.10/site-packages/sklearn/preprocessing/_target_encoder_fast.cpython-310-x86_64-linux-gnu.so
7f6fb92bc000-7f6fb92bd000 ---p 00058000 fc:01 2108185                    /home/hchakrabar/miniconda3/envs/pt_env/lib/python3.10/site-packages/sklearn/preprocessing/_target_encoder_fast.cpython-310-x86_64-linux-gnu.so
7f6fb92bd000-7f6fb92be000 r--p 00058000 fc:01 2108185                    /home/hchakrabar/miniconda3/envs/pt_env/lib/python3.10/site-packages/sklearn/preprocessing/_target_encoder_fast.cpython-310-x86_64-linux-gnu.so
7f6fb92be000-7f6fb92c0000 rw-p 00059000 fc:01 2108185                    /home/hchakrabar/miniconda3/envs/pt_env/lib/python3.10/site-packages/sklearn/preprocessing/_target_encoder_fast.cpython-310-x86_64-linux-gnu.so
7f6fb92c0000-7f6fb92c5000 r--p 00000000 fc:01 2108176                    /home/hchakrabar/miniconda3/envs/pt_env/lib/python3.10/site-packages/sklearn/preprocessing/_csr_polynomial_expansion.cpython-310-x86_64-linux-gnu.so
7f6fb92c5000-7f6fb9307000 r-xp 00005000 fc:01 2108176                    /home/hchakrabar/miniconda3/envs/pt_env/lib/python3.10/site-packages/sklearn/preprocessing/_csr_polynomial_expansion.cpython-310-x86_64-linux-gnu.so
7f6fb9307000-7f6fb930e000 r--p 00047000 fc:01 2108176                    /home/hchakrabar/miniconda3/envs/pt_env/lib/python3.10/site-packages/sklearn/preprocessing/_csr_polynomial_expansion.cpython-310-x86_64-linux-gnu.so
7f6fb930e000-7f6fb930f000 ---p 0004e000 fc:01 2108176                    /home/hchakrabar/miniconda3/envs/pt_env/lib/python3.10/site-packages/sklearn/preprocessing/_csr_polynomial_expansion.cpython-310-x86_64-linux-gnu.so
7f6fb930f000-7f6fb9310000 r--p 0004e000 fc:01 2108176                    /home/hchakrabar/miniconda3/envs/pt_env/lib/python3.10/site-packages/sklearn/preprocessing/_csr_polynomial_expansion.cpython-310-x86_64-linux-gnu.so
7f6fb9310000-7f6fb9312000 rw-p 0004f000 fc:01 2108176                    /home/hchakrabar/miniconda3/envs/pt_env/lib/python3.10/site-packages/sklearn/preprocessing/_csr_polynomial_expansion.cpython-310-x86_64-linux-gnu.so
7f6fb9312000-7f6fb9316000 r--p 00000000 fc:01 2108078                    /home/hchakrabar/miniconda3/envs/pt_env/lib/python3.10/site-packages/sklearn/metrics/cluster/_expected_mutual_info_fast.cpython-310-x86_64-linux-gnu.so
7f6fb9316000-7f6fb9323000 r-xp 00004000 fc:01 2108078                    /home/hchakrabar/miniconda3/envs/pt_env/lib/python3.10/site-packages/sklearn/metrics/cluster/_expected_mutual_info_fast.cpython-310-x86_64-linux-gnu.so
7f6fb9323000-7f6fb9327000 r--p 00011000 fc:01 2108078                    /home/hchakrabar/miniconda3/envs/pt_env/lib/python3.10/site-packages/sklearn/metrics/cluster/_expected_mutual_info_fast.cpython-310-x86_64-linux-gnu.so
7f6fb9327000-7f6fb9328000 r--p 00014000 fc:01 2108078                    /home/hchakrabar/miniconda3/envs/pt_env/lib/python3.10/site-packages/sklearn/metrics/cluster/_expected_mutual_info_fast.cpython-310-x86_64-linux-gnu.so
7f6fb9328000-7f6fb9329000 rw-p 00015000 fc:01 2108078                    /home/hchakrabar/miniconda3/envs/pt_env/lib/python3.10/site-packages/sklearn/metrics/cluster/_expected_mutual_info_fast.cpython-310-x86_64-linux-gnu.so
7f6fb9329000-7f6fb932c000 r--p 00000000 fc:01 2108326                    /home/hchakrabar/miniconda3/envs/pt_env/lib/python3.10/site-packages/sklearn/utils/_openmp_helpers.cpython-310-x86_64-linux-gnu.so
7f6fb932c000-7f6fb9333000 r-xp 00003000 fc:01 2108326                    /home/hchakrabar/miniconda3/envs/pt_env/lib/python3.10/site-packages/sklearn/utils/_openmp_helpers.cpython-310-x86_64-linux-gnu.so
7f6fb9333000-7f6fb9335000 r--p 0000a000 fc:01 2108326                    /home/hchakrabar/miniconda3/envs/pt_env/lib/python3.10/site-packages/sklearn/utils/_openmp_helpers.cpython-310-x86_64-linux-gnu.so
7f6fb9335000-7f6fb9336000 ---p 0000c000 fc:01 2108326                    /home/hchakrabar/miniconda3/envs/pt_env/lib/python3.10/site-packages/sklearn/utils/_openmp_helpers.cpython-310-x86_64-linux-gnu.so
7f6fb9336000-7f6fb9337000 r--p 0000c000 fc:01 2108326                    /home/hchakrabar/miniconda3/envs/pt_env/lib/python3.10/site-packages/sklearn/utils/_openmp_helpers.cpython-310-x86_64-linux-gnu.so
7f6fb9337000-7f6fb9338000 rw-p 0000d000 fc:01 2108326                    /home/hchakrabar/miniconda3/envs/pt_env/lib/python3.10/site-packages/sklearn/utils/_openmp_helpers.cpython-310-x86_64-linux-gnu.so
7f6fb9338000-7f6fb933b000 rw-p 00012000 fc:01 2108326                    /home/hchakrabar/miniconda3/envs/pt_env/lib/python3.10/site-packages/sklearn/utils/_openmp_helpers.cpython-310-x86_64-linux-gnu.so
7f6fb933b000-7f6fb933f000 r--p 00000000 fc:01 2108371                    /home/hchakrabar/miniconda3/envs/pt_env/lib/python3.10/site-packages/sklearn/utils/murmurhash.cpython-310-x86_64-linux-gnu.so
7f6fb933f000-7f6fb9351000 r-xp 00004000 fc:01 2108371                    /home/hchakrabar/miniconda3/envs/pt_env/lib/python3.10/site-packages/sklearn/utils/murmurhash.cpython-310-x86_64-linux-gnu.so
7f6fb9351000-7f6fb9356000 r--p 00016000 fc:01 2108371                    /home/hchakrabar/miniconda3/envs/pt_env/lib/python3.10/site-packages/sklearn/utils/murmurhash.cpython-310-x86_64-linux-gnu.so
7f6fb9356000-7f6fb9357000 ---p 0001b000 fc:01 2108371                    /home/hchakrabar/miniconda3/envs/pt_env/lib/python3.10/site-packages/sklearn/utils/murmurhash.cpython-310-x86_64-linux-gnu.so
7f6fb9357000-7f6fb9358000 r--p 0001b000 fc:01 2108371                    /home/hchakrabar/miniconda3/envs/pt_env/lib/python3.10/site-packages/sklearn/utils/murmurhash.cpython-310-x86_64-linux-gnu.so
7f6fb9358000-7f6fb9359000 rw-p 0001c000 fc:01 2108371                    /home/hchakrabar/miniconda3/envs/pt_env/lib/python3.10/site-packages/sklearn/utils/murmurhash.cpython-310-x86_64-linux-gnu.so
7f6fb9359000-7f6fb935e000 r--p 00000000 fc:01 2108378                    /home/hchakrabar/miniconda3/envs/pt_env/lib/python3.10/site-packages/sklearn/utils/sparsefuncs_fast.cpython-310-x86_64-linux-gnu.so
7f6fb935e000-7f6fb93f7000 r-xp 00005000 fc:01 2108378                    /home/hchakrabar/miniconda3/envs/pt_env/lib/python3.10/site-packages/sklearn/utils/sparsefuncs_fast.cpython-310-x86_64-linux-gnu.so
7f6fb93f7000-7f6fb9403000 r--p 0009e000 fc:01 2108378                    /home/hchakrabar/miniconda3/envs/pt_env/lib/python3.10/site-packages/sklearn/utils/sparsefuncs_fast.cpython-310-x86_64-linux-gnu.so
7f6fb9403000-7f6fb9405000 r--p 000a9000 fc:01 2108378                    /home/hchakrabar/miniconda3/envs/pt_env/lib/python3.10/site-packages/sklearn/utils/sparsefuncs_fast.cpython-310-x86_64-linux-gnu.so
7f6fb9405000-7f6fb9407000 rw-p 000ab000 fc:01 2108378                    /home/hchakrabar/miniconda3/envs/pt_env/lib/python3.10/site-packages/sklearn/utils/sparsefuncs_fast.cpython-310-x86_64-linux-gnu.so
7f6fb9407000-7f6fb9408000 rw-p 00000000 00:00 0 
7f6fb9408000-7f6fb940d000 r--p 00000000 fc:01 2079837                    /home/hchakrabar/miniconda3/envs/pt_env/lib/python3.10/site-packages/sklearn/_cyutility.cpython-310-x86_64-linux-gnu.so
7f6fb940d000-7f6fb942a000 r-xp 00005000 fc:01 2079837                    /home/hchakrabar/miniconda3/envs/pt_env/lib/python3.10/site-packages/sklearn/_cyutility.cpython-310-x86_64-linux-gnu.so
7f6fb942a000-7f6fb9430000 r--p 00022000 fc:01 2079837                    /home/hchakrabar/miniconda3/envs/pt_env/lib/python3.10/site-packages/sklearn/_cyutility.cpython-310-x86_64-linux-gnu.so
7f6fb9430000-7f6fb9431000 ---p 00028000 fc:01 2079837                    /home/hchakrabar/miniconda3/envs/pt_env/lib/python3.10/site-packages/sklearn/_cyutility.cpython-310-x86_64-linux-gnu.so
7f6fb9431000-7f6fb9432000 r--p 00028000 fc:01 2079837                    /home/hchakrabar/miniconda3/envs/pt_env/lib/python3.10/site-packages/sklearn/_cyutility.cpython-310-x86_64-linux-gnu.so
7f6fb9432000-7f6fb9434000 rw-p 00029000 fc:01 2079837                    /home/hchakrabar/miniconda3/envs/pt_env/lib/python3.10/site-packages/sklearn/_cyutility.cpython-310-x86_64-linux-gnu.so
7f6fb9434000-7f6fb9438000 r--p 00000000 fc:01 2108320                    /home/hchakrabar/miniconda3/envs/pt_env/lib/python3.10/site-packages/sklearn/utils/_isfinite.cpython-310-x86_64-linux-gnu.so
7f6fb9438000-7f6fb9446000 r-xp 00004000 fc:01 2108320                    /home/hchakrabar/miniconda3/envs/pt_env/lib/python3.10/site-packages/sklearn/utils/_isfinite.cpython-310-x86_64-linux-gnu.so
7f6fb9446000-7f6fb944a000 r--p 00012000 fc:01 2108320                    /home/hchakrabar/miniconda3/envs/pt_env/lib/python3.10/site-packages/sklearn/utils/_isfinite.cpython-310-x86_64-linux-gnu.so
7f6fb944a000-7f6fb944b000 ---p 00016000 fc:01 2108320                    /home/hchakrabar/miniconda3/envs/pt_env/lib/python3.10/site-packages/sklearn/utils/_isfinite.cpython-310-x86_64-linux-gnu.so
7f6fb944b000-7f6fb944c000 r--p 00016000 fc:01 2108320                    /home/hchakrabar/miniconda3/envs/pt_env/lib/python3.10/site-packages/sklearn/utils/_isfinite.cpython-310-x86_64-linux-gnu.so
7f6fb944c000-7f6fb944d000 rw-p 00017000 fc:01 2108320                    /home/hchakrabar/miniconda3/envs/pt_env/lib/python3.10/site-packages/sklearn/utils/_isfinite.cpython-310-x86_64-linux-gnu.so
7f6fb944d000-7f6fb944e000 rw-p 00000000 00:00 0 
7f6fb944e000-7f6fb9453000 r--p 00000000 fc:01 1309759                    /home/hchakrabar/miniconda3/envs/pt_env/lib/python3.10/site-packages/scipy/ndimage/_ni_label.cpython-310-x86_64-linux-gnu.so
7f6fb9453000-7f6fb949f000 r-xp 00005000 fc:01 1309759                    /home/hchakrabar/miniconda3/envs/pt_env/lib/python3.10/site-packages/scipy/ndimage/_ni_label.cpython-310-x86_64-linux-gnu.so
7f6fb949f000-7f6fb94a8000 r--p 00051000 fc:01 1309759                    /home/hchakrabar/miniconda3/envs/pt_env/lib/python3.10/site-packages/scipy/ndimage/_ni_label.cpython-310-x86_64-linux-gnu.so
7f6fb94a8000-7f6fb94a9000 ---p 0005a000 fc:01 1309759                    /home/hchakrabar/miniconda3/envs/pt_env/lib/python3.10/site-packages/scipy/ndimage/_ni_label.cpython-310-x86_64-linux-gnu.so
7f6fb94a9000-7f6fb94aa000 r--p 0005a000 fc:01 1309759                    /home/hchakrabar/miniconda3/envs/pt_env/lib/python3.10/site-packages/scipy/ndimage/_ni_label.cpython-310-x86_64-linux-gnu.so
7f6fb94aa000-7f6fb94ad000 rw-p 0005b000 fc:01 1309759                    /home/hchakrabar/miniconda3/envs/pt_env/lib/python3.10/site-packages/scipy/ndimage/_ni_label.cpython-310-x86_64-linux-gnu.so
7f6fb94ad000-7f6fb94af000 r--p 00000000 fc:01 1309773                    /home/hchakrabar/miniconda3/envs/pt_env/lib/python3.10/site-packages/scipy/ndimage/_nd_image.cpython-310-x86_64-linux-gnu.so
7f6fb94af000-7f6fb94ca000 r-xp 00002000 fc:01 1309773                    /home/hchakrabar/miniconda3/envs/pt_env/lib/python3.10/site-packages/scipy/ndimage/_nd_image.cpython-310-x86_64-linux-gnu.so
7f6fb94ca000-7f6fb94ce000 r--p 0001d000 fc:01 1309773                    /home/hchakrabar/miniconda3/envs/pt_env/lib/python3.10/site-packages/scipy/ndimage/_nd_image.cpython-310-x86_64-linux-gnu.so
7f6fb94ce000-7f6fb94cf000 r--p 00020000 fc:01 1309773                    /home/hchakrabar/miniconda3/envs/pt_env/lib/python3.10/site-packages/scipy/ndimage/_nd_image.cpython-310-x86_64-linux-gnu.so
7f6fb94cf000-7f6fb94d0000 rw-p 00021000 fc:01 1309773                    /home/hchakrabar/miniconda3/envs/pt_env/lib/python3.10/site-packages/scipy/ndimage/_nd_image.cpython-310-x86_64-linux-gnu.so
7f6fb94d0000-7f6fb95d0000 rw-p 00000000 00:00 0 
7f6fb95d0000-7f6fb95d5000 r--p 00000000 fc:01 1310395                    /home/hchakrabar/miniconda3/envs/pt_env/lib/python3.10/site-packages/scipy/stats/_rcont/rcont.cpython-310-x86_64-linux-gnu.so
7f6fb95d5000-7f6fb95fd000 r-xp 00005000 fc:01 1310395                    /home/hchakrabar/miniconda3/envs/pt_env/lib/python3.10/site-packages/scipy/stats/_rcont/rcont.cpython-310-x86_64-linux-gnu.so
7f6fb95fd000-7f6fb9606000 r--p 0002d000 fc:01 1310395                    /home/hchakrabar/miniconda3/envs/pt_env/lib/python3.10/site-packages/scipy/stats/_rcont/rcont.cpython-310-x86_64-linux-gnu.so
7f6fb9606000-7f6fb9607000 ---p 00036000 fc:01 1310395                    /home/hchakrabar/miniconda3/envs/pt_env/lib/python3.10/site-packages/scipy/stats/_rcont/rcont.cpython-310-x86_64-linux-gnu.so
7f6fb9607000-7f6fb9608000 r--p 00036000 fc:01 1310395                    /home/hchakrabar/miniconda3/envs/pt_env/lib/python3.10/site-packages/scipy/stats/_rcont/rcont.cpython-310-x86_64-linux-gnu.so
7f6fb9608000-7f6fb960a000 rw-p 00037000 fc:01 1310395                    /home/hchakrabar/miniconda3/envs/pt_env/lib/python3.10/site-packages/scipy/stats/_rcont/rcont.cpython-310-x86_64-linux-gnu.so
7f6fb960a000-7f6fb960b000 rw-p 00000000 00:00 0 
7f6fb960b000-7f6fb960d000 r--p 00000000 fc:01 1310276                    /home/hchakrabar/miniconda3/envs/pt_env/lib/python3.10/site-packages/scipy/stats/_mvn.cpython-310-x86_64-linux-gnu.so
7f6fb960d000-7f6fb9616000 r-xp 00002000 fc:01 1310276                    /home/hchakrabar/miniconda3/envs/pt_env/lib/python3.10/site-packages/scipy/stats/_mvn.cpython-310-x86_64-linux-gnu.so
7f6fb9616000-7f6fb961c000 r--p 0000b000 fc:01 1310276                    /home/hchakrabar/miniconda3/envs/pt_env/lib/python3.10/site-packages/scipy/stats/_mvn.cpython-310-x86_64-linux-gnu.so
7f6fb961c000-7f6fb961d000 r--p 00010000 fc:01 1310276                    /home/hchakrabar/miniconda3/envs/pt_env/lib/python3.10/site-packages/scipy/stats/_mvn.cpython-310-x86_64-linux-gnu.so
7f6fb961d000-7f6fb961f000 rw-p 00011000 fc:01 1310276                    /home/hchakrabar/miniconda3/envs/pt_env/lib/python3.10/site-packages/scipy/stats/_mvn.cpython-310-x86_64-linux-gnu.so
7f6fb961f000-7f6fb9716000 rw-p 00000000 00:00 0 
7f6fb9716000-7f6fb971b000 r--p 00000000 fc:01 1310264                    /home/hchakrabar/miniconda3/envs/pt_env/lib/python3.10/site-packages/scipy/stats/_ansari_swilk_statistics.cpython-310-x86_64-linux-gnu.so
7f6fb971b000-7f6fb9748000 r-xp 00005000 fc:01 1310264                    /home/hchakrabar/miniconda3/envs/pt_env/lib/python3.10/site-packages/scipy/stats/_ansari_swilk_statistics.cpython-310-x86_64-linux-gnu.so
7f6fb9748000-7f6fb9750000 r--p 00032000 fc:01 1310264                    /home/hchakrabar/miniconda3/envs/pt_env/lib/python3.10/site-packages/scipy/stats/_ansari_swilk_statistics.cpython-310-x86_64-linux-gnu.so
7f6fb9750000-7f6fb9751000 r--p 00039000 fc:01 1310264                    /home/hchakrabar/miniconda3/envs/pt_env/lib/python3.10/site-packages/scipy/stats/_ansari_swilk_statistics.cpython-310-x86_64-linux-gnu.so
7f6fb9751000-7f6fb9753000 rw-p 0003a000 fc:01 1310264                    /home/hchakrabar/miniconda3/envs/pt_env/lib/python3.10/site-packages/scipy/stats/_ansari_swilk_statistics.cpython-310-x86_64-linux-gnu.so
7f6fb9753000-7f6fb9854000 rw-p 00000000 00:00 0 
7f6fb9854000-7f6fb9858000 r--p 00000000 fc:01 1310307                    /home/hchakrabar/miniconda3/envs/pt_env/lib/python3.10/site-packages/scipy/stats/_stats_pythran.cpython-310-x86_64-linux-gnu.so
7f6fb9858000-7f6fb9872000 r-xp 00004000 fc:01 1310307                    /home/hchakrabar/miniconda3/envs/pt_env/lib/python3.10/site-packages/scipy/stats/_stats_pythran.cpython-310-x86_64-linux-gnu.so
7f6fb9872000-7f6fb9878000 r--p 0001e000 fc:01 1310307                    /home/hchakrabar/miniconda3/envs/pt_env/lib/python3.10/site-packages/scipy/stats/_stats_pythran.cpython-310-x86_64-linux-gnu.so
7f6fb9878000-7f6fb9879000 r--p 00023000 fc:01 1310307                    /home/hchakrabar/miniconda3/envs/pt_env/lib/python3.10/site-packages/scipy/stats/_stats_pythran.cpython-310-x86_64-linux-gnu.so
7f6fb9879000-7f6fb987a000 rw-p 00024000 fc:01 1310307                    /home/hchakrabar/miniconda3/envs/pt_env/lib/python3.10/site-packages/scipy/stats/_stats_pythran.cpython-310-x86_64-linux-gnu.so
7f6fb987a000-7f6fb987f000 r--p 00000000 fc:01 1310286                    /home/hchakrabar/miniconda3/envs/pt_env/lib/python3.10/site-packages/scipy/stats/_biasedurn.cpython-310-x86_64-linux-gnu.so
7f6fb987f000-7f6fb98a9000 r-xp 00005000 fc:01 1310286                    /home/hchakrabar/miniconda3/envs/pt_env/lib/python3.10/site-packages/scipy/stats/_biasedurn.cpython-310-x86_64-linux-gnu.so
7f6fb98a9000-7f6fb98b5000 r--p 0002f000 fc:01 1310286                    /home/hchakrabar/miniconda3/envs/pt_env/lib/python3.10/site-packages/scipy/stats/_biasedurn.cpython-310-x86_64-linux-gnu.so
7f6fb98b5000-7f6fb98b6000 r--p 0003a000 fc:01 1310286                    /home/hchakrabar/miniconda3/envs/pt_env/lib/python3.10/site-packages/scipy/stats/_biasedurn.cpython-310-x86_64-linux-gnu.so
7f6fb98b6000-7f6fb98b9000 rw-p 0003b000 fc:01 1310286                    /home/hchakrabar/miniconda3/envs/pt_env/lib/python3.10/site-packages/scipy/stats/_biasedurn.cpython-310-x86_64-linux-gnu.so
7f6fb98b9000-7f6fb99bc000 rw-p 00000000 00:00 0 
7f6fb99bc000-7f6fb99c2000 r--p 00000000 fc:01 1310322                    /home/hchakrabar/miniconda3/envs/pt_env/lib/python3.10/site-packages/scipy/stats/_qmc_cy.cpython-310-x86_64-linux-gnu.so
7f6fb99c2000-7f6fb99ed000 r-xp 00006000 fc:01 1310322                    /home/hchakrabar/miniconda3/envs/pt_env/lib/python3.10/site-packages/scipy/stats/_qmc_cy.cpython-310-x86_64-linux-gnu.so
7f6fb99ed000-7f6fb99f6000 r--p 00031000 fc:01 1310322                    /home/hchakrabar/miniconda3/envs/pt_env/lib/python3.10/site-packages/scipy/stats/_qmc_cy.cpython-310-x86_64-linux-gnu.so
7f6fb99f6000-7f6fb99f7000 r--p 00039000 fc:01 1310322                    /home/hchakrabar/miniconda3/envs/pt_env/lib/python3.10/site-packages/scipy/stats/_qmc_cy.cpython-310-x86_64-linux-gnu.so
7f6fb99f7000-7f6fb99f9000 rw-p 0003a000 fc:01 1310322                    /home/hchakrabar/miniconda3/envs/pt_env/lib/python3.10/site-packages/scipy/stats/_qmc_cy.cpython-310-x86_64-linux-gnu.so
7f6fb99f9000-7f6fb9afa000 rw-p 00000000 00:00 0 
7f6fb9afa000-7f6fb9aff000 r--p 00000000 fc:01 1310304                    /home/hchakrabar/miniconda3/envs/pt_env/lib/python3.10/site-packages/scipy/stats/_sobol.cpython-310-x86_64-linux-gnu.so
7f6fb9aff000-7f6fb9b47000 r-xp 00005000 fc:01 1310304                    /home/hchakrabar/miniconda3/envs/pt_env/lib/python3.10/site-packages/scipy/stats/_sobol.cpython-310-x86_64-linux-gnu.so
7f6fb9b47000-7f6fb9b51000 r--p 0004d000 fc:01 1310304                    /home/hchakrabar/miniconda3/envs/pt_env/lib/python3.10/site-packages/scipy/stats/_sobol.cpython-310-x86_64-linux-gnu.so
7f6fb9b51000-7f6fb9b52000 r--p 00056000 fc:01 1310304                    /home/hchakrabar/miniconda3/envs/pt_env/lib/python3.10/site-packages/scipy/stats/_sobol.cpython-310-x86_64-linux-gnu.so
7f6fb9b52000-7f6fb9b55000 rw-p 00057000 fc:01 1310304                    /home/hchakrabar/miniconda3/envs/pt_env/lib/python3.10/site-packages/scipy/stats/_sobol.cpython-310-x86_64-linux-gnu.so
7f6fb9b55000-7f6fb9b63000 r--p 00000000 fc:01 1309471                    /home/hchakrabar/miniconda3/envs/pt_env/lib/python3.10/site-packages/scipy/special/cython_special.cpython-310-x86_64-linux-gnu.so
7f6fb9b63000-7f6fb9e28000 r-xp 0000e000 fc:01 1309471                    /home/hchakrabar/miniconda3/envs/pt_env/lib/python3.10/site-packages/scipy/special/cython_special.cpython-310-x86_64-linux-gnu.so
7f6fb9e28000-7f6fb9e70000 r--p 002d3000 fc:01 1309471                    /home/hchakrabar/miniconda3/envs/pt_env/lib/python3.10/site-packages/scipy/special/cython_special.cpython-310-x86_64-linux-gnu.so
7f6fb9e70000-7f6fb9e71000 r--p 0031a000 fc:01 1309471                    /home/hchakrabar/miniconda3/envs/pt_env/lib/python3.10/site-packages/scipy/special/cython_special.cpython-310-x86_64-linux-gnu.so
7f6fb9e71000-7f6fb9e76000 rw-p 0031b000 fc:01 1309471                    /home/hchakrabar/miniconda3/envs/pt_env/lib/python3.10/site-packages/scipy/special/cython_special.cpython-310-x86_64-linux-gnu.so
7f6fb9e76000-7f6fb9e79000 rw-p 00000000 00:00 0 
7f6fb9e79000-7f6fb9e7f000 r--p 00000000 fc:01 1310270                    /home/hchakrabar/miniconda3/envs/pt_env/lib/python3.10/site-packages/scipy/stats/_stats.cpython-310-x86_64-linux-gnu.so
7f6fb9e7f000-7f6fb9f13000 r-xp 00006000 fc:01 1310270                    /home/hchakrabar/miniconda3/envs/pt_env/lib/python3.10/site-packages/scipy/stats/_stats.cpython-310-x86_64-linux-gnu.so
7f6fb9f13000-7f6fb9f21000 r--p 0009a000 fc:01 1310270                    /home/hchakrabar/miniconda3/envs/pt_env/lib/python3.10/site-packages/scipy/stats/_stats.cpython-310-x86_64-linux-gnu.so
7f6fb9f21000-7f6fb9f22000 r--p 000a7000 fc:01 1310270                    /home/hchakrabar/miniconda3/envs/pt_env/lib/python3.10/site-packages/scipy/stats/_stats.cpython-310-x86_64-linux-gnu.so
7f6fb9f22000-7f6fb9f25000 rw-p 000a8000 fc:01 1310270                    /home/hchakrabar/miniconda3/envs/pt_env/lib/python3.10/site-packages/scipy/stats/_stats.cpython-310-x86_64-linux-gnu.so
7f6fb9f25000-7f6fb9f27000 rw-p 00000000 00:00 0 
7f6fb9f27000-7f6fb9f2d000 r--p 00000000 fc:01 1310521                    /home/hchakrabar/miniconda3/envs/pt_env/lib/python3.10/site-packages/scipy/interpolate/_bspl.cpython-310-x86_64-linux-gnu.so
7f6fb9f2d000-7f6fb9f63000 r-xp 00006000 fc:01 1310521                    /home/hchakrabar/miniconda3/envs/pt_env/lib/python3.10/site-packages/scipy/interpolate/_bspl.cpython-310-x86_64-linux-gnu.so
7f6fb9f63000-7f6fb9f70000 r--p 0003c000 fc:01 1310521                    /home/hchakrabar/miniconda3/envs/pt_env/lib/python3.10/site-packages/scipy/interpolate/_bspl.cpython-310-x86_64-linux-gnu.so
7f6fb9f70000-7f6fb9f71000 r--p 00048000 fc:01 1310521                    /home/hchakrabar/miniconda3/envs/pt_env/lib/python3.10/site-packages/scipy/interpolate/_bspl.cpython-310-x86_64-linux-gnu.so
7f6fb9f71000-7f6fb9f73000 rw-p 00049000 fc:01 1310521                    /home/hchakrabar/miniconda3/envs/pt_env/lib/python3.10/site-packages/scipy/interpolate/_bspl.cpython-310-x86_64-linux-gnu.so
7f6fb9f73000-7f6fb9f74000 rw-p 00000000 00:00 0 
7f6fb9f74000-7f6fb9f79000 rw-p 0005f000 fc:01 1310521                    /home/hchakrabar/miniconda3/envs/pt_env/lib/python3.10/site-packages/scipy/interpolate/_bspl.cpython-310-x86_64-linux-gnu.so
7f6fb9f79000-7f6fb9f7e000 r--p 00000000 fc:01 1310524                    /home/hchakrabar/miniconda3/envs/pt_env/lib/python3.10/site-packages/scipy/interpolate/_rgi_cython.cpython-310-x86_64-linux-gnu.so
7f6fb9f7e000-7f6fb9faf000 r-xp 00005000 fc:01 1310524                    /home/hchakrabar/miniconda3/envs/pt_env/lib/python3.10/site-packages/scipy/interpolate/_rgi_cython.cpython-310-x86_64-linux-gnu.so
7f6fb9faf000-7f6fb9fb7000 r--p 00036000 fc:01 1310524                    /home/hchakrabar/miniconda3/envs/pt_env/lib/python3.10/site-packages/scipy/interpolate/_rgi_cython.cpython-310-x86_64-linux-gnu.so
7f6fb9fb7000-7f6fb9fb8000 r--p 0003d000 fc:01 1310524                    /home/hchakrabar/miniconda3/envs/pt_env/lib/python3.10/site-packages/scipy/interpolate/_rgi_cython.cpython-310-x86_64-linux-gnu.so
7f6fb9fb8000-7f6fb9fba000 rw-p 0003e000 fc:01 1310524                    /home/hchakrabar/miniconda3/envs/pt_env/lib/python3.10/site-packages/scipy/interpolate/_rgi_cython.cpython-310-x86_64-linux-gnu.so
7f6fb9fba000-7f6fb9fbb000 rw-p 00000000 00:00 0 
7f6fb9fbb000-7f6fb9fbf000 r--p 00000000 fc:01 1310514                    /home/hchakrabar/miniconda3/envs/pt_env/lib/python3.10/site-packages/scipy/interpolate/_rbfinterp_pythran.cpython-310-x86_64-linux-gnu.so
7f6fb9fbf000-7f6fb9fea000 r-xp 00004000 fc:01 1310514                    /home/hchakrabar/miniconda3/envs/pt_env/lib/python3.10/site-packages/scipy/interpolate/_rbfinterp_pythran.cpython-310-x86_64-linux-gnu.so
7f6fb9fea000-7f6fb9ff0000 r--p 0002f000 fc:01 1310514                    /home/hchakrabar/miniconda3/envs/pt_env/lib/python3.10/site-packages/scipy/interpolate/_rbfinterp_pythran.cpython-310-x86_64-linux-gnu.so
7f6fb9ff0000-7f6fb9ff1000 r--p 00034000 fc:01 1310514                    /home/hchakrabar/miniconda3/envs/pt_env/lib/python3.10/site-packages/scipy/interpolate/_rbfinterp_pythran.cpython-310-x86_64-linux-gnu.so
7f6fb9ff1000-7f6fb9ff2000 rw-p 00035000 fc:01 1310514                    /home/hchakrabar/miniconda3/envs/pt_env/lib/python3.10/site-packages/scipy/interpolate/_rbfinterp_pythran.cpython-310-x86_64-linux-gnu.so
7f6fb9ff2000-7f6fba0f2000 rw-p 00000000 00:00 0 
7f6fba0f2000-7f6fba0f8000 r--p 00000000 fc:01 1310528                    /home/hchakrabar/miniconda3/envs/pt_env/lib/python3.10/site-packages/scipy/interpolate/_interpnd.cpython-310-x86_64-linux-gnu.so
7f6fba0f8000-7f6fba148000 r-xp 00006000 fc:01 1310528                    /home/hchakrabar/miniconda3/envs/pt_env/lib/python3.10/site-packages/scipy/interpolate/_interpnd.cpython-310-x86_64-linux-gnu.so
7f6fba148000-7f6fba154000 r--p 00056000 fc:01 1310528                    /home/hchakrabar/miniconda3/envs/pt_env/lib/python3.10/site-packages/scipy/interpolate/_interpnd.cpython-310-x86_64-linux-gnu.so
7f6fba154000-7f6fba155000 r--p 00061000 fc:01 1310528                    /home/hchakrabar/miniconda3/envs/pt_env/lib/python3.10/site-packages/scipy/interpolate/_interpnd.cpython-310-x86_64-linux-gnu.so
7f6fba155000-7f6fba158000 rw-p 00062000 fc:01 1310528                    /home/hchakrabar/miniconda3/envs/pt_env/lib/python3.10/site-packages/scipy/interpolate/_interpnd.cpython-310-x86_64-linux-gnu.so
7f6fba158000-7f6fba159000 rw-p 00000000 00:00 0 
7f6fba159000-7f6fba15e000 r--p 00000000 fc:01 1310501                    /home/hchakrabar/miniconda3/envs/pt_env/lib/python3.10/site-packages/scipy/interpolate/_ppoly.cpython-310-x86_64-linux-gnu.so
7f6fba15e000-7f6fba1b4000 r-xp 00005000 fc:01 1310501                    /home/hchakrabar/miniconda3/envs/pt_env/lib/python3.10/site-packages/scipy/interpolate/_ppoly.cpython-310-x86_64-linux-gnu.so
7f6fba1b4000-7f6fba1bf000 r--p 0005b000 fc:01 1310501                    /home/hchakrabar/miniconda3/envs/pt_env/lib/python3.10/site-packages/scipy/interpolate/_ppoly.cpython-310-x86_64-linux-gnu.so
7f6fba1bf000-7f6fba1c0000 r--p 00065000 fc:01 1310501                    /home/hchakrabar/miniconda3/envs/pt_env/lib/python3.10/site-packages/scipy/interpolate/_ppoly.cpython-310-x86_64-linux-gnu.so
7f6fba1c0000-7f6fba1c2000 rw-p 00066000 fc:01 1310501                    /home/hchakrabar/miniconda3/envs/pt_env/lib/python3.10/site-packages/scipy/interpolate/_ppoly.cpython-310-x86_64-linux-gnu.so
7f6fba1c2000-7f6fba1c3000 rw-p 00000000 00:00 0 
7f6fba1c3000-7f6fba1c6000 r--p 00000000 fc:01 1310522                    /home/hchakrabar/miniconda3/envs/pt_env/lib/python3.10/site-packages/scipy/interpolate/_dierckx.cpython-310-x86_64-linux-gnu.so
7f6fba1c6000-7f6fba1d2000 r-xp 00003000 fc:01 1310522                    /home/hchakrabar/miniconda3/envs/pt_env/lib/python3.10/site-packages/scipy/interpolate/_dierckx.cpython-310-x86_64-linux-gnu.so
7f6fba1d2000-7f6fba1d7000 r--p 0000f000 fc:01 1310522                    /home/hchakrabar/miniconda3/envs/pt_env/lib/python3.10/site-packages/scipy/interpolate/_dierckx.cpython-310-x86_64-linux-gnu.so
7f6fba1d7000-7f6fba1d8000 r--p 00013000 fc:01 1310522                    /home/hchakrabar/miniconda3/envs/pt_env/lib/python3.10/site-packages/scipy/interpolate/_dierckx.cpython-310-x86_64-linux-gnu.so
7f6fba1d8000-7f6fba1da000 rw-p 00014000 fc:01 1310522                    /home/hchakrabar/miniconda3/envs/pt_env/lib/python3.10/site-packages/scipy/interpolate/_dierckx.cpython-310-x86_64-linux-gnu.so
7f6fba1da000-7f6fba1dd000 rw-p 00020000 fc:01 1310522                    /home/hchakrabar/miniconda3/envs/pt_env/lib/python3.10/site-packages/scipy/interpolate/_dierckx.cpython-310-x86_64-linux-gnu.so
7f6fba1dd000-7f6fba1e1000 r--p 00000000 fc:01 1310509                    /home/hchakrabar/miniconda3/envs/pt_env/lib/python3.10/site-packages/scipy/interpolate/_dfitpack.cpython-310-x86_64-linux-gnu.so
7f6fba1e1000-7f6fba217000 r-xp 00004000 fc:01 1310509                    /home/hchakrabar/miniconda3/envs/pt_env/lib/python3.10/site-packages/scipy/interpolate/_dfitpack.cpython-310-x86_64-linux-gnu.so
7f6fba217000-7f6fba223000 r--p 0003a000 fc:01 1310509                    /home/hchakrabar/miniconda3/envs/pt_env/lib/python3.10/site-packages/scipy/interpolate/_dfitpack.cpython-310-x86_64-linux-gnu.so
7f6fba223000-7f6fba224000 ---p 00046000 fc:01 1310509                    /home/hchakrabar/miniconda3/envs/pt_env/lib/python3.10/site-packages/scipy/interpolate/_dfitpack.cpython-310-x86_64-linux-gnu.so
7f6fba224000-7f6fba225000 r--p 00046000 fc:01 1310509                    /home/hchakrabar/miniconda3/envs/pt_env/lib/python3.10/site-packages/scipy/interpolate/_dfitpack.cpython-310-x86_64-linux-gnu.so
7f6fba225000-7f6fba22d000 rw-p 00047000 fc:01 1310509                    /home/hchakrabar/miniconda3/envs/pt_env/lib/python3.10/site-packages/scipy/interpolate/_dfitpack.cpython-310-x86_64-linux-gnu.so
7f6fba22d000-7f6fba230000 rw-p 00052000 fc:01 1310509                    /home/hchakrabar/miniconda3/envs/pt_env/lib/python3.10/site-packages/scipy/interpolate/_dfitpack.cpython-310-x86_64-linux-gnu.so
7f6fba230000-7f6fba330000 rw-p 00000000 00:00 0 
7f6fba330000-7f6fba34c000 r--p 00000000 fc:01 1309107                    /home/hchakrabar/miniconda3/envs/pt_env/lib/python3.10/site-packages/scipy/integrate/_lsoda.cpython-310-x86_64-linux-gnu.so
7f6fba34c000-7f6fba367000 r-xp 0001c000 fc:01 1309107                    /home/hchakrabar/miniconda3/envs/pt_env/lib/python3.10/site-packages/scipy/integrate/_lsoda.cpython-310-x86_64-linux-gnu.so
7f6fba367000-7f6fba376000 r--p 00037000 fc:01 1309107                    /home/hchakrabar/miniconda3/envs/pt_env/lib/python3.10/site-packages/scipy/integrate/_lsoda.cpython-310-x86_64-linux-gnu.so
7f6fba376000-7f6fba377000 ---p 00046000 fc:01 1309107                    /home/hchakrabar/miniconda3/envs/pt_env/lib/python3.10/site-packages/scipy/integrate/_lsoda.cpython-310-x86_64-linux-gnu.so
7f6fba377000-7f6fba378000 r--p 00046000 fc:01 1309107                    /home/hchakrabar/miniconda3/envs/pt_env/lib/python3.10/site-packages/scipy/integrate/_lsoda.cpython-310-x86_64-linux-gnu.so
7f6fba378000-7f6fba37d000 rw-p 00047000 fc:01 1309107                    /home/hchakrabar/miniconda3/envs/pt_env/lib/python3.10/site-packages/scipy/integrate/_lsoda.cpython-310-x86_64-linux-gnu.so
7f6fba37d000-7f6fba395000 rw-p 00067000 fc:01 1309107                    /home/hchakrabar/miniconda3/envs/pt_env/lib/python3.10/site-packages/scipy/integrate/_lsoda.cpython-310-x86_64-linux-gnu.so
7f6fba395000-7f6fba398000 r--p 00000000 fc:01 1309108                    /home/hchakrabar/miniconda3/envs/pt_env/lib/python3.10/site-packages/scipy/integrate/_dop.cpython-310-x86_64-linux-gnu.so
7f6fba398000-7f6fba3a6000 r-xp 00003000 fc:01 1309108                    /home/hchakrabar/miniconda3/envs/pt_env/lib/python3.10/site-packages/scipy/integrate/_dop.cpython-310-x86_64-linux-gnu.so
7f6fba3a6000-7f6fba3aa000 r--p 00011000 fc:01 1309108                    /home/hchakrabar/miniconda3/envs/pt_env/lib/python3.10/site-packages/scipy/integrate/_dop.cpython-310-x86_64-linux-gnu.so
7f6fba3aa000-7f6fba3ab000 r--p 00014000 fc:01 1309108                    /home/hchakrabar/miniconda3/envs/pt_env/lib/python3.10/site-packages/scipy/integrate/_dop.cpython-310-x86_64-linux-gnu.so
7f6fba3ab000-7f6fba3ad000 rw-p 00015000 fc:01 1309108                    /home/hchakrabar/miniconda3/envs/pt_env/lib/python3.10/site-packages/scipy/integrate/_dop.cpython-310-x86_64-linux-gnu.so
7f6fba3ad000-7f6fba3b0000 rw-p 0001a000 fc:01 1309108                    /home/hchakrabar/miniconda3/envs/pt_env/lib/python3.10/site-packages/scipy/integrate/_dop.cpython-310-x86_64-linux-gnu.so
7f6fba3b0000-7f6fba3cc000 r--p 00000000 fc:01 1309118                    /home/hchakrabar/miniconda3/envs/pt_env/lib/python3.10/site-packages/scipy/integrate/_vode.cpython-310-x86_64-linux-gnu.so
7f6fba3cc000-7f6fba3f1000 r-xp 0001c000 fc:01 1309118                    /home/hchakrabar/miniconda3/envs/pt_env/lib/python3.10/site-packages/scipy/integrate/_vode.cpython-310-x86_64-linux-gnu.so
7f6fba3f1000-7f6fba402000 r--p 00041000 fc:01 1309118                    /home/hchakrabar/miniconda3/envs/pt_env/lib/python3.10/site-packages/scipy/integrate/_vode.cpython-310-x86_64-linux-gnu.so
7f6fba402000-7f6fba403000 r--p 00051000 fc:01 1309118                    /home/hchakrabar/miniconda3/envs/pt_env/lib/python3.10/site-packages/scipy/integrate/_vode.cpython-310-x86_64-linux-gnu.so
7f6fba403000-7f6fba408000 rw-p 00052000 fc:01 1309118                    /home/hchakrabar/miniconda3/envs/pt_env/lib/python3.10/site-packages/scipy/integrate/_vode.cpython-310-x86_64-linux-gnu.so
7f6fba408000-7f6fba420000 rw-p 00073000 fc:01 1309118                    /home/hchakrabar/miniconda3/envs/pt_env/lib/python3.10/site-packages/scipy/integrate/_vode.cpython-310-x86_64-linux-gnu.so
7f6fba420000-7f6fba422000 r--p 00000000 fc:01 1309119                    /home/hchakrabar/miniconda3/envs/pt_env/lib/python3.10/site-packages/scipy/integrate/_quadpack.cpython-310-x86_64-linux-gnu.so
7f6fba422000-7f6fba436000 r-xp 00002000 fc:01 1309119                    /home/hchakrabar/miniconda3/envs/pt_env/lib/python3.10/site-packages/scipy/integrate/_quadpack.cpython-310-x86_64-linux-gnu.so
7f6fba436000-7f6fba439000 r--p 00016000 fc:01 1309119                    /home/hchakrabar/miniconda3/envs/pt_env/lib/python3.10/site-packages/scipy/integrate/_quadpack.cpython-310-x86_64-linux-gnu.so
7f6fba439000-7f6fba43a000 r--p 00018000 fc:01 1309119                    /home/hchakrabar/miniconda3/envs/pt_env/lib/python3.10/site-packages/scipy/integrate/_quadpack.cpython-310-x86_64-linux-gnu.so
7f6fba43a000-7f6fba43b000 rw-p 00019000 fc:01 1309119                    /home/hchakrabar/miniconda3/envs/pt_env/lib/python3.10/site-packages/scipy/integrate/_quadpack.cpython-310-x86_64-linux-gnu.so
7f6fba43b000-7f6fba456000 r--p 00000000 fc:01 1309115                    /home/hchakrabar/miniconda3/envs/pt_env/lib/python3.10/site-packages/scipy/integrate/_odepack.cpython-310-x86_64-linux-gnu.so
7f6fba456000-7f6fba46e000 r-xp 0001b000 fc:01 1309115                    /home/hchakrabar/miniconda3/envs/pt_env/lib/python3.10/site-packages/scipy/integrate/_odepack.cpython-310-x86_64-linux-gnu.so
7f6fba46e000-7f6fba47c000 r--p 00033000 fc:01 1309115                    /home/hchakrabar/miniconda3/envs/pt_env/lib/python3.10/site-packages/scipy/integrate/_odepack.cpython-310-x86_64-linux-gnu.so
7f6fba47c000-7f6fba47d000 r--p 00040000 fc:01 1309115                    /home/hchakrabar/miniconda3/envs/pt_env/lib/python3.10/site-packages/scipy/integrate/_odepack.cpython-310-x86_64-linux-gnu.so
7f6fba47d000-7f6fba481000 rw-p 00041000 fc:01 1309115                    /home/hchakrabar/miniconda3/envs/pt_env/lib/python3.10/site-packages/scipy/integrate/_odepack.cpython-310-x86_64-linux-gnu.so
7f6fba481000-7f6fba482000 rw-p 00000000 00:00 0 
7f6fba482000-7f6fba498000 rw-p 0005f000 fc:01 1309115                    /home/hchakrabar/miniconda3/envs/pt_env/lib/python3.10/site-packages/scipy/integrate/_odepack.cpython-310-x86_64-linux-gnu.so
7f6fba498000-7f6fba49d000 r--p 00000000 fc:01 1309225                    /home/hchakrabar/miniconda3/envs/pt_env/lib/python3.10/site-packages/scipy/optimize/_pava_pybind.cpython-310-x86_64-linux-gnu.so
7f6fba49d000-7f6fba4b6000 r-xp 00005000 fc:01 1309225                    /home/hchakrabar/miniconda3/envs/pt_env/lib/python3.10/site-packages/scipy/optimize/_pava_pybind.cpython-310-x86_64-linux-gnu.so
7f6fba4b6000-7f6fba4bf000 r--p 0001e000 fc:01 1309225                    /home/hchakrabar/miniconda3/envs/pt_env/lib/python3.10/site-packages/scipy/optimize/_pava_pybind.cpython-310-x86_64-linux-gnu.so
7f6fba4bf000-7f6fba4c0000 r--p 00026000 fc:01 1309225                    /home/hchakrabar/miniconda3/envs/pt_env/lib/python3.10/site-packages/scipy/optimize/_pava_pybind.cpython-310-x86_64-linux-gnu.so
7f6fba4c0000-7f6fba4c1000 rw-p 00027000 fc:01 1309225                    /home/hchakrabar/miniconda3/envs/pt_env/lib/python3.10/site-packages/scipy/optimize/_pava_pybind.cpython-310-x86_64-linux-gnu.so
7f6fba4c1000-7f6fba5c1000 rw-p 00000000 00:00 0 
7f6fba5c1000-7f6fba5c7000 r--p 00000000 fc:01 1309221                    /home/hchakrabar/miniconda3/envs/pt_env/lib/python3.10/site-packages/scipy/optimize/_bglu_dense.cpython-310-x86_64-linux-gnu.so
7f6fba5c7000-7f6fba602000 r-xp 00006000 fc:01 1309221                    /home/hchakrabar/miniconda3/envs/pt_env/lib/python3.10/site-packages/scipy/optimize/_bglu_dense.cpython-310-x86_64-linux-gnu.so
7f6fba602000-7f6fba60c000 r--p 00041000 fc:01 1309221                    /home/hchakrabar/miniconda3/envs/pt_env/lib/python3.10/site-packages/scipy/optimize/_bglu_dense.cpython-310-x86_64-linux-gnu.so
7f6fba60c000-7f6fba60d000 ---p 0004b000 fc:01 1309221                    /home/hchakrabar/miniconda3/envs/pt_env/lib/python3.10/site-packages/scipy/optimize/_bglu_dense.cpython-310-x86_64-linux-gnu.so
7f6fba60d000-7f6fba60e000 r--p 0004b000 fc:01 1309221                    /home/hchakrabar/miniconda3/envs/pt_env/lib/python3.10/site-packages/scipy/optimize/_bglu_dense.cpython-310-x86_64-linux-gnu.so
7f6fba60e000-7f6fba611000 rw-p 0004c000 fc:01 1309221                    /home/hchakrabar/miniconda3/envs/pt_env/lib/python3.10/site-packages/scipy/optimize/_bglu_dense.cpython-310-x86_64-linux-gnu.so
7f6fba611000-7f6fba612000 rw-p 00000000 00:00 0 
7f6fba612000-7f6fba619000 r--p 00000000 fc:01 1310490                    /home/hchakrabar/miniconda3/envs/pt_env/lib/python3.10/site-packages/scipy/fft/_pocketfft/pypocketfft.cpython-310-x86_64-linux-gnu.so
7f6fba619000-7f6fba6f2000 r-xp 00007000 fc:01 1310490                    /home/hchakrabar/miniconda3/envs/pt_env/lib/python3.10/site-packages/scipy/fft/_pocketfft/pypocketfft.cpython-310-x86_64-linux-gnu.so
7f6fba6f2000-7f6fba70c000 r--p 000e0000 fc:01 1310490                    /home/hchakrabar/miniconda3/envs/pt_env/lib/python3.10/site-packages/scipy/fft/_pocketfft/pypocketfft.cpython-310-x86_64-linux-gnu.so
7f6fba70c000-7f6fba70d000 ---p 000fa000 fc:01 1310490                    /home/hchakrabar/miniconda3/envs/pt_env/lib/python3.10/site-packages/scipy/fft/_pocketfft/pypocketfft.cpython-310-x86_64-linux-gnu.so
7f6fba70d000-7f6fba70e000 r--p 000fa000 fc:01 1310490                    /home/hchakrabar/miniconda3/envs/pt_env/lib/python3.10/site-packages/scipy/fft/_pocketfft/pypocketfft.cpython-310-x86_64-linux-gnu.so
7f6fba70e000-7f6fba70f000 rw-p 000fb000 fc:01 1310490                    /home/hchakrabar/miniconda3/envs/pt_env/lib/python3.10/site-packages/scipy/fft/_pocketfft/pypocketfft.cpython-310-x86_64-linux-gnu.so
7f6fba70f000-7f6fba711000 rw-p 00000000 00:00 0 
7f6fba711000-7f6fba715000 r--p 00000000 fc:01 1309668                    /home/hchakrabar/miniconda3/envs/pt_env/lib/python3.10/site-packages/scipy/_lib/_uarray/_uarray.cpython-310-x86_64-linux-gnu.so
7f6fba715000-7f6fba728000 r-xp 00004000 fc:01 1309668                    /home/hchakrabar/miniconda3/envs/pt_env/lib/python3.10/site-packages/scipy/_lib/_uarray/_uarray.cpython-310-x86_64-linux-gnu.so
7f6fba728000-7f6fba72e000 r--p 00017000 fc:01 1309668                    /home/hchakrabar/miniconda3/envs/pt_env/lib/python3.10/site-packages/scipy/_lib/_uarray/_uarray.cpython-310-x86_64-linux-gnu.so
7f6fba72e000-7f6fba72f000 r--p 0001c000 fc:01 1309668                    /home/hchakrabar/miniconda3/envs/pt_env/lib/python3.10/site-packages/scipy/_lib/_uarray/_uarray.cpython-310-x86_64-linux-gnu.so
7f6fba72f000-7f6fba730000 rw-p 0001d000 fc:01 1309668                    /home/hchakrabar/miniconda3/envs/pt_env/lib/python3.10/site-packages/scipy/_lib/_uarray/_uarray.cpython-310-x86_64-linux-gnu.so
7f6fba730000-7f6fba735000 r--p 00000000 fc:01 1309394                    /home/hchakrabar/miniconda3/envs/pt_env/lib/python3.10/site-packages/scipy/linalg/_decomp_interpolative.cpython-310-x86_64-linux-gnu.so
7f6fba735000-7f6fba812000 r-xp 00005000 fc:01 1309394                    /home/hchakrabar/miniconda3/envs/pt_env/lib/python3.10/site-packages/scipy/linalg/_decomp_interpolative.cpython-310-x86_64-linux-gnu.so
7f6fba812000-7f6fba81f000 r--p 000e2000 fc:01 1309394                    /home/hchakrabar/miniconda3/envs/pt_env/lib/python3.10/site-packages/scipy/linalg/_decomp_interpolative.cpython-310-x86_64-linux-gnu.so
7f6fba81f000-7f6fba820000 r--p 000ee000 fc:01 1309394                    /home/hchakrabar/miniconda3/envs/pt_env/lib/python3.10/site-packages/scipy/linalg/_decomp_interpolative.cpython-310-x86_64-linux-gnu.so
7f6fba820000-7f6fba822000 rw-p 000ef000 fc:01 1309394                    /home/hchakrabar/miniconda3/envs/pt_env/lib/python3.10/site-packages/scipy/linalg/_decomp_interpolative.cpython-310-x86_64-linux-gnu.so
7f6fba822000-7f6fba824000 rw-p 00000000 00:00 0 
7f6fba824000-7f6fba82a000 r--p 00000000 fc:01 1309233                    /home/hchakrabar/miniconda3/envs/pt_env/lib/python3.10/site-packages/scipy/optimize/_highspy/_highs_options.cpython-310-x86_64-linux-gnu.so
7f6fba82a000-7f6fba85f000 r-xp 00006000 fc:01 1309233                    /home/hchakrabar/miniconda3/envs/pt_env/lib/python3.10/site-packages/scipy/optimize/_highspy/_highs_options.cpython-310-x86_64-linux-gnu.so
7f6fba85f000-7f6fba870000 r--p 0003b000 fc:01 1309233                    /home/hchakrabar/miniconda3/envs/pt_env/lib/python3.10/site-packages/scipy/optimize/_highspy/_highs_options.cpython-310-x86_64-linux-gnu.so
7f6fba870000-7f6fba871000 r--p 0004b000 fc:01 1309233                    /home/hchakrabar/miniconda3/envs/pt_env/lib/python3.10/site-packages/scipy/optimize/_highspy/_highs_options.cpython-310-x86_64-linux-gnu.so
7f6fba871000-7f6fba872000 rw-p 0004c000 fc:01 1309233                    /home/hchakrabar/miniconda3/envs/pt_env/lib/python3.10/site-packages/scipy/optimize/_highspy/_highs_options.cpython-310-x86_64-linux-gnu.so
7f6fba872000-7f6fba884000 r--p 00000000 fc:01 1309232                    /home/hchakrabar/miniconda3/envs/pt_env/lib/python3.10/site-packages/scipy/optimize/_highspy/_core.cpython-310-x86_64-linux-gnu.so
7f6fba884000-7f6fbac71000 r-xp 00012000 fc:01 1309232                    /home/hchakrabar/miniconda3/envs/pt_env/lib/python3.10/site-packages/scipy/optimize/_highspy/_core.cpython-310-x86_64-linux-gnu.so
7f6fbac71000-7f6fbad12000 r--p 003ff000 fc:01 1309232                    /home/hchakrabar/miniconda3/envs/pt_env/lib/python3.10/site-packages/scipy/optimize/_highspy/_core.cpython-310-x86_64-linux-gnu.so
7f6fbad12000-7f6fbad17000 r--p 0049f000 fc:01 1309232                    /home/hchakrabar/miniconda3/envs/pt_env/lib/python3.10/site-packages/scipy/optimize/_highspy/_core.cpython-310-x86_64-linux-gnu.so
7f6fbad17000-7f6fbad18000 rw-p 004a4000 fc:01 1309232                    /home/hchakrabar/miniconda3/envs/pt_env/lib/python3.10/site-packages/scipy/optimize/_highspy/_core.cpython-310-x86_64-linux-gnu.so
7f6fbad18000-7f6fbad1d000 rw-p 00000000 00:00 0 
7f6fbad1d000-7f6fbad20000 r--p 00000000 fc:01 1309193                    /home/hchakrabar/miniconda3/envs/pt_env/lib/python3.10/site-packages/scipy/optimize/_cython_nnls.cpython-310-x86_64-linux-gnu.so
7f6fbad20000-7f6fbad32000 r-xp 00003000 fc:01 1309193                    /home/hchakrabar/miniconda3/envs/pt_env/lib/python3.10/site-packages/scipy/optimize/_cython_nnls.cpython-310-x86_64-linux-gnu.so
7f6fbad32000-7f6fbad36000 r--p 00015000 fc:01 1309193                    /home/hchakrabar/miniconda3/envs/pt_env/lib/python3.10/site-packages/scipy/optimize/_cython_nnls.cpython-310-x86_64-linux-gnu.so
7f6fbad36000-7f6fbad37000 r--p 00018000 fc:01 1309193                    /home/hchakrabar/miniconda3/envs/pt_env/lib/python3.10/site-packages/scipy/optimize/_cython_nnls.cpython-310-x86_64-linux-gnu.so
7f6fbad37000-7f6fbad38000 rw-p 00019000 fc:01 1309193                    /home/hchakrabar/miniconda3/envs/pt_env/lib/python3.10/site-packages/scipy/optimize/_cython_nnls.cpython-310-x86_64-linux-gnu.so
7f6fbad38000-7f6fbae38000 rw-p 00000000 00:00 0 
7f6fbae38000-7f6fbae3d000 r--p 00000000 fc:01 1309236                    /home/hchakrabar/miniconda3/envs/pt_env/lib/python3.10/site-packages/scipy/optimize/_lsq/givens_elimination.cpython-310-x86_64-linux-gnu.so
7f6fbae3d000-7f6fbae60000 r-xp 00005000 fc:01 1309236                    /home/hchakrabar/miniconda3/envs/pt_env/lib/python3.10/site-packages/scipy/optimize/_lsq/givens_elimination.cpython-310-x86_64-linux-gnu.so
7f6fbae60000-7f6fbae67000 r--p 00028000 fc:01 1309236                    /home/hchakrabar/miniconda3/envs/pt_env/lib/python3.10/site-packages/scipy/optimize/_lsq/givens_elimination.cpython-310-x86_64-linux-gnu.so
7f6fbae67000-7f6fbae68000 ---p 0002f000 fc:01 1309236                    /home/hchakrabar/miniconda3/envs/pt_env/lib/python3.10/site-packages/scipy/optimize/_lsq/givens_elimination.cpython-310-x86_64-linux-gnu.so
7f6fbae68000-7f6fbae69000 r--p 0002f000 fc:01 1309236                    /home/hchakrabar/miniconda3/envs/pt_env/lib/python3.10/site-packages/scipy/optimize/_lsq/givens_elimination.cpython-310-x86_64-linux-gnu.so
7f6fbae69000-7f6fbae6b000 rw-p 00030000 fc:01 1309236                    /home/hchakrabar/miniconda3/envs/pt_env/lib/python3.10/site-packages/scipy/optimize/_lsq/givens_elimination.cpython-310-x86_64-linux-gnu.so
7f6fbae6b000-7f6fbae6d000 r--p 00000000 fc:01 1309224                    /home/hchakrabar/miniconda3/envs/pt_env/lib/python3.10/site-packages/scipy/optimize/_minpack.cpython-310-x86_64-linux-gnu.so
7f6fbae6d000-7f6fbae7f000 r-xp 00002000 fc:01 1309224                    /home/hchakrabar/miniconda3/envs/pt_env/lib/python3.10/site-packages/scipy/optimize/_minpack.cpython-310-x86_64-linux-gnu.so
7f6fbae7f000-7f6fbae81000 r--p 00014000 fc:01 1309224                    /home/hchakrabar/miniconda3/envs/pt_env/lib/python3.10/site-packages/scipy/optimize/_minpack.cpython-310-x86_64-linux-gnu.so
7f6fbae81000-7f6fbae82000 r--p 00015000 fc:01 1309224                    /home/hchakrabar/miniconda3/envs/pt_env/lib/python3.10/site-packages/scipy/optimize/_minpack.cpython-310-x86_64-linux-gnu.so
7f6fbae82000-7f6fbae83000 rw-p 00016000 fc:01 1309224                    /home/hchakrabar/miniconda3/envs/pt_env/lib/python3.10/site-packages/scipy/optimize/_minpack.cpython-310-x86_64-linux-gnu.so
7f6fbae83000-7f6fbae9e000 r--p 00000000 fc:01 1309218                    /home/hchakrabar/miniconda3/envs/pt_env/lib/python3.10/site-packages/scipy/optimize/_lbfgsb.cpython-310-x86_64-linux-gnu.so
7f6fbae9e000-7f6fbaeb3000 r-xp 0001b000 fc:01 1309218                    /home/hchakrabar/miniconda3/envs/pt_env/lib/python3.10/site-packages/scipy/optimize/_lbfgsb.cpython-310-x86_64-linux-gnu.so
7f6fbaeb3000-7f6fbaebf000 r--p 00030000 fc:01 1309218                    /home/hchakrabar/miniconda3/envs/pt_env/lib/python3.10/site-packages/scipy/optimize/_lbfgsb.cpython-310-x86_64-linux-gnu.so
7f6fbaebf000-7f6fbaec0000 ---p 0003c000 fc:01 1309218                    /home/hchakrabar/miniconda3/envs/pt_env/lib/python3.10/site-packages/scipy/optimize/_lbfgsb.cpython-310-x86_64-linux-gnu.so
7f6fbaec0000-7f6fbaec1000 r--p 0003c000 fc:01 1309218                    /home/hchakrabar/miniconda3/envs/pt_env/lib/python3.10/site-packages/scipy/optimize/_lbfgsb.cpython-310-x86_64-linux-gnu.so
7f6fbaec1000-7f6fbaec5000 rw-p 0003d000 fc:01 1309218                    /home/hchakrabar/miniconda3/envs/pt_env/lib/python3.10/site-packages/scipy/optimize/_lbfgsb.cpython-310-x86_64-linux-gnu.so
7f6fbaec5000-7f6fbaedb000 rw-p 0005b000 fc:01 1309218                    /home/hchakrabar/miniconda3/envs/pt_env/lib/python3.10/site-packages/scipy/optimize/_lbfgsb.cpython-310-x86_64-linux-gnu.so
7f6fbaedb000-7f6fbaee0000 r--p 00000000 fc:01 1309315                    /home/hchakrabar/miniconda3/envs/pt_env/lib/python3.10/site-packages/scipy/optimize/_trlib/_trlib.cpython-310-x86_64-linux-gnu.so
7f6fbaee0000-7f6fbaf1f000 r-xp 00005000 fc:01 1309315                    /home/hchakrabar/miniconda3/envs/pt_env/lib/python3.10/site-packages/scipy/optimize/_trlib/_trlib.cpython-310-x86_64-linux-gnu.so
7f6fbaf1f000-7f6fbaf29000 r--p 00044000 fc:01 1309315                    /home/hchakrabar/miniconda3/envs/pt_env/lib/python3.10/site-packages/scipy/optimize/_trlib/_trlib.cpython-310-x86_64-linux-gnu.so
7f6fbaf29000-7f6fbaf2a000 r--p 0004d000 fc:01 1309315                    /home/hchakrabar/miniconda3/envs/pt_env/lib/python3.10/site-packages/scipy/optimize/_trlib/_trlib.cpython-310-x86_64-linux-gnu.so
7f6fbaf2a000-7f6fbaf2c000 rw-p 0004e000 fc:01 1309315                    /home/hchakrabar/miniconda3/envs/pt_env/lib/python3.10/site-packages/scipy/optimize/_trlib/_trlib.cpython-310-x86_64-linux-gnu.so
7f6fbaf2c000-7f6fbaf2d000 rw-p 00000000 00:00 0 
7f6fbaf2d000-7f6fbaf32000 rw-p 00059000 fc:01 1309315                    /home/hchakrabar/miniconda3/envs/pt_env/lib/python3.10/site-packages/scipy/optimize/_trlib/_trlib.cpython-310-x86_64-linux-gnu.so
7f6fbaf32000-7f6fbb032000 rw-p 00000000 00:00 0 
7f6fbb032000-7f6fbb039000 r--p 00000000 fc:01 1310615                    /home/hchakrabar/miniconda3/envs/pt_env/lib/python3.10/site-packages/scipy/spatial/transform/_rotation.cpython-310-x86_64-linux-gnu.so
7f6fbb039000-7f6fbb0e6000 r-xp 00007000 fc:01 1310615                    /home/hchakrabar/miniconda3/envs/pt_env/lib/python3.10/site-packages/scipy/spatial/transform/_rotation.cpython-310-x86_64-linux-gnu.so
7f6fbb0e6000-7f6fbb119000 r--p 000b4000 fc:01 1310615                    /home/hchakrabar/miniconda3/envs/pt_env/lib/python3.10/site-packages/scipy/spatial/transform/_rotation.cpython-310-x86_64-linux-gnu.so
7f6fbb119000-7f6fbb11a000 r--p 000e6000 fc:01 1310615                    /home/hchakrabar/miniconda3/envs/pt_env/lib/python3.10/site-packages/scipy/spatial/transform/_rotation.cpython-310-x86_64-linux-gnu.so
7f6fbb11a000-7f6fbb11e000 rw-p 000e7000 fc:01 1310615                    /home/hchakrabar/miniconda3/envs/pt_env/lib/python3.10/site-packages/scipy/spatial/transform/_rotation.cpython-310-x86_64-linux-gnu.so
7f6fbb11e000-7f6fbb120000 rw-p 00000000 00:00 0 
7f6fbb120000-7f6fbb126000 r--p 00000000 fc:01 1310550                    /home/hchakrabar/miniconda3/envs/pt_env/lib/python3.10/site-packages/scipy/spatial/_distance_pybind.cpython-310-x86_64-linux-gnu.so
7f6fbb126000-7f6fbb18c000 r-xp 00006000 fc:01 1310550                    /home/hchakrabar/miniconda3/envs/pt_env/lib/python3.10/site-packages/scipy/spatial/_distance_pybind.cpython-310-x86_64-linux-gnu.so
7f6fbb18c000-7f6fbb19d000 r--p 0006c000 fc:01 1310550                    /home/hchakrabar/miniconda3/envs/pt_env/lib/python3.10/site-packages/scipy/spatial/_distance_pybind.cpython-310-x86_64-linux-gnu.so
7f6fbb19d000-7f6fbb19e000 r--p 0007c000 fc:01 1310550                    /home/hchakrabar/miniconda3/envs/pt_env/lib/python3.10/site-packages/scipy/spatial/_distance_pybind.cpython-310-x86_64-linux-gnu.so
7f6fbb19e000-7f6fbb19f000 rw-p 0007d000 fc:01 1310550                    /home/hchakrabar/miniconda3/envs/pt_env/lib/python3.10/site-packages/scipy/spatial/_distance_pybind.cpython-310-x86_64-linux-gnu.so
7f6fbb19f000-7f6fbb1a4000 r--p 00000000 fc:01 1310564                    /home/hchakrabar/miniconda3/envs/pt_env/lib/python3.10/site-packages/scipy/spatial/_hausdorff.cpython-310-x86_64-linux-gnu.so
7f6fbb1a4000-7f6fbb1cb000 r-xp 00005000 fc:01 1310564                    /home/hchakrabar/miniconda3/envs/pt_env/lib/python3.10/site-packages/scipy/spatial/_hausdorff.cpython-310-x86_64-linux-gnu.so
7f6fbb1cb000-7f6fbb1d2000 r--p 0002c000 fc:01 1310564                    /home/hchakrabar/miniconda3/envs/pt_env/lib/python3.10/site-packages/scipy/spatial/_hausdorff.cpython-310-x86_64-linux-gnu.so
7f6fbb1d2000-7f6fbb1d3000 ---p 00033000 fc:01 1310564                    /home/hchakrabar/miniconda3/envs/pt_env/lib/python3.10/site-packages/scipy/spatial/_hausdorff.cpython-310-x86_64-linux-gnu.so
7f6fbb1d3000-7f6fbb1d4000 r--p 00033000 fc:01 1310564                    /home/hchakrabar/miniconda3/envs/pt_env/lib/python3.10/site-packages/scipy/spatial/_hausdorff.cpython-310-x86_64-linux-gnu.so
7f6fbb1d4000-7f6fbb1d6000 rw-p 00034000 fc:01 1310564                    /home/hchakrabar/miniconda3/envs/pt_env/lib/python3.10/site-packages/scipy/spatial/_hausdorff.cpython-310-x86_64-linux-gnu.so
7f6fbb1d6000-7f6fbb1d7000 rw-p 00000000 00:00 0 
7f6fbb1d7000-7f6fbb1dc000 r--p 00000000 fc:01 1310557                    /home/hchakrabar/miniconda3/envs/pt_env/lib/python3.10/site-packages/scipy/spatial/_voronoi.cpython-310-x86_64-linux-gnu.so
7f6fbb1dc000-7f6fbb201000 r-xp 00005000 fc:01 1310557                    /home/hchakrabar/miniconda3/envs/pt_env/lib/python3.10/site-packages/scipy/spatial/_voronoi.cpython-310-x86_64-linux-gnu.so
7f6fbb201000-7f6fbb208000 r--p 0002a000 fc:01 1310557                    /home/hchakrabar/miniconda3/envs/pt_env/lib/python3.10/site-packages/scipy/spatial/_voronoi.cpython-310-x86_64-linux-gnu.so
7f6fbb208000-7f6fbb209000 ---p 00031000 fc:01 1310557                    /home/hchakrabar/miniconda3/envs/pt_env/lib/python3.10/site-packages/scipy/spatial/_voronoi.cpython-310-x86_64-linux-gnu.so
7f6fbb209000-7f6fbb20a000 r--p 00031000 fc:01 1310557                    /home/hchakrabar/miniconda3/envs/pt_env/lib/python3.10/site-packages/scipy/spatial/_voronoi.cpython-310-x86_64-linux-gnu.so
7f6fbb20a000-7f6fbb20c000 rw-p 00032000 fc:01 1310557                    /home/hchakrabar/miniconda3/envs/pt_env/lib/python3.10/site-packages/scipy/spatial/_voronoi.cpython-310-x86_64-linux-gnu.so
7f6fbb20c000-7f6fbb20d000 rw-p 00000000 00:00 0 
7f6fbb20d000-7f6fbb214000 r--p 00000000 fc:01 1310559                    /home/hchakrabar/miniconda3/envs/pt_env/lib/python3.10/site-packages/scipy/spatial/_qhull.cpython-310-x86_64-linux-gnu.so
7f6fbb214000-7f6fbb2df000 r-xp 00007000 fc:01 1310559                    /home/hchakrabar/miniconda3/envs/pt_env/lib/python3.10/site-packages/scipy/spatial/_qhull.cpython-310-x86_64-linux-gnu.so
7f6fbb2df000-7f6fbb317000 r--p 000d2000 fc:01 1310559                    /home/hchakrabar/miniconda3/envs/pt_env/lib/python3.10/site-packages/scipy/spatial/_qhull.cpython-310-x86_64-linux-gnu.so
7f6fbb317000-7f6fbb318000 r--p 00109000 fc:01 1310559                    /home/hchakrabar/miniconda3/envs/pt_env/lib/python3.10/site-packages/scipy/spatial/_qhull.cpython-310-x86_64-linux-gnu.so
7f6fbb318000-7f6fbb31b000 rw-p 0010a000 fc:01 1310559                    /home/hchakrabar/miniconda3/envs/pt_env/lib/python3.10/site-packages/scipy/spatial/_qhull.cpython-310-x86_64-linux-gnu.so
7f6fbb31b000-7f6fbb31d000 rw-p 00000000 00:00 0 
7f6fbb31d000-7f6fbb325000 r--p 00000000 fc:01 1310565                    /home/hchakrabar/miniconda3/envs/pt_env/lib/python3.10/site-packages/scipy/spatial/_ckdtree.cpython-310-x86_64-linux-gnu.so
7f6fbb325000-7f6fbb3cf000 r-xp 00008000 fc:01 1310565                    /home/hchakrabar/miniconda3/envs/pt_env/lib/python3.10/site-packages/scipy/spatial/_ckdtree.cpython-310-x86_64-linux-gnu.so
7f6fbb3cf000-7f6fbb3ee000 r--p 000b2000 fc:01 1310565                    /home/hchakrabar/miniconda3/envs/pt_env/lib/python3.10/site-packages/scipy/spatial/_ckdtree.cpython-310-x86_64-linux-gnu.so
7f6fbb3ee000-7f6fbb3ef000 ---p 000d1000 fc:01 1310565                    /home/hchakrabar/miniconda3/envs/pt_env/lib/python3.10/site-packages/scipy/spatial/_ckdtree.cpython-310-x86_64-linux-gnu.so
7f6fbb3ef000-7f6fbb3f0000 r--p 000d1000 fc:01 1310565                    /home/hchakrabar/miniconda3/envs/pt_env/lib/python3.10/site-packages/scipy/spatial/_ckdtree.cpython-310-x86_64-linux-gnu.so
7f6fbb3f0000-7f6fbb3f4000 rw-p 000d2000 fc:01 1310565                    /home/hchakrabar/miniconda3/envs/pt_env/lib/python3.10/site-packages/scipy/spatial/_ckdtree.cpython-310-x86_64-linux-gnu.so
7f6fbb3f4000-7f6fbb4f5000 rw-p 00000000 00:00 0 
7f6fbb4f5000-7f6fbb4fa000 r--p 00000000 fc:01 1309458                    /home/hchakrabar/miniconda3/envs/pt_env/lib/python3.10/site-packages/scipy/special/_specfun.cpython-310-x86_64-linux-gnu.so
7f6fbb4fa000-7f6fbb52d000 r-xp 00005000 fc:01 1309458                    /home/hchakrabar/miniconda3/envs/pt_env/lib/python3.10/site-packages/scipy/special/_specfun.cpython-310-x86_64-linux-gnu.so
7f6fbb52d000-7f6fbb534000 r--p 00038000 fc:01 1309458                    /home/hchakrabar/miniconda3/envs/pt_env/lib/python3.10/site-packages/scipy/special/_specfun.cpython-310-x86_64-linux-gnu.so
7f6fbb534000-7f6fbb535000 r--p 0003e000 fc:01 1309458                    /home/hchakrabar/miniconda3/envs/pt_env/lib/python3.10/site-packages/scipy/special/_specfun.cpython-310-x86_64-linux-gnu.so
7f6fbb535000-7f6fbb537000 rw-p 0003f000 fc:01 1309458                    /home/hchakrabar/miniconda3/envs/pt_env/lib/python3.10/site-packages/scipy/special/_specfun.cpython-310-x86_64-linux-gnu.so
7f6fbb537000-7f6fbb539000 r--p 00000000 fc:01 1309451                    /home/hchakrabar/miniconda3/envs/pt_env/lib/python3.10/site-packages/scipy/special/_gufuncs.cpython-310-x86_64-linux-gnu.so
7f6fbb539000-7f6fbb5bf000 r-xp 00002000 fc:01 1309451                    /home/hchakrabar/miniconda3/envs/pt_env/lib/python3.10/site-packages/scipy/special/_gufuncs.cpython-310-x86_64-linux-gnu.so
7f6fbb5bf000-7f6fbb5cc000 r--p 00088000 fc:01 1309451                    /home/hchakrabar/miniconda3/envs/pt_env/lib/python3.10/site-packages/scipy/special/_gufuncs.cpython-310-x86_64-linux-gnu.so
7f6fbb5cc000-7f6fbb5cd000 r--p 00094000 fc:01 1309451                    /home/hchakrabar/miniconda3/envs/pt_env/lib/python3.10/site-packages/scipy/special/_gufuncs.cpython-310-x86_64-linux-gnu.so
7f6fbb5cd000-7f6fbb5ce000 rw-p 00095000 fc:01 1309451                    /home/hchakrabar/miniconda3/envs/pt_env/lib/python3.10/site-packages/scipy/special/_gufuncs.cpython-310-x86_64-linux-gnu.so
7f6fbb5ce000-7f6fbb5d1000 r--p 00000000 fc:01 1309487                    /home/hchakrabar/miniconda3/envs/pt_env/lib/python3.10/site-packages/scipy/special/_special_ufuncs.cpython-310-x86_64-linux-gnu.so
7f6fbb5d1000-7f6fbb6d4000 r-xp 00003000 fc:01 1309487                    /home/hchakrabar/miniconda3/envs/pt_env/lib/python3.10/site-packages/scipy/special/_special_ufuncs.cpython-310-x86_64-linux-gnu.so
7f6fbb6d4000-7f6fbb717000 r--p 00106000 fc:01 1309487                    /home/hchakrabar/miniconda3/envs/pt_env/lib/python3.10/site-packages/scipy/special/_special_ufuncs.cpython-310-x86_64-linux-gnu.so
7f6fbb717000-7f6fbb718000 r--p 00148000 fc:01 1309487                    /home/hchakrabar/miniconda3/envs/pt_env/lib/python3.10/site-packages/scipy/special/_special_ufuncs.cpython-310-x86_64-linux-gnu.so
7f6fbb718000-7f6fbb719000 rw-p 00149000 fc:01 1309487                    /home/hchakrabar/miniconda3/envs/pt_env/lib/python3.10/site-packages/scipy/special/_special_ufuncs.cpython-310-x86_64-linux-gnu.so
7f6fbb719000-7f6fbb819000 rw-p 00000000 00:00 0 
7f6fbb819000-7f6fbb81e000 r--p 00000000 fc:01 1309475                    /home/hchakrabar/miniconda3/envs/pt_env/lib/python3.10/site-packages/scipy/special/_ufuncs_cxx.cpython-310-x86_64-linux-gnu.so
7f6fbb81e000-7f6fbb96d000 r-xp 00005000 fc:01 1309475                    /home/hchakrabar/miniconda3/envs/pt_env/lib/python3.10/site-packages/scipy/special/_ufuncs_cxx.cpython-310-x86_64-linux-gnu.so
7f6fbb96d000-7f6fbb9a0000 r--p 00154000 fc:01 1309475                    /home/hchakrabar/miniconda3/envs/pt_env/lib/python3.10/site-packages/scipy/special/_ufuncs_cxx.cpython-310-x86_64-linux-gnu.so
7f6fbb9a0000-7f6fbb9a1000 r--p 00186000 fc:01 1309475                    /home/hchakrabar/miniconda3/envs/pt_env/lib/python3.10/site-packages/scipy/special/_ufuncs_cxx.cpython-310-x86_64-linux-gnu.so
7f6fbb9a1000-7f6fbb9a2000 rw-p 00187000 fc:01 1309475                    /home/hchakrabar/miniconda3/envs/pt_env/lib/python3.10/site-packages/scipy/special/_ufuncs_cxx.cpython-310-x86_64-linux-gnu.so
7f6fbb9a2000-7f6fbb9a3000 rw-p 00000000 00:00 0 
7f6fbb9a3000-7f6fbb9a9000 r--p 00000000 fc:01 1309480                    /home/hchakrabar/miniconda3/envs/pt_env/lib/python3.10/site-packages/scipy/special/_ufuncs.cpython-310-x86_64-linux-gnu.so
7f6fbb9a9000-7f6fbbaae000 r-xp 00006000 fc:01 1309480                    /home/hchakrabar/miniconda3/envs/pt_env/lib/python3.10/site-packages/scipy/special/_ufuncs.cpython-310-x86_64-linux-gnu.so
7f6fbbaae000-7f6fbbb03000 r--p 0010b000 fc:01 1309480                    /home/hchakrabar/miniconda3/envs/pt_env/lib/python3.10/site-packages/scipy/special/_ufuncs.cpython-310-x86_64-linux-gnu.so
7f6fbbb03000-7f6fbbb04000 r--p 0015f000 fc:01 1309480                    /home/hchakrabar/miniconda3/envs/pt_env/lib/python3.10/site-packages/scipy/special/_ufuncs.cpython-310-x86_64-linux-gnu.so
7f6fbbb04000-7f6fbbb05000 rw-p 00160000 fc:01 1309480                    /home/hchakrabar/miniconda3/envs/pt_env/lib/python3.10/site-packages/scipy/special/_ufuncs.cpython-310-x86_64-linux-gnu.so
7f6fbbb05000-7f6fbbb0d000 rw-p 00000000 00:00 0 
7f6fbbb0d000-7f6fbbb12000 rw-p 00189000 fc:01 1309480                    /home/hchakrabar/miniconda3/envs/pt_env/lib/python3.10/site-packages/scipy/special/_ufuncs.cpython-310-x86_64-linux-gnu.so
7f6fbbb12000-7f6fbbc12000 rw-p 00000000 00:00 0 
7f6fbbc12000-7f6fbbc17000 r--p 00000000 fc:01 1309855                    /home/hchakrabar/miniconda3/envs/pt_env/lib/python3.10/site-packages/scipy/sparse/csgraph/_reordering.cpython-310-x86_64-linux-gnu.so
7f6fbbc17000-7f6fbbc4e000 r-xp 00005000 fc:01 1309855                    /home/hchakrabar/miniconda3/envs/pt_env/lib/python3.10/site-packages/scipy/sparse/csgraph/_reordering.cpython-310-x86_64-linux-gnu.so
7f6fbbc4e000-7f6fbbc58000 r--p 0003c000 fc:01 1309855                    /home/hchakrabar/miniconda3/envs/pt_env/lib/python3.10/site-packages/scipy/sparse/csgraph/_reordering.cpython-310-x86_64-linux-gnu.so
7f6fbbc58000-7f6fbbc59000 r--p 00045000 fc:01 1309855                    /home/hchakrabar/miniconda3/envs/pt_env/lib/python3.10/site-packages/scipy/sparse/csgraph/_reordering.cpython-310-x86_64-linux-gnu.so
7f6fbbc59000-7f6fbbc5b000 rw-p 00046000 fc:01 1309855                    /home/hchakrabar/miniconda3/envs/pt_env/lib/python3.10/site-packages/scipy/sparse/csgraph/_reordering.cpython-310-x86_64-linux-gnu.so
7f6fbbc5b000-7f6fbbc5c000 rw-p 00000000 00:00 0 
7f6fbbc5c000-7f6fbbc61000 r--p 00000000 fc:01 1309858                    /home/hchakrabar/miniconda3/envs/pt_env/lib/python3.10/site-packages/scipy/sparse/csgraph/_matching.cpython-310-x86_64-linux-gnu.so
7f6fbbc61000-7f6fbbc9a000 r-xp 00005000 fc:01 1309858                    /home/hchakrabar/miniconda3/envs/pt_env/lib/python3.10/site-packages/scipy/sparse/csgraph/_matching.cpython-310-x86_64-linux-gnu.so
7f6fbbc9a000-7f6fbbca8000 r--p 0003e000 fc:01 1309858                    /home/hchakrabar/miniconda3/envs/pt_env/lib/python3.10/site-packages/scipy/sparse/csgraph/_matching.cpython-310-x86_64-linux-gnu.so
7f6fbbca8000-7f6fbbca9000 r--p 0004b000 fc:01 1309858                    /home/hchakrabar/miniconda3/envs/pt_env/lib/python3.10/site-packages/scipy/sparse/csgraph/_matching.cpython-310-x86_64-linux-gnu.so
7f6fbbca9000-7f6fbbcab000 rw-p 0004c000 fc:01 1309858                    /home/hchakrabar/miniconda3/envs/pt_env/lib/python3.10/site-packages/scipy/sparse/csgraph/_matching.cpython-310-x86_64-linux-gnu.so
7f6fbbcab000-7f6fbbcac000 rw-p 00000000 00:00 0 
7f6fbbcac000-7f6fbbcb1000 r--p 00000000 fc:01 1309851                    /home/hchakrabar/miniconda3/envs/pt_env/lib/python3.10/site-packages/scipy/sparse/csgraph/_flow.cpython-310-x86_64-linux-gnu.so
7f6fbbcb1000-7f6fbbcea000 r-xp 00005000 fc:01 1309851                    /home/hchakrabar/miniconda3/envs/pt_env/lib/python3.10/site-packages/scipy/sparse/csgraph/_flow.cpython-310-x86_64-linux-gnu.so
7f6fbbcea000-7f6fbbcf6000 r--p 0003e000 fc:01 1309851                    /home/hchakrabar/miniconda3/envs/pt_env/lib/python3.10/site-packages/scipy/sparse/csgraph/_flow.cpython-310-x86_64-linux-gnu.so
7f6fbbcf6000-7f6fbbcf7000 ---p 0004a000 fc:01 1309851                    /home/hchakrabar/miniconda3/envs/pt_env/lib/python3.10/site-packages/scipy/sparse/csgraph/_flow.cpython-310-x86_64-linux-gnu.so
7f6fbbcf7000-7f6fbbcf8000 r--p 0004a000 fc:01 1309851                    /home/hchakrabar/miniconda3/envs/pt_env/lib/python3.10/site-packages/scipy/sparse/csgraph/_flow.cpython-310-x86_64-linux-gnu.so
7f6fbbcf8000-7f6fbbcfa000 rw-p 0004b000 fc:01 1309851                    /home/hchakrabar/miniconda3/envs/pt_env/lib/python3.10/site-packages/scipy/sparse/csgraph/_flow.cpython-310-x86_64-linux-gnu.so
7f6fbbcfa000-7f6fbbcfb000 rw-p 00000000 00:00 0 
7f6fbbcfb000-7f6fbbd00000 r--p 00000000 fc:01 1309853                    /home/hchakrabar/miniconda3/envs/pt_env/lib/python3.10/site-packages/scipy/sparse/csgraph/_min_spanning_tree.cpython-310-x86_64-linux-gnu.so
7f6fbbd00000-7f6fbbd2a000 r-xp 00005000 fc:01 1309853                    /home/hchakrabar/miniconda3/envs/pt_env/lib/python3.10/site-packages/scipy/sparse/csgraph/_min_spanning_tree.cpython-310-x86_64-linux-gnu.so
7f6fbbd2a000-7f6fbbd33000 r--p 0002f000 fc:01 1309853                    /home/hchakrabar/miniconda3/envs/pt_env/lib/python3.10/site-packages/scipy/sparse/csgraph/_min_spanning_tree.cpython-310-x86_64-linux-gnu.so
7f6fbbd33000-7f6fbbd34000 r--p 00037000 fc:01 1309853                    /home/hchakrabar/miniconda3/envs/pt_env/lib/python3.10/site-packages/scipy/sparse/csgraph/_min_spanning_tree.cpython-310-x86_64-linux-gnu.so
7f6fbbd34000-7f6fbbd36000 rw-p 00038000 fc:01 1309853                    /home/hchakrabar/miniconda3/envs/pt_env/lib/python3.10/site-packages/scipy/sparse/csgraph/_min_spanning_tree.cpython-310-x86_64-linux-gnu.so
7f6fbbd36000-7f6fbbd37000 rw-p 00000000 00:00 0 
7f6fbbd37000-7f6fbbd3c000 r--p 00000000 fc:01 1309860                    /home/hchakrabar/miniconda3/envs/pt_env/lib/python3.10/site-packages/scipy/sparse/csgraph/_traversal.cpython-310-x86_64-linux-gnu.so
7f6fbbd3c000-7f6fbbdba000 r-xp 00005000 fc:01 1309860                    /home/hchakrabar/miniconda3/envs/pt_env/lib/python3.10/site-packages/scipy/sparse/csgraph/_traversal.cpython-310-x86_64-linux-gnu.so
7f6fbbdba000-7f6fbbdcb000 r--p 00083000 fc:01 1309860                    /home/hchakrabar/miniconda3/envs/pt_env/lib/python3.10/site-packages/scipy/sparse/csgraph/_traversal.cpython-310-x86_64-linux-gnu.so
7f6fbbdcb000-7f6fbbdcc000 r--p 00093000 fc:01 1309860                    /home/hchakrabar/miniconda3/envs/pt_env/lib/python3.10/site-packages/scipy/sparse/csgraph/_traversal.cpython-310-x86_64-linux-gnu.so
7f6fbbdcc000-7f6fbbdce000 rw-p 00094000 fc:01 1309860                    /home/hchakrabar/miniconda3/envs/pt_env/lib/python3.10/site-packages/scipy/sparse/csgraph/_traversal.cpython-310-x86_64-linux-gnu.so
7f6fbbdce000-7f6fbbdcf000 rw-p 00000000 00:00 0 
7f6fbbdcf000-7f6fbbdd2000 r--p 00000000 fc:01 1309854                    /home/hchakrabar/miniconda3/envs/pt_env/lib/python3.10/site-packages/scipy/sparse/csgraph/_tools.cpython-310-x86_64-linux-gnu.so
7f6fbbdd2000-7f6fbbdf3000 r-xp 00003000 fc:01 1309854                    /home/hchakrabar/miniconda3/envs/pt_env/lib/python3.10/site-packages/scipy/sparse/csgraph/_tools.cpython-310-x86_64-linux-gnu.so
7f6fbbdf3000-7f6fbbdfd000 r--p 00024000 fc:01 1309854                    /home/hchakrabar/miniconda3/envs/pt_env/lib/python3.10/site-packages/scipy/sparse/csgraph/_tools.cpython-310-x86_64-linux-gnu.so
7f6fbbdfd000-7f6fbbdfe000 r--p 0002d000 fc:01 1309854                    /home/hchakrabar/miniconda3/envs/pt_env/lib/python3.10/site-packages/scipy/sparse/csgraph/_tools.cpython-310-x86_64-linux-gnu.so
7f6fbbdfe000-7f6fbbdff000 rw-p 0002e000 fc:01 1309854                    /home/hchakrabar/miniconda3/envs/pt_env/lib/python3.10/site-packages/scipy/sparse/csgraph/_tools.cpython-310-x86_64-linux-gnu.so
7f6fbbdff000-7f6fbbe00000 rw-p 00000000 00:00 0 
7f6fbbe00000-7f6fbbe3b000 r-xp 00000000 fc:01 1310626                    /home/hchakrabar/miniconda3/envs/pt_env/lib/python3.10/site-packages/scipy.libs/libquadmath-96973f99.so.0.0.0
7f6fbbe3b000-7f6fbc03a000 ---p 0003b000 fc:01 1310626                    /home/hchakrabar/miniconda3/envs/pt_env/lib/python3.10/site-packages/scipy.libs/libquadmath-96973f99.so.0.0.0
7f6fbc03a000-7f6fbc03b000 r--p 0003a000 fc:01 1310626                    /home/hchakrabar/miniconda3/envs/pt_env/lib/python3.10/site-packages/scipy.libs/libquadmath-96973f99.so.0.0.0
7f6fbc03b000-7f6fbc03d000 rw-p 0003b000 fc:01 1310626                    /home/hchakrabar/miniconda3/envs/pt_env/lib/python3.10/site-packages/scipy.libs/libquadmath-96973f99.so.0.0.0
7f6fbc03d000-7f6fbc03e000 r--p 00000000 fc:01 2353115                    /home/hchakrabar/miniconda3/envs/pt_env/lib/python3.10/site-packages/torchvision.libs/libsharpyuv.0032f495.so.0
7f6fbc03e000-7f6fbc043000 r-xp 00001000 fc:01 2353115                    /home/hchakrabar/miniconda3/envs/pt_env/lib/python3.10/site-packages/torchvision.libs/libsharpyuv.0032f495.so.0
7f6fbc043000-7f6fbc044000 r--p 00006000 fc:01 2353115                    /home/hchakrabar/miniconda3/envs/pt_env/lib/python3.10/site-packages/torchvision.libs/libsharpyuv.0032f495.so.0
7f6fbc044000-7f6fbc045000 r--p 00006000 fc:01 2353115                    /home/hchakrabar/miniconda3/envs/pt_env/lib/python3.10/site-packages/torchvision.libs/libsharpyuv.0032f495.so.0
7f6fbc045000-7f6fbc046000 rw-p 00007000 fc:01 2353115                    /home/hchakrabar/miniconda3/envs/pt_env/lib/python3.10/site-packages/torchvision.libs/libsharpyuv.0032f495.so.0
7f6fbc046000-7f6fbc047000 rw-p 00000000 00:00 0 
7f6fbc047000-7f6fbc049000 r--p 00000000 fc:01 2108342                    /home/hchakrabar/miniconda3/envs/pt_env/lib/python3.10/site-packages/sklearn/utils/_sorting.cpython-310-x86_64-linux-gnu.so
7f6fbc049000-7f6fbc04b000 r-xp 00002000 fc:01 2108342                    /home/hchakrabar/miniconda3/envs/pt_env/lib/python3.10/site-packages/sklearn/utils/_sorting.cpython-310-x86_64-linux-gnu.so
7f6fbc04b000-7f6fbc04c000 r--p 00004000 fc:01 2108342                    /home/hchakrabar/miniconda3/envs/pt_env/lib/python3.10/site-packages/sklearn/utils/_sorting.cpython-310-x86_64-linux-gnu.so
7f6fbc04c000-7f6fbc04d000 r--p 00004000 fc:01 2108342                    /home/hchakrabar/miniconda3/envs/pt_env/lib/python3.10/site-packages/sklearn/utils/_sorting.cpython-310-x86_64-linux-gnu.so
7f6fbc04d000-7f6fbc04e000 rw-p 00005000 fc:01 2108342                    /home/hchakrabar/miniconda3/envs/pt_env/lib/python3.10/site-packages/sklearn/utils/_sorting.cpython-310-x86_64-linux-gnu.so
7f6fbc04e000-7f6fbc053000 r--p 00000000 fc:01 1309856                    /home/hchakrabar/miniconda3/envs/pt_env/lib/python3.10/site-packages/scipy/sparse/csgraph/_shortest_path.cpython-310-x86_64-linux-gnu.so
7f6fbc053000-7f6fbc0b6000 r-xp 00005000 fc:01 1309856                    /home/hchakrabar/miniconda3/envs/pt_env/lib/python3.10/site-packages/scipy/sparse/csgraph/_shortest_path.cpython-310-x86_64-linux-gnu.so
7f6fbc0b6000-7f6fbc0cb000 r--p 00068000 fc:01 1309856                    /home/hchakrabar/miniconda3/envs/pt_env/lib/python3.10/site-packages/scipy/sparse/csgraph/_shortest_path.cpython-310-x86_64-linux-gnu.so
7f6fbc0cb000-7f6fbc0cc000 ---p 0007d000 fc:01 1309856                    /home/hchakrabar/miniconda3/envs/pt_env/lib/python3.10/site-packages/scipy/sparse/csgraph/_shortest_path.cpython-310-x86_64-linux-gnu.so
7f6fbc0cc000-7f6fbc0cd000 r--p 0007d000 fc:01 1309856                    /home/hchakrabar/miniconda3/envs/pt_env/lib/python3.10/site-packages/scipy/sparse/csgraph/_shortest_path.cpython-310-x86_64-linux-gnu.so
7f6fbc0cd000-7f6fbc0cf000 rw-p 0007e000 fc:01 1309856                    /home/hchakrabar/miniconda3/envs/pt_env/lib/python3.10/site-packages/scipy/sparse/csgraph/_shortest_path.cpython-310-x86_64-linux-gnu.so
7f6fbc0cf000-7f6fbc0d1000 rw-p 00000000 00:00 0 
7f6fbc0d1000-7f6fbc0ee000 r--p 00000000 fc:01 1309970                    /home/hchakrabar/miniconda3/envs/pt_env/lib/python3.10/site-packages/scipy/sparse/linalg/_propack/_zpropack.cpython-310-x86_64-linux-gnu.so
7f6fbc0ee000-7f6fbc10d000 r-xp 0001d000 fc:01 1309970                    /home/hchakrabar/miniconda3/envs/pt_env/lib/python3.10/site-packages/scipy/sparse/linalg/_propack/_zpropack.cpython-310-x86_64-linux-gnu.so
7f6fbc10d000-7f6fbc11d000 r--p 0003c000 fc:01 1309970                    /home/hchakrabar/miniconda3/envs/pt_env/lib/python3.10/site-packages/scipy/sparse/linalg/_propack/_zpropack.cpython-310-x86_64-linux-gnu.so
7f6fbc11d000-7f6fbc11e000 ---p 0004c000 fc:01 1309970                    /home/hchakrabar/miniconda3/envs/pt_env/lib/python3.10/site-packages/scipy/sparse/linalg/_propack/_zpropack.cpython-310-x86_64-linux-gnu.so
7f6fbc11e000-7f6fbc11f000 r--p 0004c000 fc:01 1309970                    /home/hchakrabar/miniconda3/envs/pt_env/lib/python3.10/site-packages/scipy/sparse/linalg/_propack/_zpropack.cpython-310-x86_64-linux-gnu.so
7f6fbc11f000-7f6fbc127000 rw-p 0004d000 fc:01 1309970                    /home/hchakrabar/miniconda3/envs/pt_env/lib/python3.10/site-packages/scipy/sparse/linalg/_propack/_zpropack.cpython-310-x86_64-linux-gnu.so
7f6fbc127000-7f6fbc15d000 rw-p 00000000 00:00 0 
7f6fbc15d000-7f6fbc175000 rw-p 00071000 fc:01 1309970                    /home/hchakrabar/miniconda3/envs/pt_env/lib/python3.10/site-packages/scipy/sparse/linalg/_propack/_zpropack.cpython-310-x86_64-linux-gnu.so
7f6fbc175000-7f6fbc192000 r--p 00000000 fc:01 1309969                    /home/hchakrabar/miniconda3/envs/pt_env/lib/python3.10/site-packages/scipy/sparse/linalg/_propack/_cpropack.cpython-310-x86_64-linux-gnu.so
7f6fbc192000-7f6fbc1b3000 r-xp 0001d000 fc:01 1309969                    /home/hchakrabar/miniconda3/envs/pt_env/lib/python3.10/site-packages/scipy/sparse/linalg/_propack/_cpropack.cpython-310-x86_64-linux-gnu.so
7f6fbc1b3000-7f6fbc1c3000 r--p 0003e000 fc:01 1309969                    /home/hchakrabar/miniconda3/envs/pt_env/lib/python3.10/site-packages/scipy/sparse/linalg/_propack/_cpropack.cpython-310-x86_64-linux-gnu.so
7f6fbc1c3000-7f6fbc1c4000 ---p 0004e000 fc:01 1309969                    /home/hchakrabar/miniconda3/envs/pt_env/lib/python3.10/site-packages/scipy/sparse/linalg/_propack/_cpropack.cpython-310-x86_64-linux-gnu.so
7f6fbc1c4000-7f6fbc1c5000 r--p 0004e000 fc:01 1309969                    /home/hchakrabar/miniconda3/envs/pt_env/lib/python3.10/site-packages/scipy/sparse/linalg/_propack/_cpropack.cpython-310-x86_64-linux-gnu.so
7f6fbc1c5000-7f6fbc1cd000 rw-p 0004f000 fc:01 1309969                    /home/hchakrabar/miniconda3/envs/pt_env/lib/python3.10/site-packages/scipy/sparse/linalg/_propack/_cpropack.cpython-310-x86_64-linux-gnu.so
7f6fbc1cd000-7f6fbc1e8000 rw-p 00000000 00:00 0 
7f6fbc1e8000-7f6fbc200000 rw-p 00073000 fc:01 1309969                    /home/hchakrabar/miniconda3/envs/pt_env/lib/python3.10/site-packages/scipy/sparse/linalg/_propack/_cpropack.cpython-310-x86_64-linux-gnu.so
7f6fbc200000-7f6fbc476000 r-xp 00000000 fc:01 1310627                    /home/hchakrabar/miniconda3/envs/pt_env/lib/python3.10/site-packages/scipy.libs/libgfortran-040039e1.so.5.0.0
7f6fbc476000-7f6fbc675000 ---p 00276000 fc:01 1310627                    /home/hchakrabar/miniconda3/envs/pt_env/lib/python3.10/site-packages/scipy.libs/libgfortran-040039e1.so.5.0.0
7f6fbc675000-7f6fbc676000 r--p 00275000 fc:01 1310627                    /home/hchakrabar/miniconda3/envs/pt_env/lib/python3.10/site-packages/scipy.libs/libgfortran-040039e1.so.5.0.0
7f6fbc676000-7f6fbc678000 rw-p 00276000 fc:01 1310627                    /home/hchakrabar/miniconda3/envs/pt_env/lib/python3.10/site-packages/scipy.libs/libgfortran-040039e1.so.5.0.0
7f6fbc678000-7f6fbc68d000 rw-p 0027b000 fc:01 1310627                    /home/hchakrabar/miniconda3/envs/pt_env/lib/python3.10/site-packages/scipy.libs/libgfortran-040039e1.so.5.0.0
7f6fbc68d000-7f6fbc68f000 r--p 00000000 fc:01 2108316                    /home/hchakrabar/miniconda3/envs/pt_env/lib/python3.10/site-packages/sklearn/utils/_heap.cpython-310-x86_64-linux-gnu.so
7f6fbc68f000-7f6fbc690000 r-xp 00002000 fc:01 2108316                    /home/hchakrabar/miniconda3/envs/pt_env/lib/python3.10/site-packages/sklearn/utils/_heap.cpython-310-x86_64-linux-gnu.so
7f6fbc690000-7f6fbc691000 r--p 00003000 fc:01 2108316                    /home/hchakrabar/miniconda3/envs/pt_env/lib/python3.10/site-packages/sklearn/utils/_heap.cpython-310-x86_64-linux-gnu.so
7f6fbc691000-7f6fbc692000 r--p 00003000 fc:01 2108316                    /home/hchakrabar/miniconda3/envs/pt_env/lib/python3.10/site-packages/sklearn/utils/_heap.cpython-310-x86_64-linux-gnu.so
7f6fbc692000-7f6fbc693000 rw-p 00004000 fc:01 2108316                    /home/hchakrabar/miniconda3/envs/pt_env/lib/python3.10/site-packages/sklearn/utils/_heap.cpython-310-x86_64-linux-gnu.so
7f6fbc693000-7f6fbc694000 r--p 00000000 fc:01 1309770                    /home/hchakrabar/miniconda3/envs/pt_env/lib/python3.10/site-packages/scipy/ndimage/_rank_filter_1d.cpython-310-x86_64-linux-gnu.so
7f6fbc694000-7f6fbc697000 r-xp 00001000 fc:01 1309770                    /home/hchakrabar/miniconda3/envs/pt_env/lib/python3.10/site-packages/scipy/ndimage/_rank_filter_1d.cpython-310-x86_64-linux-gnu.so
7f6fbc697000-7f6fbc698000 r--p 00004000 fc:01 1309770                    /home/hchakrabar/miniconda3/envs/pt_env/lib/python3.10/site-packages/scipy/ndimage/_rank_filter_1d.cpython-310-x86_64-linux-gnu.so
7f6fbc698000-7f6fbc699000 r--p 00004000 fc:01 1309770                    /home/hchakrabar/miniconda3/envs/pt_env/lib/python3.10/site-packages/scipy/ndimage/_rank_filter_1d.cpython-310-x86_64-linux-gnu.so
7f6fbc699000-7f6fbc69a000 rw-p 00005000 fc:01 1309770                    /home/hchakrabar/miniconda3/envs/pt_env/lib/python3.10/site-packages/scipy/ndimage/_rank_filter_1d.cpython-310-x86_64-linux-gnu.so
7f6fbc69a000-7f6fbc6b7000 r--p 00000000 fc:01 1309968                    /home/hchakrabar/miniconda3/envs/pt_env/lib/python3.10/site-packages/scipy/sparse/linalg/_propack/_dpropack.cpython-310-x86_64-linux-gnu.so
7f6fbc6b7000-7f6fbc6d2000 r-xp 0001d000 fc:01 1309968                    /home/hchakrabar/miniconda3/envs/pt_env/lib/python3.10/site-packages/scipy/sparse/linalg/_propack/_dpropack.cpython-310-x86_64-linux-gnu.so
7f6fbc6d2000-7f6fbc6e2000 r--p 00038000 fc:01 1309968                    /home/hchakrabar/miniconda3/envs/pt_env/lib/python3.10/site-packages/scipy/sparse/linalg/_propack/_dpropack.cpython-310-x86_64-linux-gnu.so
7f6fbc6e2000-7f6fbc6e3000 r--p 00047000 fc:01 1309968                    /home/hchakrabar/miniconda3/envs/pt_env/lib/python3.10/site-packages/scipy/sparse/linalg/_propack/_dpropack.cpython-310-x86_64-linux-gnu.so
7f6fbc6e3000-7f6fbc6eb000 rw-p 00048000 fc:01 1309968                    /home/hchakrabar/miniconda3/envs/pt_env/lib/python3.10/site-packages/scipy/sparse/linalg/_propack/_dpropack.cpython-310-x86_64-linux-gnu.so
7f6fbc6eb000-7f6fbc703000 rw-p 0006b000 fc:01 1309968                    /home/hchakrabar/miniconda3/envs/pt_env/lib/python3.10/site-packages/scipy/sparse/linalg/_propack/_dpropack.cpython-310-x86_64-linux-gnu.so
7f6fbc703000-7f6fbc720000 r--p 00000000 fc:01 1309971                    /home/hchakrabar/miniconda3/envs/pt_env/lib/python3.10/site-packages/scipy/sparse/linalg/_propack/_spropack.cpython-310-x86_64-linux-gnu.so
7f6fbc720000-7f6fbc73b000 r-xp 0001d000 fc:01 1309971                    /home/hchakrabar/miniconda3/envs/pt_env/lib/python3.10/site-packages/scipy/sparse/linalg/_propack/_spropack.cpython-310-x86_64-linux-gnu.so
7f6fbc73b000-7f6fbc74b000 r--p 00038000 fc:01 1309971                    /home/hchakrabar/miniconda3/envs/pt_env/lib/python3.10/site-packages/scipy/sparse/linalg/_propack/_spropack.cpython-310-x86_64-linux-gnu.so
7f6fbc74b000-7f6fbc74c000 r--p 00047000 fc:01 1309971                    /home/hchakrabar/miniconda3/envs/pt_env/lib/python3.10/site-packages/scipy/sparse/linalg/_propack/_spropack.cpython-310-x86_64-linux-gnu.so
7f6fbc74c000-7f6fbc754000 rw-p 00048000 fc:01 1309971                    /home/hchakrabar/miniconda3/envs/pt_env/lib/python3.10/site-packages/scipy/sparse/linalg/_propack/_spropack.cpython-310-x86_64-linux-gnu.so
7f6fbc754000-7f6fbc76c000 rw-p 0006b000 fc:01 1309971                    /home/hchakrabar/miniconda3/envs/pt_env/lib/python3.10/site-packages/scipy/sparse/linalg/_propack/_spropack.cpython-310-x86_64-linux-gnu.so
7f6fbc76c000-7f6fbc78a000 r--p 00000000 fc:01 1309933                    /home/hchakrabar/miniconda3/envs/pt_env/lib/python3.10/site-packages/scipy/sparse/linalg/_eigen/arpack/_arpack.cpython-310-x86_64-linux-gnu.so
7f6fbc78a000-7f6fbc7e1000 r-xp 0001e000 fc:01 1309933                    /home/hchakrabar/miniconda3/envs/pt_env/lib/python3.10/site-packages/scipy/sparse/linalg/_eigen/arpack/_arpack.cpython-310-x86_64-linux-gnu.so
7f6fbc7e1000-7f6fbc7fd000 r--p 00075000 fc:01 1309933                    /home/hchakrabar/miniconda3/envs/pt_env/lib/python3.10/site-packages/scipy/sparse/linalg/_eigen/arpack/_arpack.cpython-310-x86_64-linux-gnu.so
7f6fbc7fd000-7f6fbc7fe000 r--p 00090000 fc:01 1309933                    /home/hchakrabar/miniconda3/envs/pt_env/lib/python3.10/site-packages/scipy/sparse/linalg/_eigen/arpack/_arpack.cpython-310-x86_64-linux-gnu.so
7f6fbc7fe000-7f6fbc80c000 rw-p 00091000 fc:01 1309933                    /home/hchakrabar/miniconda3/envs/pt_env/lib/python3.10/site-packages/scipy/sparse/linalg/_eigen/arpack/_arpack.cpython-310-x86_64-linux-gnu.so
7f6fbc80c000-7f6fbc80d000 rw-p 00000000 00:00 0 
7f6fbc80d000-7f6fbc825000 rw-p 000bf000 fc:01 1309933                    /home/hchakrabar/miniconda3/envs/pt_env/lib/python3.10/site-packages/scipy/sparse/linalg/_eigen/arpack/_arpack.cpython-310-x86_64-linux-gnu.so
7f6fbc825000-7f6fbc841000 r--p 00000000 fc:01 1309941                    /home/hchakrabar/miniconda3/envs/pt_env/lib/python3.10/site-packages/scipy/sparse/linalg/_dsolve/_superlu.cpython-310-x86_64-linux-gnu.so
7f6fbc841000-7f6fbc89a000 r-xp 0001c000 fc:01 1309941                    /home/hchakrabar/miniconda3/envs/pt_env/lib/python3.10/site-packages/scipy/sparse/linalg/_dsolve/_superlu.cpython-310-x86_64-linux-gnu.so
7f6fbc89a000-7f6fbc8b0000 r--p 00075000 fc:01 1309941                    /home/hchakrabar/miniconda3/envs/pt_env/lib/python3.10/site-packages/scipy/sparse/linalg/_dsolve/_superlu.cpython-310-x86_64-linux-gnu.so
7f6fbc8b0000-7f6fbc8b1000 r--p 0008a000 fc:01 1309941                    /home/hchakrabar/miniconda3/envs/pt_env/lib/python3.10/site-packages/scipy/sparse/linalg/_dsolve/_superlu.cpython-310-x86_64-linux-gnu.so
7f6fbc8b1000-7f6fbc8b6000 rw-p 0008b000 fc:01 1309941                    /home/hchakrabar/miniconda3/envs/pt_env/lib/python3.10/site-packages/scipy/sparse/linalg/_dsolve/_superlu.cpython-310-x86_64-linux-gnu.so
7f6fbc8b6000-7f6fbc8ce000 rw-p 000af000 fc:01 1309941                    /home/hchakrabar/miniconda3/envs/pt_env/lib/python3.10/site-packages/scipy/sparse/linalg/_dsolve/_superlu.cpython-310-x86_64-linux-gnu.so
7f6fbc8ce000-7f6fbc9ce000 rw-p 00000000 00:00 0 
7f6fbc9ce000-7f6fbc9d5000 r--p 00000000 fc:01 1309380                    /home/hchakrabar/miniconda3/envs/pt_env/lib/python3.10/site-packages/scipy/linalg/cython_blas.cpython-310-x86_64-linux-gnu.so
7f6fbc9d5000-7f6fbca01000 r-xp 00007000 fc:01 1309380                    /home/hchakrabar/miniconda3/envs/pt_env/lib/python3.10/site-packages/scipy/linalg/cython_blas.cpython-310-x86_64-linux-gnu.so
7f6fbca01000-7f6fbca0f000 r--p 00033000 fc:01 1309380                    /home/hchakrabar/miniconda3/envs/pt_env/lib/python3.10/site-packages/scipy/linalg/cython_blas.cpython-310-x86_64-linux-gnu.so
7f6fbca0f000-7f6fbca10000 ---p 00041000 fc:01 1309380                    /home/hchakrabar/miniconda3/envs/pt_env/lib/python3.10/site-packages/scipy/linalg/cython_blas.cpython-310-x86_64-linux-gnu.so
7f6fbca10000-7f6fbca11000 r--p 00041000 fc:01 1309380                    /home/hchakrabar/miniconda3/envs/pt_env/lib/python3.10/site-packages/scipy/linalg/cython_blas.cpython-310-x86_64-linux-gnu.so
7f6fbca11000-7f6fbca13000 rw-p 00042000 fc:01 1309380                    /home/hchakrabar/miniconda3/envs/pt_env/lib/python3.10/site-packages/scipy/linalg/cython_blas.cpython-310-x86_64-linux-gnu.so
7f6fbca13000-7f6fbca14000 rw-p 00000000 00:00 0 
7f6fbca14000-7f6fbca1a000 rw-p 00051000 fc:01 1309380                    /home/hchakrabar/miniconda3/envs/pt_env/lib/python3.10/site-packages/scipy/linalg/cython_blas.cpython-310-x86_64-linux-gnu.so
7f6fbca1a000-7f6fbca1e000 r--p 00000000 fc:01 1309400                    /home/hchakrabar/miniconda3/envs/pt_env/lib/python3.10/site-packages/scipy/linalg/_decomp_update.cpython-310-x86_64-linux-gnu.so
7f6fbca1e000-7f6fbca5c000 r-xp 00004000 fc:01 1309400                    /home/hchakrabar/miniconda3/envs/pt_env/lib/python3.10/site-packages/scipy/linalg/_decomp_update.cpython-310-x86_64-linux-gnu.so
7f6fbca5c000-7f6fbca6c000 r--p 00042000 fc:01 1309400                    /home/hchakrabar/miniconda3/envs/pt_env/lib/python3.10/site-packages/scipy/linalg/_decomp_update.cpython-310-x86_64-linux-gnu.so
7f6fbca6c000-7f6fbca6d000 r--p 00051000 fc:01 1309400                    /home/hchakrabar/miniconda3/envs/pt_env/lib/python3.10/site-packages/scipy/linalg/_decomp_update.cpython-310-x86_64-linux-gnu.so
7f6fbca6d000-7f6fbca6e000 rw-p 00052000 fc:01 1309400                    /home/hchakrabar/miniconda3/envs/pt_env/lib/python3.10/site-packages/scipy/linalg/_decomp_update.cpython-310-x86_64-linux-gnu.so
7f6fbca6e000-7f6fbca6f000 rw-p 00000000 00:00 0 
7f6fbca6f000-7f6fbca89000 r--p 00000000 fc:01 1309360                    /home/hchakrabar/miniconda3/envs/pt_env/lib/python3.10/site-packages/scipy/linalg/cython_lapack.cpython-310-x86_64-linux-gnu.so
7f6fbca89000-7f6fbcaa8000 r-xp 0001a000 fc:01 1309360                    /home/hchakrabar/miniconda3/envs/pt_env/lib/python3.10/site-packages/scipy/linalg/cython_lapack.cpython-310-x86_64-linux-gnu.so
7f6fbcaa8000-7f6fbcb00000 r--p 00039000 fc:01 1309360                    /home/hchakrabar/miniconda3/envs/pt_env/lib/python3.10/site-packages/scipy/linalg/cython_lapack.cpython-310-x86_64-linux-gnu.so
7f6fbcb00000-7f6fbcb01000 ---p 00091000 fc:01 1309360                    /home/hchakrabar/miniconda3/envs/pt_env/lib/python3.10/site-packages/scipy/linalg/cython_lapack.cpython-310-x86_64-linux-gnu.so
7f6fbcb01000-7f6fbcb02000 r--p 00091000 fc:01 1309360                    /home/hchakrabar/miniconda3/envs/pt_env/lib/python3.10/site-packages/scipy/linalg/cython_lapack.cpython-310-x86_64-linux-gnu.so
7f6fbcb02000-7f6fbcb06000 rw-p 00092000 fc:01 1309360                    /home/hchakrabar/miniconda3/envs/pt_env/lib/python3.10/site-packages/scipy/linalg/cython_lapack.cpython-310-x86_64-linux-gnu.so
7f6fbcb06000-7f6fbcb1c000 rw-p 000c1000 fc:01 1309360                    /home/hchakrabar/miniconda3/envs/pt_env/lib/python3.10/site-packages/scipy/linalg/cython_lapack.cpython-310-x86_64-linux-gnu.so
7f6fbcb1c000-7f6fbcb22000 r--p 00000000 fc:01 1309392                    /home/hchakrabar/miniconda3/envs/pt_env/lib/python3.10/site-packages/scipy/linalg/_cythonized_array_utils.cpython-310-x86_64-linux-gnu.so
7f6fbcb22000-7f6fbcb96000 r-xp 00006000 fc:01 1309392                    /home/hchakrabar/miniconda3/envs/pt_env/lib/python3.10/site-packages/scipy/linalg/_cythonized_array_utils.cpython-310-x86_64-linux-gnu.so
7f6fbcb96000-7f6fbcba4000 r--p 0007a000 fc:01 1309392                    /home/hchakrabar/miniconda3/envs/pt_env/lib/python3.10/site-packages/scipy/linalg/_cythonized_array_utils.cpython-310-x86_64-linux-gnu.so
7f6fbcba4000-7f6fbcba5000 ---p 00088000 fc:01 1309392                    /home/hchakrabar/miniconda3/envs/pt_env/lib/python3.10/site-packages/scipy/linalg/_cythonized_array_utils.cpython-310-x86_64-linux-gnu.so
7f6fbcba5000-7f6fbcba6000 r--p 00088000 fc:01 1309392                    /home/hchakrabar/miniconda3/envs/pt_env/lib/python3.10/site-packages/scipy/linalg/_cythonized_array_utils.cpython-310-x86_64-linux-gnu.so
7f6fbcba6000-7f6fbcba9000 rw-p 00089000 fc:01 1309392                    /home/hchakrabar/miniconda3/envs/pt_env/lib/python3.10/site-packages/scipy/linalg/_cythonized_array_utils.cpython-310-x86_64-linux-gnu.so
7f6fbcba9000-7f6fbcbaa000 rw-p 00000000 00:00 0 
7f6fbcbaa000-7f6fbcbe7000 r--p 00000000 fc:01 1309378                    /home/hchakrabar/miniconda3/envs/pt_env/lib/python3.10/site-packages/scipy/linalg/_flapack.cpython-310-x86_64-linux-gnu.so
7f6fbcbe7000-7f6fbccb4000 r-xp 0003d000 fc:01 1309378                    /home/hchakrabar/miniconda3/envs/pt_env/lib/python3.10/site-packages/scipy/linalg/_flapack.cpython-310-x86_64-linux-gnu.so
7f6fbccb4000-7f6fbcd34000 r--p 0010a000 fc:01 1309378                    /home/hchakrabar/miniconda3/envs/pt_env/lib/python3.10/site-packages/scipy/linalg/_flapack.cpython-310-x86_64-linux-gnu.so
7f6fbcd34000-7f6fbcd35000 r--p 00189000 fc:01 1309378                    /home/hchakrabar/miniconda3/envs/pt_env/lib/python3.10/site-packages/scipy/linalg/_flapack.cpython-310-x86_64-linux-gnu.so
7f6fbcd35000-7f6fbcdc4000 rw-p 0018a000 fc:01 1309378                    /home/hchakrabar/miniconda3/envs/pt_env/lib/python3.10/site-packages/scipy/linalg/_flapack.cpython-310-x86_64-linux-gnu.so
7f6fbcdc4000-7f6fbcddc000 rw-p 00246000 fc:01 1309378                    /home/hchakrabar/miniconda3/envs/pt_env/lib/python3.10/site-packages/scipy/linalg/_flapack.cpython-310-x86_64-linux-gnu.so
7f6fbcddc000-7f6fbcddd000 ---p 00000000 00:00 0 
7f6fbcddd000-7f6fbd5dd000 rw-p 00000000 00:00 0 
7f6fbd5dd000-7f6fbd5de000 ---p 00000000 00:00 0 
7f6fbd5de000-7f6fbddde000 rw-p 00000000 00:00 0 
7f6fbddde000-7f6fbdddf000 ---p 00000000 00:00 0 
7f6fbdddf000-7f6fbe5df000 rw-p 00000000 00:00 0 
7f6fbe5df000-7f6fbe5e0000 ---p 00000000 00:00 0 
7f6fbe5e0000-7f6fbede0000 rw-p 00000000 00:00 0 
7f6fbede0000-7f6fbede1000 ---p 00000000 00:00 0 
7f6fbede1000-7f6fbf5e1000 rw-p 00000000 00:00 0 
7f6fbf5e1000-7f6fbf5e2000 ---p 00000000 00:00 0 
7f6fbf5e2000-7f6fbfde2000 rw-p 00000000 00:00 0 
7f6fbfde2000-7f6fbfde3000 ---p 00000000 00:00 0 
7f6fbfde3000-7f6fc05e3000 rw-p 00000000 00:00 0 
7f6fc05e3000-7f6fc05e4000 ---p 00000000 00:00 0 
7f6fc05e4000-7f6fc0de4000 rw-p 00000000 00:00 0 
7f6fc0de4000-7f6fc0de5000 ---p 00000000 00:00 0 
7f6fc0de5000-7f6fc15e5000 rw-p 00000000 00:00 0 
7f6fc15e5000-7f6fc15e6000 ---p 00000000 00:00 0 
7f6fc15e6000-7f6fc1de6000 rw-p 00000000 00:00 0 
7f6fc1de6000-7f6fc1de7000 ---p 00000000 00:00 0 
7f6fc1de7000-7f6fc25e7000 rw-p 00000000 00:00 0 
7f6fc25e7000-7f6fc25e8000 ---p 00000000 00:00 0 
7f6fc25e8000-7f6fc2de8000 rw-p 00000000 00:00 0 
7f6fc2de8000-7f6fc2de9000 ---p 00000000 00:00 0 
7f6fc2de9000-7f6fc35e9000 rw-p 00000000 00:00 0 
7f6fc35e9000-7f6fc35ea000 ---p 00000000 00:00 0 
7f6fc35ea000-7f6fc3dea000 rw-p 00000000 00:00 0 
7f6fc3dea000-7f6fc3deb000 ---p 00000000 00:00 0 
7f6fc3deb000-7f6fc45eb000 rw-p 00000000 00:00 0 
7f6fc45eb000-7f6fc45ec000 ---p 00000000 00:00 0 
7f6fc45ec000-7f6fc4dec000 rw-p 00000000 00:00 0 
7f6fc4dec000-7f6fc4ded000 ---p 00000000 00:00 0 
7f6fc4ded000-7f6fc55ed000 rw-p 00000000 00:00 0 
7f6fc55ed000-7f6fc55ee000 ---p 00000000 00:00 0 
7f6fc55ee000-7f6fc5dee000 rw-p 00000000 00:00 0 
7f6fc5dee000-7f6fc5def000 ---p 00000000 00:00 0 
7f6fc5def000-7f6fc65ef000 rw-p 00000000 00:00 0 
7f6fc65ef000-7f6fc65f0000 ---p 00000000 00:00 0 
7f6fc65f0000-7f6fc6df0000 rw-p 00000000 00:00 0 
7f6fc6df0000-7f6fc6df1000 ---p 00000000 00:00 0 
7f6fc6df1000-7f6fc75f1000 rw-p 00000000 00:00 0 
7f6fc75f1000-7f6ff35f1000 rw-p 00000000 00:00 0 
7f6ff35f1000-7f6ff369c000 r--p 00000000 fc:01 1310628                    /home/hchakrabar/miniconda3/envs/pt_env/lib/python3.10/site-packages/scipy.libs/libscipy_openblas-68440149.so
7f6ff369c000-7f6ff47ad000 r-xp 000ab000 fc:01 1310628                    /home/hchakrabar/miniconda3/envs/pt_env/lib/python3.10/site-packages/scipy.libs/libscipy_openblas-68440149.so
7f6ff47ad000-7f6ff495c000 r--p 011bc000 fc:01 1310628                    /home/hchakrabar/miniconda3/envs/pt_env/lib/python3.10/site-packages/scipy.libs/libscipy_openblas-68440149.so
7f6ff495c000-7f6ff4962000 r--p 0136a000 fc:01 1310628                    /home/hchakrabar/miniconda3/envs/pt_env/lib/python3.10/site-packages/scipy.libs/libscipy_openblas-68440149.so
7f6ff4962000-7f6ff496d000 rw-p 01370000 fc:01 1310628                    /home/hchakrabar/miniconda3/envs/pt_env/lib/python3.10/site-packages/scipy.libs/libscipy_openblas-68440149.so
7f6ff496d000-7f6ff4975000 rw-p 00000000 00:00 0 
7f6ff4975000-7f6ff4a6f000 rw-p 01435000 fc:01 1310628                    /home/hchakrabar/miniconda3/envs/pt_env/lib/python3.10/site-packages/scipy.libs/libscipy_openblas-68440149.so
7f6ff4a6f000-7f6ff4b6f000 rw-p 00000000 00:00 0 
7f6ff4b6f000-7f6ff4b72000 r--p 00000000 fc:01 1309817                    /home/hchakrabar/miniconda3/envs/pt_env/lib/python3.10/site-packages/scipy/sparse/_sparsetools.cpython-310-x86_64-linux-gnu.so
7f6ff4b72000-7f6ff4f29000 r-xp 00003000 fc:01 1309817                    /home/hchakrabar/miniconda3/envs/pt_env/lib/python3.10/site-packages/scipy/sparse/_sparsetools.cpython-310-x86_64-linux-gnu.so
7f6ff4f29000-7f6ff4f7b000 r--p 003ba000 fc:01 1309817                    /home/hchakrabar/miniconda3/envs/pt_env/lib/python3.10/site-packages/scipy/sparse/_sparsetools.cpython-310-x86_64-linux-gnu.so
7f6ff4f7b000-7f6ff4f7c000 r--p 0040b000 fc:01 1309817                    /home/hchakrabar/miniconda3/envs/pt_env/lib/python3.10/site-packages/scipy/sparse/_sparsetools.cpython-310-x86_64-linux-gnu.so
7f6ff4f7c000-7f6ff4f7d000 rw-p 0040c000 fc:01 1309817                    /home/hchakrabar/miniconda3/envs/pt_env/lib/python3.10/site-packages/scipy/sparse/_sparsetools.cpython-310-x86_64-linux-gnu.so
7f6ff4f7d000-7f6ff5d7d000 rw-p 00000000 00:00 0 
7f6ff5d7d000-7f6ff92fc000 r--p 00000000 fc:01 2328524                    /home/hchakrabar/miniconda3/envs/pt_env/lib/python3.10/site-packages/triton/_C/libtriton.so
7f6ff92fc000-7f6ffe3a1000 r-xp 0357e000 fc:01 2328524                    /home/hchakrabar/miniconda3/envs/pt_env/lib/python3.10/site-packages/triton/_C/libtriton.so
7f6ffe3a1000-7f6ffe4d1000 r--p 08622000 fc:01 2328524                    /home/hchakrabar/miniconda3/envs/pt_env/lib/python3.10/site-packages/triton/_C/libtriton.so
7f6ffe4d1000-7f6ffe4f4000 rw-p 08751000 fc:01 2328524                    /home/hchakrabar/miniconda3/envs/pt_env/lib/python3.10/site-packages/triton/_C/libtriton.so
7f6ffe4f4000-7f6ffe585000 rw-p 00000000 00:00 0 
7f6ffe585000-7f6ffe74a000 r--p 00000000 fc:01 13223                      /usr/lib/x86_64-linux-gnu/libcuda.so.575.57.08
7f6ffe74a000-7f6fff5e1000 r-xp 001c5000 fc:01 13223                      /usr/lib/x86_64-linux-gnu/libcuda.so.575.57.08
7f6fff5e1000-7f7003bbe000 r--p 0105c000 fc:01 13223                      /usr/lib/x86_64-linux-gnu/libcuda.so.575.57.08
7f7003bbe000-7f7003bbf000 ---p 05639000 fc:01 13223                      /usr/lib/x86_64-linux-gnu/libcuda.so.575.57.08
7f7003bbf000-7f7003cec000 r--p 05639000 fc:01 13223                      /usr/lib/x86_64-linux-gnu/libcuda.so.575.57.08
7f7003cec000-7f7003d90000 rw-p 05766000 fc:01 13223                      /usr/lib/x86_64-linux-gnu/libcuda.so.575.57.08
7f7003d90000-7f7003e00000 rw-p 00000000 00:00 0 
7f7003e00000-7f700c643000 r-xp 00000000 fc:01 1352777                    /home/hchakrabar/miniconda3/envs/pt_env/lib/python3.10/site-packages/nvidia/nvshmem/lib/libnvshmem_host.so.3
7f700c643000-7f700c843000 ---p 08843000 fc:01 1352777                    /home/hchakrabar/miniconda3/envs/pt_env/lib/python3.10/site-packages/nvidia/nvshmem/lib/libnvshmem_host.so.3
7f700c843000-7f700c848000 r--p 08843000 fc:01 1352777                    /home/hchakrabar/miniconda3/envs/pt_env/lib/python3.10/site-packages/nvidia/nvshmem/lib/libnvshmem_host.so.3
7f700c848000-7f700c84f000 rw-p 08848000 fc:01 1352777                    /home/hchakrabar/miniconda3/envs/pt_env/lib/python3.10/site-packages/nvidia/nvshmem/lib/libnvshmem_host.so.3
7f700c84f000-7f700c875000 rw-p 00000000 00:00 0 
7f700c876000-7f700c877000 r--p 00000000 fc:01 2104882                    /home/hchakrabar/miniconda3/envs/pt_env/lib/python3.10/site-packages/tensorflow/lite/python/analyzer_wrapper/_pywrap_analyzer_wrapper.so
7f700c877000-7f700c878000 r-xp 00000000 fc:01 2104882                    /home/hchakrabar/miniconda3/envs/pt_env/lib/python3.10/site-packages/tensorflow/lite/python/analyzer_wrapper/_pywrap_analyzer_wrapper.so
7f700c878000-7f700c879000 r--p 00000000 fc:01 2104882                    /home/hchakrabar/miniconda3/envs/pt_env/lib/python3.10/site-packages/tensorflow/lite/python/analyzer_wrapper/_pywrap_analyzer_wrapper.so
7f700c879000-7f700c87a000 rw-p 00000000 fc:01 2104882                    /home/hchakrabar/miniconda3/envs/pt_env/lib/python3.10/site-packages/tensorflow/lite/python/analyzer_wrapper/_pywrap_analyzer_wrapper.so
7f700c87a000-7f700c87d000 r--p 00000000 fc:01 1309213                    /home/hchakrabar/miniconda3/envs/pt_env/lib/python3.10/site-packages/scipy/optimize/_moduleTNC.cpython-310-x86_64-linux-gnu.so
7f700c87d000-7f700c896000 r-xp 00003000 fc:01 1309213                    /home/hchakrabar/miniconda3/envs/pt_env/lib/python3.10/site-packages/scipy/optimize/_moduleTNC.cpython-310-x86_64-linux-gnu.so
7f700c896000-7f700c89a000 r--p 0001c000 fc:01 1309213                    /home/hchakrabar/miniconda3/envs/pt_env/lib/python3.10/site-packages/scipy/optimize/_moduleTNC.cpython-310-x86_64-linux-gnu.so
7f700c89a000-7f700c89b000 r--p 0001f000 fc:01 1309213                    /home/hchakrabar/miniconda3/envs/pt_env/lib/python3.10/site-packages/scipy/optimize/_moduleTNC.cpython-310-x86_64-linux-gnu.so
7f700c89b000-7f700c89c000 rw-p 00020000 fc:01 1309213                    /home/hchakrabar/miniconda3/envs/pt_env/lib/python3.10/site-packages/scipy/optimize/_moduleTNC.cpython-310-x86_64-linux-gnu.so
7f700c89c000-7f700c8b7000 r--p 00000000 fc:01 1309370                    /home/hchakrabar/miniconda3/envs/pt_env/lib/python3.10/site-packages/scipy/linalg/_matfuncs_expm.cpython-310-x86_64-linux-gnu.so
7f700c8b7000-7f700c8d7000 r-xp 0001b000 fc:01 1309370                    /home/hchakrabar/miniconda3/envs/pt_env/lib/python3.10/site-packages/scipy/linalg/_matfuncs_expm.cpython-310-x86_64-linux-gnu.so
7f700c8d7000-7f700c8e5000 r--p 0003b000 fc:01 1309370                    /home/hchakrabar/miniconda3/envs/pt_env/lib/python3.10/site-packages/scipy/linalg/_matfuncs_expm.cpython-310-x86_64-linux-gnu.so
7f700c8e5000-7f700c8e6000 r--p 00048000 fc:01 1309370                    /home/hchakrabar/miniconda3/envs/pt_env/lib/python3.10/site-packages/scipy/linalg/_matfuncs_expm.cpython-310-x86_64-linux-gnu.so
7f700c8e6000-7f700c8ea000 rw-p 00049000 fc:01 1309370                    /home/hchakrabar/miniconda3/envs/pt_env/lib/python3.10/site-packages/scipy/linalg/_matfuncs_expm.cpython-310-x86_64-linux-gnu.so
7f700c8ea000-7f700c900000 rw-p 00067000 fc:01 1309370                    /home/hchakrabar/miniconda3/envs/pt_env/lib/python3.10/site-packages/scipy/linalg/_matfuncs_expm.cpython-310-x86_64-linux-gnu.so
7f700c900000-7f700ca00000 rw-p 00000000 00:00 0 
7f700ca00000-7f70323a6000 r-xp 00000000 fc:01 1353107                    /home/hchakrabar/miniconda3/envs/pt_env/lib/python3.10/site-packages/nvidia/cublas/lib/libcublasLt.so.12
7f70323a6000-7f70325a6000 ---p 259a6000 fc:01 1353107                    /home/hchakrabar/miniconda3/envs/pt_env/lib/python3.10/site-packages/nvidia/cublas/lib/libcublasLt.so.12
7f70325a6000-7f703291f000 r--p 259a6000 fc:01 1353107                    /home/hchakrabar/miniconda3/envs/pt_env/lib/python3.10/site-packages/nvidia/cublas/lib/libcublasLt.so.12
7f703291f000-7f703307a000 rw-p 25d1f000 fc:01 1353107                    /home/hchakrabar/miniconda3/envs/pt_env/lib/python3.10/site-packages/nvidia/cublas/lib/libcublasLt.so.12
7f703307a000-7f7038172000 rw-p 00000000 00:00 0 
7f7038172000-7f7038371000 ---p 2b772000 fc:01 1353107                    /home/hchakrabar/miniconda3/envs/pt_env/lib/python3.10/site-packages/nvidia/cublas/lib/libcublasLt.so.12
7f7038371000-7f7038b73000 r--p 26571000 fc:01 1353107                    /home/hchakrabar/miniconda3/envs/pt_env/lib/python3.10/site-packages/nvidia/cublas/lib/libcublasLt.so.12
7f7038b73000-7f7038d72000 ---p 2c173000 fc:01 1353107                    /home/hchakrabar/miniconda3/envs/pt_env/lib/python3.10/site-packages/nvidia/cublas/lib/libcublasLt.so.12
7f7038d72000-7f703ecf2000 rw-p 26d72000 fc:01 1353107                    /home/hchakrabar/miniconda3/envs/pt_env/lib/python3.10/site-packages/nvidia/cublas/lib/libcublasLt.so.12
7f703ecf2000-7f703ecf5000 r--p 00000000 fc:01 1310397                    /home/hchakrabar/miniconda3/envs/pt_env/lib/python3.10/site-packages/scipy/stats/_levy_stable/levyst.cpython-310-x86_64-linux-gnu.so
7f703ecf5000-7f703ecfc000 r-xp 00003000 fc:01 1310397                    /home/hchakrabar/miniconda3/envs/pt_env/lib/python3.10/site-packages/scipy/stats/_levy_stable/levyst.cpython-310-x86_64-linux-gnu.so
7f703ecfc000-7f703ecfe000 r--p 0000a000 fc:01 1310397                    /home/hchakrabar/miniconda3/envs/pt_env/lib/python3.10/site-packages/scipy/stats/_levy_stable/levyst.cpython-310-x86_64-linux-gnu.so
7f703ecfe000-7f703ecff000 r--p 0000b000 fc:01 1310397                    /home/hchakrabar/miniconda3/envs/pt_env/lib/python3.10/site-packages/scipy/stats/_levy_stable/levyst.cpython-310-x86_64-linux-gnu.so
7f703ecff000-7f703ed00000 rw-p 0000c000 fc:01 1310397                    /home/hchakrabar/miniconda3/envs/pt_env/lib/python3.10/site-packages/scipy/stats/_levy_stable/levyst.cpython-310-x86_64-linux-gnu.so
7f703ed00000-7f703ee00000 rw-p 00000000 00:00 0 
7f703ee00000-7f7045cec000 r-xp 00000000 fc:01 1353106                    /home/hchakrabar/miniconda3/envs/pt_env/lib/python3.10/site-packages/nvidia/cublas/lib/libcublas.so.12
7f7045cec000-7f7045eec000 ---p 06eec000 fc:01 1353106                    /home/hchakrabar/miniconda3/envs/pt_env/lib/python3.10/site-packages/nvidia/cublas/lib/libcublas.so.12
7f7045eec000-7f7045ef8000 r--p 06eec000 fc:01 1353106                    /home/hchakrabar/miniconda3/envs/pt_env/lib/python3.10/site-packages/nvidia/cublas/lib/libcublas.so.12
7f7045ef8000-7f7045eff000 rw-p 06ef8000 fc:01 1353106                    /home/hchakrabar/miniconda3/envs/pt_env/lib/python3.10/site-packages/nvidia/cublas/lib/libcublas.so.12
7f7045eff000-7f7045f0b000 rw-p 00000000 00:00 0 
7f7045f0b000-7f7045f0c000 r--p 00000000 fc:01 1310505                    /home/hchakrabar/miniconda3/envs/pt_env/lib/python3.10/site-packages/scipy/interpolate/_fitpack.cpython-310-x86_64-linux-gnu.so
7f7045f0c000-7f7045f1c000 r-xp 00001000 fc:01 1310505                    /home/hchakrabar/miniconda3/envs/pt_env/lib/python3.10/site-packages/scipy/interpolate/_fitpack.cpython-310-x86_64-linux-gnu.so
7f7045f1c000-7f7045f1e000 r--p 00011000 fc:01 1310505                    /home/hchakrabar/miniconda3/envs/pt_env/lib/python3.10/site-packages/scipy/interpolate/_fitpack.cpython-310-x86_64-linux-gnu.so
7f7045f1e000-7f7045f1f000 r--p 00012000 fc:01 1310505                    /home/hchakrabar/miniconda3/envs/pt_env/lib/python3.10/site-packages/scipy/interpolate/_fitpack.cpython-310-x86_64-linux-gnu.so
7f7045f1f000-7f7045f20000 rw-p 00013000 fc:01 1310505                    /home/hchakrabar/miniconda3/envs/pt_env/lib/python3.10/site-packages/scipy/interpolate/_fitpack.cpython-310-x86_64-linux-gnu.so
7f7045f20000-7f7045f22000 rw-p 00015000 fc:01 1310505                    /home/hchakrabar/miniconda3/envs/pt_env/lib/python3.10/site-packages/scipy/interpolate/_fitpack.cpython-310-x86_64-linux-gnu.so
7f7045f22000-7f7045f49000 r--p 00000000 fc:01 1309393                    /home/hchakrabar/miniconda3/envs/pt_env/lib/python3.10/site-packages/scipy/linalg/_fblas.cpython-310-x86_64-linux-gnu.so
7f7045f49000-7f7045f91000 r-xp 00027000 fc:01 1309393                    /home/hchakrabar/miniconda3/envs/pt_env/lib/python3.10/site-packages/scipy/linalg/_fblas.cpython-310-x86_64-linux-gnu.so
7f7045f91000-7f7045fbe000 r--p 0006f000 fc:01 1309393                    /home/hchakrabar/miniconda3/envs/pt_env/lib/python3.10/site-packages/scipy/linalg/_fblas.cpython-310-x86_64-linux-gnu.so
7f7045fbe000-7f7045fbf000 r--p 0009b000 fc:01 1309393                    /home/hchakrabar/miniconda3/envs/pt_env/lib/python3.10/site-packages/scipy/linalg/_fblas.cpython-310-x86_64-linux-gnu.so
7f7045fbf000-7f7045fe8000 rw-p 0009c000 fc:01 1309393                    /home/hchakrabar/miniconda3/envs/pt_env/lib/python3.10/site-packages/scipy/linalg/_fblas.cpython-310-x86_64-linux-gnu.so
7f7045fe8000-7f7046000000 rw-p 000e5000 fc:01 1309393                    /home/hchakrabar/miniconda3/envs/pt_env/lib/python3.10/site-packages/scipy/linalg/_fblas.cpython-310-x86_64-linux-gnu.so
7f7046000000-7f704ce39000 r-xp 00000000 fc:01 1352854                    /home/hchakrabar/miniconda3/envs/pt_env/lib/python3.10/site-packages/nvidia/curand/lib/libcurand.so.10
7f704ce39000-7f704d039000 ---p 06e39000 fc:01 1352854                    /home/hchakrabar/miniconda3/envs/pt_env/lib/python3.10/site-packages/nvidia/curand/lib/libcurand.so.10
7f704d039000-7f704d03e000 r--p 06e39000 fc:01 1352854                    /home/hchakrabar/miniconda3/envs/pt_env/lib/python3.10/site-packages/nvidia/curand/lib/libcurand.so.10
7f704d03e000-7f704e46a000 rw-p 06e3e000 fc:01 1352854                    /home/hchakrabar/miniconda3/envs/pt_env/lib/python3.10/site-packages/nvidia/curand/lib/libcurand.so.10
7f704e46a000-7f704eaa2000 rw-p 00000000 00:00 0 
7f704eaa2000-7f704eaa3000 r--p 00000000 fc:01 1309183                    /home/hchakrabar/miniconda3/envs/pt_env/lib/python3.10/site-packages/scipy/optimize/_direct.cpython-310-x86_64-linux-gnu.so
7f704eaa3000-7f704eaa9000 r-xp 00001000 fc:01 1309183                    /home/hchakrabar/miniconda3/envs/pt_env/lib/python3.10/site-packages/scipy/optimize/_direct.cpython-310-x86_64-linux-gnu.so
7f704eaa9000-7f704eaab000 r--p 00007000 fc:01 1309183                    /home/hchakrabar/miniconda3/envs/pt_env/lib/python3.10/site-packages/scipy/optimize/_direct.cpython-310-x86_64-linux-gnu.so
7f704eaab000-7f704eaac000 r--p 00008000 fc:01 1309183                    /home/hchakrabar/miniconda3/envs/pt_env/lib/python3.10/site-packages/scipy/optimize/_direct.cpython-310-x86_64-linux-gnu.so
7f704eaac000-7f704eaad000 rw-p 00009000 fc:01 1309183                    /home/hchakrabar/miniconda3/envs/pt_env/lib/python3.10/site-packages/scipy/optimize/_direct.cpython-310-x86_64-linux-gnu.so
7f704eaad000-7f704eaaf000 r--p 00000000 fc:01 1309163                    /home/hchakrabar/miniconda3/envs/pt_env/lib/python3.10/site-packages/scipy/optimize/_slsqp.cpython-310-x86_64-linux-gnu.so
7f704eaaf000-7f704eabc000 r-xp 00002000 fc:01 1309163                    /home/hchakrabar/miniconda3/envs/pt_env/lib/python3.10/site-packages/scipy/optimize/_slsqp.cpython-310-x86_64-linux-gnu.so
7f704eabc000-7f704eabf000 r--p 0000f000 fc:01 1309163                    /home/hchakrabar/miniconda3/envs/pt_env/lib/python3.10/site-packages/scipy/optimize/_slsqp.cpython-310-x86_64-linux-gnu.so
7f704eabf000-7f704eac0000 r--p 00011000 fc:01 1309163                    /home/hchakrabar/miniconda3/envs/pt_env/lib/python3.10/site-packages/scipy/optimize/_slsqp.cpython-310-x86_64-linux-gnu.so
7f704eac0000-7f704eac1000 rw-p 00012000 fc:01 1309163                    /home/hchakrabar/miniconda3/envs/pt_env/lib/python3.10/site-packages/scipy/optimize/_slsqp.cpython-310-x86_64-linux-gnu.so
7f704eac1000-7f704eac6000 r--p 00000000 fc:01 1309366                    /home/hchakrabar/miniconda3/envs/pt_env/lib/python3.10/site-packages/scipy/linalg/_matfuncs_sqrtm_triu.cpython-310-x86_64-linux-gnu.so
7f704eac6000-7f704eaf4000 r-xp 00005000 fc:01 1309366                    /home/hchakrabar/miniconda3/envs/pt_env/lib/python3.10/site-packages/scipy/linalg/_matfuncs_sqrtm_triu.cpython-310-x86_64-linux-gnu.so
7f704eaf4000-7f704eafc000 r--p 00033000 fc:01 1309366                    /home/hchakrabar/miniconda3/envs/pt_env/lib/python3.10/site-packages/scipy/linalg/_matfuncs_sqrtm_triu.cpython-310-x86_64-linux-gnu.so
7f704eafc000-7f704eafd000 r--p 0003a000 fc:01 1309366                    /home/hchakrabar/miniconda3/envs/pt_env/lib/python3.10/site-packages/scipy/linalg/_matfuncs_sqrtm_triu.cpython-310-x86_64-linux-gnu.so
7f704eafd000-7f704eaff000 rw-p 0003b000 fc:01 1309366                    /home/hchakrabar/miniconda3/envs/pt_env/lib/python3.10/site-packages/scipy/linalg/_matfuncs_sqrtm_triu.cpython-310-x86_64-linux-gnu.so
7f704eaff000-7f704ec00000 rw-p 00000000 00:00 0 
7f704ec00000-7f7067450000 r-xp 00000000 fc:01 1352822                    /home/hchakrabar/miniconda3/envs/pt_env/lib/python3.10/site-packages/nvidia/nccl/lib/libnccl.so.2
7f7067450000-7f7067650000 ---p 18850000 fc:01 1352822                    /home/hchakrabar/miniconda3/envs/pt_env/lib/python3.10/site-packages/nvidia/nccl/lib/libnccl.so.2
7f7067650000-7f7067659000 r--p 18850000 fc:01 1352822                    /home/hchakrabar/miniconda3/envs/pt_env/lib/python3.10/site-packages/nvidia/nccl/lib/libnccl.so.2
7f7067659000-7f706766e000 rw-p 18859000 fc:01 1352822                    /home/hchakrabar/miniconda3/envs/pt_env/lib/python3.10/site-packages/nvidia/nccl/lib/libnccl.so.2
7f706766e000-7f70676a6000 rw-p 00000000 00:00 0 
7f70676a6000-7f70676a8000 r--p 00000000 fc:01 1309211                    /home/hchakrabar/miniconda3/envs/pt_env/lib/python3.10/site-packages/scipy/optimize/_cobyla.cpython-310-x86_64-linux-gnu.so
7f70676a8000-7f70676b6000 r-xp 00002000 fc:01 1309211                    /home/hchakrabar/miniconda3/envs/pt_env/lib/python3.10/site-packages/scipy/optimize/_cobyla.cpython-310-x86_64-linux-gnu.so
7f70676b6000-7f70676b9000 r--p 00010000 fc:01 1309211                    /home/hchakrabar/miniconda3/envs/pt_env/lib/python3.10/site-packages/scipy/optimize/_cobyla.cpython-310-x86_64-linux-gnu.so
7f70676b9000-7f70676ba000 r--p 00012000 fc:01 1309211                    /home/hchakrabar/miniconda3/envs/pt_env/lib/python3.10/site-packages/scipy/optimize/_cobyla.cpython-310-x86_64-linux-gnu.so
7f70676ba000-7f70676bb000 rw-p 00013000 fc:01 1309211                    /home/hchakrabar/miniconda3/envs/pt_env/lib/python3.10/site-packages/scipy/optimize/_cobyla.cpython-310-x86_64-linux-gnu.so
7f70676bb000-7f70676bc000 rw-p 00017000 fc:01 1309211                    /home/hchakrabar/miniconda3/envs/pt_env/lib/python3.10/site-packages/scipy/optimize/_cobyla.cpython-310-x86_64-linux-gnu.so
7f70676bc000-7f70676bd000 rw-p 00019000 fc:01 1309211                    /home/hchakrabar/miniconda3/envs/pt_env/lib/python3.10/site-packages/scipy/optimize/_cobyla.cpython-310-x86_64-linux-gnu.so
7f70676bd000-7f70676c2000 r--p 00000000 fc:01 1309389                    /home/hchakrabar/miniconda3/envs/pt_env/lib/python3.10/site-packages/scipy/linalg/_solve_toeplitz.cpython-310-x86_64-linux-gnu.so
7f70676c2000-7f70676f3000 r-xp 00005000 fc:01 1309389                    /home/hchakrabar/miniconda3/envs/pt_env/lib/python3.10/site-packages/scipy/linalg/_solve_toeplitz.cpython-310-x86_64-linux-gnu.so
7f70676f3000-7f70676fb000 r--p 00036000 fc:01 1309389                    /home/hchakrabar/miniconda3/envs/pt_env/lib/python3.10/site-packages/scipy/linalg/_solve_toeplitz.cpython-310-x86_64-linux-gnu.so
7f70676fb000-7f70676fc000 ---p 0003e000 fc:01 1309389                    /home/hchakrabar/miniconda3/envs/pt_env/lib/python3.10/site-packages/scipy/linalg/_solve_toeplitz.cpython-310-x86_64-linux-gnu.so
7f70676fc000-7f70676fd000 r--p 0003e000 fc:01 1309389                    /home/hchakrabar/miniconda3/envs/pt_env/lib/python3.10/site-packages/scipy/linalg/_solve_toeplitz.cpython-310-x86_64-linux-gnu.so
7f70676fd000-7f70676ff000 rw-p 0003f000 fc:01 1309389                    /home/hchakrabar/miniconda3/envs/pt_env/lib/python3.10/site-packages/scipy/linalg/_solve_toeplitz.cpython-310-x86_64-linux-gnu.so
7f70676ff000-7f7067800000 rw-p 00000000 00:00 0 
7f7067800000-7f7067d67000 r-xp 00000000 fc:01 1353154                    /home/hchakrabar/miniconda3/envs/pt_env/lib/python3.10/site-packages/nvidia/cufft/lib/libcufft.so.11
7f7067d67000-7f7067f66000 ---p 00567000 fc:01 1353154                    /home/hchakrabar/miniconda3/envs/pt_env/lib/python3.10/site-packages/nvidia/cufft/lib/libcufft.so.11
7f7067f66000-7f7067f70000 r--p 00566000 fc:01 1353154                    /home/hchakrabar/miniconda3/envs/pt_env/lib/python3.10/site-packages/nvidia/cufft/lib/libcufft.so.11
7f7067f70000-7f7067f71000 rw-p 00570000 fc:01 1353154                    /home/hchakrabar/miniconda3/envs/pt_env/lib/python3.10/site-packages/nvidia/cufft/lib/libcufft.so.11
7f7067f71000-7f70682cd000 rw-p 00000000 00:00 0 
7f70682cd000-7f70684cc000 ---p 00acd000 fc:01 1353154                    /home/hchakrabar/miniconda3/envs/pt_env/lib/python3.10/site-packages/nvidia/cufft/lib/libcufft.so.11
7f70684cc000-7f70685be000 r--p 006cc000 fc:01 1353154                    /home/hchakrabar/miniconda3/envs/pt_env/lib/python3.10/site-packages/nvidia/cufft/lib/libcufft.so.11
7f70685be000-7f70687bd000 ---p 00dbe000 fc:01 1353154                    /home/hchakrabar/miniconda3/envs/pt_env/lib/python3.10/site-packages/nvidia/cufft/lib/libcufft.so.11
7f70687bd000-7f70789c5000 rw-p 007bd000 fc:01 1353154                    /home/hchakrabar/miniconda3/envs/pt_env/lib/python3.10/site-packages/nvidia/cufft/lib/libcufft.so.11
7f70789c5000-7f7078a00000 ---p 111c5000 fc:01 1353154                    /home/hchakrabar/miniconda3/envs/pt_env/lib/python3.10/site-packages/nvidia/cufft/lib/libcufft.so.11
7f7078a00000-7f7078a01000 rw-p 10a00000 fc:01 1353154                    /home/hchakrabar/miniconda3/envs/pt_env/lib/python3.10/site-packages/nvidia/cufft/lib/libcufft.so.11
7f7078a04000-7f7078a09000 r--p 00000000 fc:01 1309361                    /home/hchakrabar/miniconda3/envs/pt_env/lib/python3.10/site-packages/scipy/linalg/_decomp_lu_cython.cpython-310-x86_64-linux-gnu.so
7f7078a09000-7f7078a35000 r-xp 00005000 fc:01 1309361                    /home/hchakrabar/miniconda3/envs/pt_env/lib/python3.10/site-packages/scipy/linalg/_decomp_lu_cython.cpython-310-x86_64-linux-gnu.so
7f7078a35000-7f7078a3d000 r--p 00031000 fc:01 1309361                    /home/hchakrabar/miniconda3/envs/pt_env/lib/python3.10/site-packages/scipy/linalg/_decomp_lu_cython.cpython-310-x86_64-linux-gnu.so
7f7078a3d000-7f7078a3e000 r--p 00038000 fc:01 1309361                    /home/hchakrabar/miniconda3/envs/pt_env/lib/python3.10/site-packages/scipy/linalg/_decomp_lu_cython.cpython-310-x86_64-linux-gnu.so
7f7078a3e000-7f7078a40000 rw-p 00039000 fc:01 1309361                    /home/hchakrabar/miniconda3/envs/pt_env/lib/python3.10/site-packages/scipy/linalg/_decomp_lu_cython.cpython-310-x86_64-linux-gnu.so
7f7078a40000-7f7078a41000 rw-p 00000000 00:00 0 
7f7078a41000-7f7078a47000 r--p 00000000 fc:01 1309845                    /home/hchakrabar/miniconda3/envs/pt_env/lib/python3.10/site-packages/scipy/sparse/_csparsetools.cpython-310-x86_64-linux-gnu.so
7f7078a47000-7f7078aeb000 r-xp 00006000 fc:01 1309845                    /home/hchakrabar/miniconda3/envs/pt_env/lib/python3.10/site-packages/scipy/sparse/_csparsetools.cpython-310-x86_64-linux-gnu.so
7f7078aeb000-7f7078afa000 r--p 000aa000 fc:01 1309845                    /home/hchakrabar/miniconda3/envs/pt_env/lib/python3.10/site-packages/scipy/sparse/_csparsetools.cpython-310-x86_64-linux-gnu.so
7f7078afa000-7f7078afb000 r--p 000b8000 fc:01 1309845                    /home/hchakrabar/miniconda3/envs/pt_env/lib/python3.10/site-packages/scipy/sparse/_csparsetools.cpython-310-x86_64-linux-gnu.so
7f7078afb000-7f7078afe000 rw-p 000b9000 fc:01 1309845                    /home/hchakrabar/miniconda3/envs/pt_env/lib/python3.10/site-packages/scipy/sparse/_csparsetools.cpython-310-x86_64-linux-gnu.so
7f7078afe000-7f7078c00000 rw-p 00000000 00:00 0 
7f7078c00000-7f708fc84000 r-xp 00000000 fc:01 1353130                    /home/hchakrabar/miniconda3/envs/pt_env/lib/python3.10/site-packages/nvidia/cusparse/lib/libcusparse.so.12
7f708fc84000-7f708fe84000 ---p 17084000 fc:01 1353130                    /home/hchakrabar/miniconda3/envs/pt_env/lib/python3.10/site-packages/nvidia/cusparse/lib/libcusparse.so.12
7f708fe84000-7f708fe93000 r--p 17084000 fc:01 1353130                    /home/hchakrabar/miniconda3/envs/pt_env/lib/python3.10/site-packages/nvidia/cusparse/lib/libcusparse.so.12
7f708fe93000-7f708feaf000 rw-p 17093000 fc:01 1353130                    /home/hchakrabar/miniconda3/envs/pt_env/lib/python3.10/site-packages/nvidia/cusparse/lib/libcusparse.so.12
7f708feaf000-7f708feb5000 rw-p 00000000 00:00 0 
7f708feb5000-7f7090000000 ---p 172b5000 fc:01 1353130                    /home/hchakrabar/miniconda3/envs/pt_env/lib/python3.10/site-packages/nvidia/cusparse/lib/libcusparse.so.12
7f7090000000-7f7090005000 rw-p 17200000 fc:01 1353130                    /home/hchakrabar/miniconda3/envs/pt_env/lib/python3.10/site-packages/nvidia/cusparse/lib/libcusparse.so.12
7f7090005000-7f7090006000 r--p 00000000 fc:01 2104898                    /home/hchakrabar/miniconda3/envs/pt_env/lib/python3.10/site-packages/tensorflow/lite/python/interpreter_wrapper/_pywrap_tensorflow_interpreter_wrapper.so
7f7090006000-7f7090007000 r-xp 00000000 fc:01 2104898                    /home/hchakrabar/miniconda3/envs/pt_env/lib/python3.10/site-packages/tensorflow/lite/python/interpreter_wrapper/_pywrap_tensorflow_interpreter_wrapper.so
7f7090007000-7f7090008000 r--p 00000000 fc:01 2104898                    /home/hchakrabar/miniconda3/envs/pt_env/lib/python3.10/site-packages/tensorflow/lite/python/interpreter_wrapper/_pywrap_tensorflow_interpreter_wrapper.so
7f7090008000-7f7090009000 rw-p 00000000 fc:01 2104898                    /home/hchakrabar/miniconda3/envs/pt_env/lib/python3.10/site-packages/tensorflow/lite/python/interpreter_wrapper/_pywrap_tensorflow_interpreter_wrapper.so
7f7090009000-7f709000a000 r--p 00000000 fc:01 1309182                    /home/hchakrabar/miniconda3/envs/pt_env/lib/python3.10/site-packages/scipy/optimize/_lsap.cpython-310-x86_64-linux-gnu.so
7f709000a000-7f709000c000 r-xp 00001000 fc:01 1309182                    /home/hchakrabar/miniconda3/envs/pt_env/lib/python3.10/site-packages/scipy/optimize/_lsap.cpython-310-x86_64-linux-gnu.so
7f709000c000-7f709000e000 r--p 00003000 fc:01 1309182                    /home/hchakrabar/miniconda3/envs/pt_env/lib/python3.10/site-packages/scipy/optimize/_lsap.cpython-310-x86_64-linux-gnu.so
7f709000e000-7f709000f000 r--p 00004000 fc:01 1309182                    /home/hchakrabar/miniconda3/envs/pt_env/lib/python3.10/site-packages/scipy/optimize/_lsap.cpython-310-x86_64-linux-gnu.so
7f709000f000-7f7090010000 rw-p 00005000 fc:01 1309182                    /home/hchakrabar/miniconda3/envs/pt_env/lib/python3.10/site-packages/scipy/optimize/_lsap.cpython-310-x86_64-linux-gnu.so
7f7090010000-7f7090013000 r--p 00000000 fc:01 1309470                    /home/hchakrabar/miniconda3/envs/pt_env/lib/python3.10/site-packages/scipy/special/_ellip_harm_2.cpython-310-x86_64-linux-gnu.so
7f7090013000-7f7090027000 r-xp 00003000 fc:01 1309470                    /home/hchakrabar/miniconda3/envs/pt_env/lib/python3.10/site-packages/scipy/special/_ellip_harm_2.cpython-310-x86_64-linux-gnu.so
7f7090027000-7f709002a000 r--p 00017000 fc:01 1309470                    /home/hchakrabar/miniconda3/envs/pt_env/lib/python3.10/site-packages/scipy/special/_ellip_harm_2.cpython-310-x86_64-linux-gnu.so
7f709002a000-7f709002b000 r--p 00019000 fc:01 1309470                    /home/hchakrabar/miniconda3/envs/pt_env/lib/python3.10/site-packages/scipy/special/_ellip_harm_2.cpython-310-x86_64-linux-gnu.so
7f709002b000-7f709002c000 rw-p 0001a000 fc:01 1309470                    /home/hchakrabar/miniconda3/envs/pt_env/lib/python3.10/site-packages/scipy/special/_ellip_harm_2.cpython-310-x86_64-linux-gnu.so
7f709002c000-7f709002f000 rw-p 0001f000 fc:01 1309470                    /home/hchakrabar/miniconda3/envs/pt_env/lib/python3.10/site-packages/scipy/special/_ellip_harm_2.cpython-310-x86_64-linux-gnu.so
7f709002f000-7f7091fd6000 r--p 00000000 fc:01 1348471                    /home/hchakrabar/miniconda3/envs/pt_env/lib/python3.10/site-packages/nvidia/cusparselt/lib/libcusparseLt.so.0
7f7091fd6000-7f7094fe4000 r-xp 01fa7000 fc:01 1348471                    /home/hchakrabar/miniconda3/envs/pt_env/lib/python3.10/site-packages/nvidia/cusparselt/lib/libcusparseLt.so.0
7f7094fe4000-7f70a9420000 r--p 04fb5000 fc:01 1348471                    /home/hchakrabar/miniconda3/envs/pt_env/lib/python3.10/site-packages/nvidia/cusparselt/lib/libcusparseLt.so.0
7f70a9420000-7f70a9421000 ---p 193f1000 fc:01 1348471                    /home/hchakrabar/miniconda3/envs/pt_env/lib/python3.10/site-packages/nvidia/cusparselt/lib/libcusparseLt.so.0
7f70a9421000-7f70a9544000 r--p 193f1000 fc:01 1348471                    /home/hchakrabar/miniconda3/envs/pt_env/lib/python3.10/site-packages/nvidia/cusparselt/lib/libcusparseLt.so.0
7f70a9544000-7f70a9571000 rw-p 19514000 fc:01 1348471                    /home/hchakrabar/miniconda3/envs/pt_env/lib/python3.10/site-packages/nvidia/cusparselt/lib/libcusparseLt.so.0
7f70a9571000-7f70a97d6000 rw-p 00000000 00:00 0 
7f70a97d6000-7f70ab19f000 rw-p 19542000 fc:01 1348471                    /home/hchakrabar/miniconda3/envs/pt_env/lib/python3.10/site-packages/nvidia/cusparselt/lib/libcusparseLt.so.0
7f70ab19f000-7f70abaaf000 r--p 00000000 fc:01 2349078                    /home/hchakrabar/miniconda3/envs/pt_env/lib/python3.10/site-packages/torch/lib/libtorch_cuda.so
7f70abaaf000-7f70aea7c000 r-xp 00910000 fc:01 2349078                    /home/hchakrabar/miniconda3/envs/pt_env/lib/python3.10/site-packages/torch/lib/libtorch_cuda.so
7f70aea7c000-7f70e5fe3000 r--p 038dd000 fc:01 2349078                    /home/hchakrabar/miniconda3/envs/pt_env/lib/python3.10/site-packages/torch/lib/libtorch_cuda.so
7f70e5fe3000-7f70e6046000 r--p 3ae44000 fc:01 2349078                    /home/hchakrabar/miniconda3/envs/pt_env/lib/python3.10/site-packages/torch/lib/libtorch_cuda.so
7f70e6046000-7f70e6066000 rw-p 3aea7000 fc:01 2349078                    /home/hchakrabar/miniconda3/envs/pt_env/lib/python3.10/site-packages/torch/lib/libtorch_cuda.so
7f70e6066000-7f70e6db1000 rw-p 00000000 00:00 0 
7f70e6db1000-7f70e747b000 rw-p 3c89b000 fc:01 2349078                    /home/hchakrabar/miniconda3/envs/pt_env/lib/python3.10/site-packages/torch/lib/libtorch_cuda.so
7f70e747b000-7f70e83ab000 r--p 00000000 fc:01 2349077                    /home/hchakrabar/miniconda3/envs/pt_env/lib/python3.10/site-packages/torch/lib/libtorch_cpu.so
7f70e83ab000-7f70f8957000 r-xp 00f30000 fc:01 2349077                    /home/hchakrabar/miniconda3/envs/pt_env/lib/python3.10/site-packages/torch/lib/libtorch_cpu.so
7f70f8957000-7f70fb420000 r--p 114dc000 fc:01 2349077                    /home/hchakrabar/miniconda3/envs/pt_env/lib/python3.10/site-packages/torch/lib/libtorch_cpu.so
7f70fb420000-7f70fb688000 r--p 13fa4000 fc:01 2349077                    /home/hchakrabar/miniconda3/envs/pt_env/lib/python3.10/site-packages/torch/lib/libtorch_cpu.so
7f70fb688000-7f70fb6fb000 rw-p 1420c000 fc:01 2349077                    /home/hchakrabar/miniconda3/envs/pt_env/lib/python3.10/site-packages/torch/lib/libtorch_cpu.so
7f70fb6fb000-7f70fb80b000 rw-p 00000000 00:00 0 
7f70fb80b000-7f70fbdd2000 rw-p 19aed000 fc:01 2349077                    /home/hchakrabar/miniconda3/envs/pt_env/lib/python3.10/site-packages/torch/lib/libtorch_cpu.so
7f70fbdd2000-7f70fc097000 r--p 00000000 fc:01 1352804                    /home/hchakrabar/miniconda3/envs/pt_env/lib/python3.10/site-packages/nvidia/nvjitlink/lib/libnvJitLink.so.12
7f70fc097000-7f7100598000 r-xp 002c5000 fc:01 1352804                    /home/hchakrabar/miniconda3/envs/pt_env/lib/python3.10/site-packages/nvidia/nvjitlink/lib/libnvJitLink.so.12
7f7100598000-7f7100ebd000 r--p 047c6000 fc:01 1352804                    /home/hchakrabar/miniconda3/envs/pt_env/lib/python3.10/site-packages/nvidia/nvjitlink/lib/libnvJitLink.so.12
7f7100ebd000-7f7100ebe000 ---p 050eb000 fc:01 1352804                    /home/hchakrabar/miniconda3/envs/pt_env/lib/python3.10/site-packages/nvidia/nvjitlink/lib/libnvJitLink.so.12
7f7100ebe000-7f7101648000 r--p 050eb000 fc:01 1352804                    /home/hchakrabar/miniconda3/envs/pt_env/lib/python3.10/site-packages/nvidia/nvjitlink/lib/libnvJitLink.so.12
7f7101648000-7f7101791000 rw-p 05875000 fc:01 1352804                    /home/hchakrabar/miniconda3/envs/pt_env/lib/python3.10/site-packages/nvidia/nvjitlink/lib/libnvJitLink.so.12
7f7101791000-7f71018ba000 rw-p 00000000 00:00 0 
7f71018ba000-7f7101cd8000 r--p 00000000 fc:01 1353017                    /home/hchakrabar/miniconda3/envs/pt_env/lib/python3.10/site-packages/nvidia/cuda_nvrtc/lib/libnvrtc.so.12
7f7101cd8000-7f710656d000 r-xp 0041e000 fc:01 1353017                    /home/hchakrabar/miniconda3/envs/pt_env/lib/python3.10/site-packages/nvidia/cuda_nvrtc/lib/libnvrtc.so.12
7f710656d000-7f710726b000 r--p 04cb3000 fc:01 1353017                    /home/hchakrabar/miniconda3/envs/pt_env/lib/python3.10/site-packages/nvidia/cuda_nvrtc/lib/libnvrtc.so.12
7f710726b000-7f7107a3d000 r--p 059b0000 fc:01 1353017                    /home/hchakrabar/miniconda3/envs/pt_env/lib/python3.10/site-packages/nvidia/cuda_nvrtc/lib/libnvrtc.so.12
7f7107a3d000-7f7107c5f000 rw-p 06182000 fc:01 1353017                    /home/hchakrabar/miniconda3/envs/pt_env/lib/python3.10/site-packages/nvidia/cuda_nvrtc/lib/libnvrtc.so.12
7f7107c5f000-7f7107ffe000 rw-p 00000000 00:00 0 
7f7107ffe000-7f7108000000 rw-p 063a4000 fc:01 1353017                    /home/hchakrabar/miniconda3/envs/pt_env/lib/python3.10/site-packages/nvidia/cuda_nvrtc/lib/libnvrtc.so.12
7f7108000000-7f7108146000 rw-p 00000000 00:00 0 
7f7108146000-7f710c000000 ---p 00000000 00:00 0 
7f710c002000-7f710c005000 r--p 00000000 fc:01 1309199                    /home/hchakrabar/miniconda3/envs/pt_env/lib/python3.10/site-packages/scipy/optimize/_group_columns.cpython-310-x86_64-linux-gnu.so
7f710c005000-7f710c012000 r-xp 00003000 fc:01 1309199                    /home/hchakrabar/miniconda3/envs/pt_env/lib/python3.10/site-packages/scipy/optimize/_group_columns.cpython-310-x86_64-linux-gnu.so
7f710c012000-7f710c015000 r--p 00010000 fc:01 1309199                    /home/hchakrabar/miniconda3/envs/pt_env/lib/python3.10/site-packages/scipy/optimize/_group_columns.cpython-310-x86_64-linux-gnu.so
7f710c015000-7f710c016000 r--p 00012000 fc:01 1309199                    /home/hchakrabar/miniconda3/envs/pt_env/lib/python3.10/site-packages/scipy/optimize/_group_columns.cpython-310-x86_64-linux-gnu.so
7f710c016000-7f710c017000 rw-p 00013000 fc:01 1309199                    /home/hchakrabar/miniconda3/envs/pt_env/lib/python3.10/site-packages/scipy/optimize/_group_columns.cpython-310-x86_64-linux-gnu.so
7f710c017000-7f710c021000 r--p 00000000 fc:01 1302422                    /home/hchakrabar/miniconda3/envs/pt_env/lib/python3.10/site-packages/numpy/fft/_pocketfft_umath.cpython-310-x86_64-linux-gnu.so
7f710c021000-7f710c09d000 r-xp 0000a000 fc:01 1302422                    /home/hchakrabar/miniconda3/envs/pt_env/lib/python3.10/site-packages/numpy/fft/_pocketfft_umath.cpython-310-x86_64-linux-gnu.so
7f710c09d000-7f710c0a6000 r--p 00086000 fc:01 1302422                    /home/hchakrabar/miniconda3/envs/pt_env/lib/python3.10/site-packages/numpy/fft/_pocketfft_umath.cpython-310-x86_64-linux-gnu.so
7f710c0a6000-7f710c0a7000 r--p 0008e000 fc:01 1302422                    /home/hchakrabar/miniconda3/envs/pt_env/lib/python3.10/site-packages/numpy/fft/_pocketfft_umath.cpython-310-x86_64-linux-gnu.so
7f710c0a7000-7f710c0a8000 rw-p 0008f000 fc:01 1302422                    /home/hchakrabar/miniconda3/envs/pt_env/lib/python3.10/site-packages/numpy/fft/_pocketfft_umath.cpython-310-x86_64-linux-gnu.so
7f710c0a8000-7f710d3a8000 rw-p 00000000 00:00 0 
7f710d3a8000-7f710d621000 r--p 00000000 fc:01 1342969                    /home/hchakrabar/miniconda3/envs/pt_env/lib/python3.10/site-packages/tokenizers/tokenizers.abi3.so
7f710d621000-7f710da88000 r-xp 00278000 fc:01 1342969                    /home/hchakrabar/miniconda3/envs/pt_env/lib/python3.10/site-packages/tokenizers/tokenizers.abi3.so
7f710da88000-7f710db0e000 r--p 006de000 fc:01 1342969                    /home/hchakrabar/miniconda3/envs/pt_env/lib/python3.10/site-packages/tokenizers/tokenizers.abi3.so
7f710db0e000-7f710db17000 rw-p 00763000 fc:01 1342969                    /home/hchakrabar/miniconda3/envs/pt_env/lib/python3.10/site-packages/tokenizers/tokenizers.abi3.so
7f710db17000-7f710db6c000 r--p 00000000 fc:01 2323559                    /home/hchakrabar/miniconda3/envs/pt_env/lib/python3.10/site-packages/sentencepiece/_sentencepiece.cpython-310-x86_64-linux-gnu.so
7f710db6c000-7f710dcaa000 r-xp 00055000 fc:01 2323559                    /home/hchakrabar/miniconda3/envs/pt_env/lib/python3.10/site-packages/sentencepiece/_sentencepiece.cpython-310-x86_64-linux-gnu.so
7f710dcaa000-7f710dcfa000 r--p 00193000 fc:01 2323559                    /home/hchakrabar/miniconda3/envs/pt_env/lib/python3.10/site-packages/sentencepiece/_sentencepiece.cpython-310-x86_64-linux-gnu.so
7f710dcfa000-7f710dcfd000 r--p 001e3000 fc:01 2323559                    /home/hchakrabar/miniconda3/envs/pt_env/lib/python3.10/site-packages/sentencepiece/_sentencepiece.cpython-310-x86_64-linux-gnu.so
7f710dcfd000-7f710dd00000 rw-p 001e6000 fc:01 2323559                    /home/hchakrabar/miniconda3/envs/pt_env/lib/python3.10/site-packages/sentencepiece/_sentencepiece.cpython-310-x86_64-linux-gnu.so
7f710dd00000-7f710e000000 rw-p 00000000 00:00 0 
7f710e000000-7f710e003000 r-xp 00000000 fc:01 1317385                    /home/hchakrabar/miniconda3/envs/pt_env/lib/python3.10/site-packages/pillow.libs/libXau-154567c4.so.6.0.0
7f710e003000-7f710e202000 ---p 00003000 fc:01 1317385                    /home/hchakrabar/miniconda3/envs/pt_env/lib/python3.10/site-packages/pillow.libs/libXau-154567c4.so.6.0.0
7f710e202000-7f710e203000 r--p 00002000 fc:01 1317385                    /home/hchakrabar/miniconda3/envs/pt_env/lib/python3.10/site-packages/pillow.libs/libXau-154567c4.so.6.0.0
7f710e203000-7f710e204000 rw-p 00000000 00:00 0 
7f710e204000-7f710e205000 rw-p 00005000 fc:01 1317385                    /home/hchakrabar/miniconda3/envs/pt_env/lib/python3.10/site-packages/pillow.libs/libXau-154567c4.so.6.0.0
7f710e208000-7f710e209000 r--p 00000000 fc:01 1309180                    /home/hchakrabar/miniconda3/envs/pt_env/lib/python3.10/site-packages/scipy/optimize/_zeros.cpython-310-x86_64-linux-gnu.so
7f710e209000-7f710e20b000 r-xp 00001000 fc:01 1309180                    /home/hchakrabar/miniconda3/envs/pt_env/lib/python3.10/site-packages/scipy/optimize/_zeros.cpython-310-x86_64-linux-gnu.so
7f710e20b000-7f710e20c000 r--p 00003000 fc:01 1309180                    /home/hchakrabar/miniconda3/envs/pt_env/lib/python3.10/site-packages/scipy/optimize/_zeros.cpython-310-x86_64-linux-gnu.so
7f710e20c000-7f710e20d000 r--p 00003000 fc:01 1309180                    /home/hchakrabar/miniconda3/envs/pt_env/lib/python3.10/site-packages/scipy/optimize/_zeros.cpython-310-x86_64-linux-gnu.so
7f710e20d000-7f710e20e000 rw-p 00004000 fc:01 1309180                    /home/hchakrabar/miniconda3/envs/pt_env/lib/python3.10/site-packages/scipy/optimize/_zeros.cpython-310-x86_64-linux-gnu.so
7f710e20e000-7f710e30e000 rw-p 00000000 00:00 0 
7f710e30e000-7f710e313000 r--p 00000000 fc:01 1317402                    /home/hchakrabar/miniconda3/envs/pt_env/lib/python3.10/site-packages/pillow.libs/libzstd-761a17b6.so.1.5.7
7f710e313000-7f710e4a3000 r-xp 00005000 fc:01 1317402                    /home/hchakrabar/miniconda3/envs/pt_env/lib/python3.10/site-packages/pillow.libs/libzstd-761a17b6.so.1.5.7
7f710e4a3000-7f710e4c2000 r--p 00195000 fc:01 1317402                    /home/hchakrabar/miniconda3/envs/pt_env/lib/python3.10/site-packages/pillow.libs/libzstd-761a17b6.so.1.5.7
7f710e4c2000-7f710e4c3000 r--p 001b4000 fc:01 1317402                    /home/hchakrabar/miniconda3/envs/pt_env/lib/python3.10/site-packages/pillow.libs/libzstd-761a17b6.so.1.5.7
7f710e4c3000-7f710e4c6000 rw-p 001b5000 fc:01 1317402                    /home/hchakrabar/miniconda3/envs/pt_env/lib/python3.10/site-packages/pillow.libs/libzstd-761a17b6.so.1.5.7
7f710e4c6000-7f710e4cc000 r--p 00000000 fc:01 1317391                    /home/hchakrabar/miniconda3/envs/pt_env/lib/python3.10/site-packages/pillow.libs/libjpeg-a41b0190.so.62.4.0
7f710e4cc000-7f710e564000 r-xp 00006000 fc:01 1317391                    /home/hchakrabar/miniconda3/envs/pt_env/lib/python3.10/site-packages/pillow.libs/libjpeg-a41b0190.so.62.4.0
7f710e564000-7f710e58d000 r--p 0009e000 fc:01 1317391                    /home/hchakrabar/miniconda3/envs/pt_env/lib/python3.10/site-packages/pillow.libs/libjpeg-a41b0190.so.62.4.0
7f710e58d000-7f710e58e000 r--p 000c7000 fc:01 1317391                    /home/hchakrabar/miniconda3/envs/pt_env/lib/python3.10/site-packages/pillow.libs/libjpeg-a41b0190.so.62.4.0
7f710e58e000-7f710e593000 rw-p 000c8000 fc:01 1317391                    /home/hchakrabar/miniconda3/envs/pt_env/lib/python3.10/site-packages/pillow.libs/libjpeg-a41b0190.so.62.4.0
7f710e593000-7f710e59b000 r--p 00000000 fc:01 1317397                    /home/hchakrabar/miniconda3/envs/pt_env/lib/python3.10/site-packages/pillow.libs/libtiff-295fd75c.so.6.2.0
7f710e59b000-7f710e610000 r-xp 00008000 fc:01 1317397                    /home/hchakrabar/miniconda3/envs/pt_env/lib/python3.10/site-packages/pillow.libs/libtiff-295fd75c.so.6.2.0
7f710e610000-7f710e642000 r--p 0007d000 fc:01 1317397                    /home/hchakrabar/miniconda3/envs/pt_env/lib/python3.10/site-packages/pillow.libs/libtiff-295fd75c.so.6.2.0
7f710e642000-7f710e646000 r--p 000af000 fc:01 1317397                    /home/hchakrabar/miniconda3/envs/pt_env/lib/python3.10/site-packages/pillow.libs/libtiff-295fd75c.so.6.2.0
7f710e646000-7f710e647000 rw-p 000b3000 fc:01 1317397                    /home/hchakrabar/miniconda3/envs/pt_env/lib/python3.10/site-packages/pillow.libs/libtiff-295fd75c.so.6.2.0
7f710e647000-7f710e64b000 rw-p 000b5000 fc:01 1317397                    /home/hchakrabar/miniconda3/envs/pt_env/lib/python3.10/site-packages/pillow.libs/libtiff-295fd75c.so.6.2.0
7f710e64b000-7f710e65c000 r--p 00000000 fc:01 1317363                    /home/hchakrabar/miniconda3/envs/pt_env/lib/python3.10/site-packages/PIL/_imaging.cpython-310-x86_64-linux-gnu.so
7f710e65c000-7f710e6e0000 r-xp 00011000 fc:01 1317363                    /home/hchakrabar/miniconda3/envs/pt_env/lib/python3.10/site-packages/PIL/_imaging.cpython-310-x86_64-linux-gnu.so
7f710e6e0000-7f710e6f1000 r--p 00095000 fc:01 1317363                    /home/hchakrabar/miniconda3/envs/pt_env/lib/python3.10/site-packages/PIL/_imaging.cpython-310-x86_64-linux-gnu.so
7f710e6f1000-7f710e6f5000 r--p 000a5000 fc:01 1317363                    /home/hchakrabar/miniconda3/envs/pt_env/lib/python3.10/site-packages/PIL/_imaging.cpython-310-x86_64-linux-gnu.so
7f710e6f5000-7f710e6f9000 rw-p 000a9000 fc:01 1317363                    /home/hchakrabar/miniconda3/envs/pt_env/lib/python3.10/site-packages/PIL/_imaging.cpython-310-x86_64-linux-gnu.so
7f710e6f9000-7f710e700000 rw-p 00324000 fc:01 1317363                    /home/hchakrabar/miniconda3/envs/pt_env/lib/python3.10/site-packages/PIL/_imaging.cpython-310-x86_64-linux-gnu.so
7f710e700000-7f7110000000 rw-p 00000000 00:00 0 
7f7110000000-7f711010c000 rw-p 00000000 00:00 0 
7f711010c000-7f7114000000 ---p 00000000 00:00 0 
7f7114000000-7f711429a000 rw-p 00000000 00:00 0 
7f711429a000-7f7118000000 ---p 00000000 00:00 0 
7f7118000000-7f7118021000 rw-p 00000000 00:00 0 
7f7118021000-7f711c000000 ---p 00000000 00:00 0 
7f711c000000-7f711c098000 rw-p 00000000 00:00 0 
7f711c098000-7f7120000000 ---p 00000000 00:00 0 
7f7120000000-7f7120182000 rw-p 00000000 00:00 0 
7f7120182000-7f7124000000 ---p 00000000 00:00 0 
7f7124000000-7f7124021000 rw-p 00000000 00:00 0 
7f7124021000-7f7128000000 ---p 00000000 00:00 0 
7f7128000000-7f7128021000 rw-p 00000000 00:00 0 
7f7128021000-7f712c000000 ---p 00000000 00:00 0 
7f712c000000-7f712d631000 rw-p 00000000 00:00 0 
7f712d631000-7f7130000000 ---p 00000000 00:00 0 
7f7130000000-7f7130021000 rw-p 00000000 00:00 0 
7f7130021000-7f7134000000 ---p 00000000 00:00 0 
7f7134000000-7f7134021000 rw-p 00000000 00:00 0 
7f7134021000-7f7138000000 ---p 00000000 00:00 0 
7f7138000000-7f7138021000 rw-p 00000000 00:00 0 
7f7138021000-7f713c000000 ---p 00000000 00:00 0 
7f713c000000-7f713c021000 rw-p 00000000 00:00 0 
7f713c021000-7f7140000000 ---p 00000000 00:00 0 
7f7140000000-7f7140074000 rw-p 00000000 00:00 0 
7f7140074000-7f7144000000 ---p 00000000 00:00 0 
7f7144000000-7f7144002000 r--p 00000000 fc:01 1310568                    /home/hchakrabar/miniconda3/envs/pt_env/lib/python3.10/site-packages/scipy/spatial/_distance_wrap.cpython-310-x86_64-linux-gnu.so
7f7144002000-7f7144016000 r-xp 00002000 fc:01 1310568                    /home/hchakrabar/miniconda3/envs/pt_env/lib/python3.10/site-packages/scipy/spatial/_distance_wrap.cpython-310-x86_64-linux-gnu.so
7f7144016000-7f7144018000 r--p 00016000 fc:01 1310568                    /home/hchakrabar/miniconda3/envs/pt_env/lib/python3.10/site-packages/scipy/spatial/_distance_wrap.cpython-310-x86_64-linux-gnu.so
7f7144018000-7f7144019000 ---p 00018000 fc:01 1310568                    /home/hchakrabar/miniconda3/envs/pt_env/lib/python3.10/site-packages/scipy/spatial/_distance_wrap.cpython-310-x86_64-linux-gnu.so
7f7144019000-7f714401a000 r--p 00018000 fc:01 1310568                    /home/hchakrabar/miniconda3/envs/pt_env/lib/python3.10/site-packages/scipy/spatial/_distance_wrap.cpython-310-x86_64-linux-gnu.so
7f714401a000-7f714401b000 rw-p 00019000 fc:01 1310568                    /home/hchakrabar/miniconda3/envs/pt_env/lib/python3.10/site-packages/scipy/spatial/_distance_wrap.cpython-310-x86_64-linux-gnu.so
7f714401b000-7f7144027000 r--p 00000000 fc:01 2080307                    /home/hchakrabar/miniconda3/envs/pt_env/lib/python3.10/site-packages/optree/_C.cpython-310-x86_64-linux-gnu.so
7f7144027000-7f71440ab000 r-xp 0000c000 fc:01 2080307                    /home/hchakrabar/miniconda3/envs/pt_env/lib/python3.10/site-packages/optree/_C.cpython-310-x86_64-linux-gnu.so
7f71440ab000-7f71440cd000 r--p 00090000 fc:01 2080307                    /home/hchakrabar/miniconda3/envs/pt_env/lib/python3.10/site-packages/optree/_C.cpython-310-x86_64-linux-gnu.so
7f71440cd000-7f71440cf000 r--p 000b1000 fc:01 2080307                    /home/hchakrabar/miniconda3/envs/pt_env/lib/python3.10/site-packages/optree/_C.cpython-310-x86_64-linux-gnu.so
7f71440cf000-7f71440d0000 rw-p 000b3000 fc:01 2080307                    /home/hchakrabar/miniconda3/envs/pt_env/lib/python3.10/site-packages/optree/_C.cpython-310-x86_64-linux-gnu.so
7f71440d0000-7f7144ad1000 rw-p 00000000 00:00 0 
7f7144ad1000-7f7144aea000 r--p 00000000 fc:01 2349081                    /home/hchakrabar/miniconda3/envs/pt_env/lib/python3.10/site-packages/torch/lib/libtorch_nvshmem.so
7f7144aea000-7f7144b89000 r-xp 00019000 fc:01 2349081                    /home/hchakrabar/miniconda3/envs/pt_env/lib/python3.10/site-packages/torch/lib/libtorch_nvshmem.so
7f7144b89000-7f7145386000 r--p 000b8000 fc:01 2349081                    /home/hchakrabar/miniconda3/envs/pt_env/lib/python3.10/site-packages/torch/lib/libtorch_nvshmem.so
7f7145386000-7f714538b000 r--p 008b5000 fc:01 2349081                    /home/hchakrabar/miniconda3/envs/pt_env/lib/python3.10/site-packages/torch/lib/libtorch_nvshmem.so
7f714538b000-7f714538d000 rw-p 008ba000 fc:01 2349081                    /home/hchakrabar/miniconda3/envs/pt_env/lib/python3.10/site-packages/torch/lib/libtorch_nvshmem.so
7f714538d000-7f7145391000 rw-p 00000000 00:00 0 
7f7145391000-7f714539c000 rw-p 00913000 fc:01 2349081                    /home/hchakrabar/miniconda3/envs/pt_env/lib/python3.10/site-packages/torch/lib/libtorch_nvshmem.so
7f714539c000-7f714544c000 r--p 00000000 fc:01 1353077                    /home/hchakrabar/miniconda3/envs/pt_env/lib/python3.10/site-packages/nvidia/cuda_cupti/lib/libcupti.so.12
7f714544c000-7f714586b000 r-xp 000b0000 fc:01 1353077                    /home/hchakrabar/miniconda3/envs/pt_env/lib/python3.10/site-packages/nvidia/cuda_cupti/lib/libcupti.so.12
7f714586b000-7f71459bd000 r--p 004cf000 fc:01 1353077                    /home/hchakrabar/miniconda3/envs/pt_env/lib/python3.10/site-packages/nvidia/cuda_cupti/lib/libcupti.so.12
7f71459bd000-7f71459be000 ---p 00621000 fc:01 1353077                    /home/hchakrabar/miniconda3/envs/pt_env/lib/python3.10/site-packages/nvidia/cuda_cupti/lib/libcupti.so.12
7f71459be000-7f7145a07000 r--p 00621000 fc:01 1353077                    /home/hchakrabar/miniconda3/envs/pt_env/lib/python3.10/site-packages/nvidia/cuda_cupti/lib/libcupti.so.12
7f7145a07000-7f7145adb000 rw-p 0066a000 fc:01 1353077                    /home/hchakrabar/miniconda3/envs/pt_env/lib/python3.10/site-packages/nvidia/cuda_cupti/lib/libcupti.so.12
7f7145adb000-7f7145b0a000 rw-p 00000000 00:00 0 
7f7145b0a000-7f7145cb4000 r--p 00000000 fc:01 2349082                    /home/hchakrabar/miniconda3/envs/pt_env/lib/python3.10/site-packages/torch/lib/libtorch_python.so
7f7145cb4000-7f71469b3000 r-xp 001aa000 fc:01 2349082                    /home/hchakrabar/miniconda3/envs/pt_env/lib/python3.10/site-packages/torch/lib/libtorch_python.so
7f71469b3000-7f7146e60000 r--p 00ea9000 fc:01 2349082                    /home/hchakrabar/miniconda3/envs/pt_env/lib/python3.10/site-packages/torch/lib/libtorch_python.so
7f7146e60000-7f7146e89000 r--p 01355000 fc:01 2349082                    /home/hchakrabar/miniconda3/envs/pt_env/lib/python3.10/site-packages/torch/lib/libtorch_python.so
7f7146e89000-7f7146ef1000 rw-p 0137e000 fc:01 2349082                    /home/hchakrabar/miniconda3/envs/pt_env/lib/python3.10/site-packages/torch/lib/libtorch_python.so
7f7146ef1000-7f7146f65000 rw-p 00000000 00:00 0 
7f7146f65000-7f7147000000 rw-p 01da9000 fc:01 2349082                    /home/hchakrabar/miniconda3/envs/pt_env/lib/python3.10/site-packages/torch/lib/libtorch_python.so
7f7147000000-7f7147370000 rw-p 00000000 00:00 0 
7f7147370000-7f7147400000 ---p 00000000 00:00 0 
7f7147400000-7f71476a0000 rw-p 00000000 00:00 0 
7f71476a0000-7f714b000000 ---p 00000000 00:00 0 
7f714b000000-7f714bca0000 rw-p 00001000 fc:01 2322435                    /usr/lib/jvm/java-21-openjdk-amd64/lib/server/classes.jsa
7f714bca0000-7f714c000000 ---p 00000000 00:00 0 
7f714c000000-7f714c040000 rw-p 00000000 00:00 0 
7f714c040000-7f714c0c0000 rw-p 00000000 00:00 0 
7f714c0c0000-7f714c0d0000 rw-p 00000000 00:00 0 
7f714c0d0000-7f718c000000 ---p 00000000 00:00 0 
7f718c000000-7f718c021000 rw-p 00000000 00:00 0 
7f718c021000-7f7190000000 ---p 00000000 00:00 0 
7f7190000000-7f7190021000 rw-p 00000000 00:00 0 
7f7190021000-7f7194000000 ---p 00000000 00:00 0 
7f7194000000-7f7194021000 rw-p 00000000 00:00 0 
7f7194021000-7f7198000000 ---p 00000000 00:00 0 
7f7198003000-7f7198103000 rw-p 00000000 00:00 0 
7f7198103000-7f7198134000 r--p 00000000 fc:01 1352875                    /home/hchakrabar/miniconda3/envs/pt_env/lib/python3.10/site-packages/nvidia/cufile/lib/libcufile.so.0
7f7198134000-7f719832d000 r-xp 00031000 fc:01 1352875                    /home/hchakrabar/miniconda3/envs/pt_env/lib/python3.10/site-packages/nvidia/cufile/lib/libcufile.so.0
7f719832d000-7f71983da000 r--p 0022a000 fc:01 1352875                    /home/hchakrabar/miniconda3/envs/pt_env/lib/python3.10/site-packages/nvidia/cufile/lib/libcufile.so.0
7f71983da000-7f71983db000 ---p 002d7000 fc:01 1352875                    /home/hchakrabar/miniconda3/envs/pt_env/lib/python3.10/site-packages/nvidia/cufile/lib/libcufile.so.0
7f71983db000-7f71983e0000 r--p 002d7000 fc:01 1352875                    /home/hchakrabar/miniconda3/envs/pt_env/lib/python3.10/site-packages/nvidia/cufile/lib/libcufile.so.0
7f71983e0000-7f71983e9000 rw-p 002dc000 fc:01 1352875                    /home/hchakrabar/miniconda3/envs/pt_env/lib/python3.10/site-packages/nvidia/cufile/lib/libcufile.so.0
7f71983e9000-7f71983f4000 rw-p 00000000 00:00 0 
7f71983f4000-7f7198400000 rw-p 00304000 fc:01 1352875                    /home/hchakrabar/miniconda3/envs/pt_env/lib/python3.10/site-packages/nvidia/cufile/lib/libcufile.so.0
7f7198400000-7f719841e000 r-xp 00000000 fc:01 1353186                    /home/hchakrabar/miniconda3/envs/pt_env/lib/python3.10/site-packages/nvidia/cudnn/lib/libcudnn.so.9
7f719841e000-7f719861d000 ---p 0001e000 fc:01 1353186                    /home/hchakrabar/miniconda3/envs/pt_env/lib/python3.10/site-packages/nvidia/cudnn/lib/libcudnn.so.9
7f719861d000-7f719861e000 r--p 0001d000 fc:01 1353186                    /home/hchakrabar/miniconda3/envs/pt_env/lib/python3.10/site-packages/nvidia/cudnn/lib/libcudnn.so.9
7f719861e000-7f719861f000 rw-p 0001e000 fc:01 1353186                    /home/hchakrabar/miniconda3/envs/pt_env/lib/python3.10/site-packages/nvidia/cudnn/lib/libcudnn.so.9
7f719861f000-7f719865b000 r--p 00000000 fc:01 1342397                    /home/hchakrabar/miniconda3/envs/pt_env/lib/python3.10/site-packages/safetensors/_safetensors_rust.abi3.so
7f719865b000-7f71986f4000 r-xp 0003b000 fc:01 1342397                    /home/hchakrabar/miniconda3/envs/pt_env/lib/python3.10/site-packages/safetensors/_safetensors_rust.abi3.so
7f71986f4000-7f71986fd000 r--p 000d3000 fc:01 1342397                    /home/hchakrabar/miniconda3/envs/pt_env/lib/python3.10/site-packages/safetensors/_safetensors_rust.abi3.so
7f71986fd000-7f7198700000 rw-p 000db000 fc:01 1342397                    /home/hchakrabar/miniconda3/envs/pt_env/lib/python3.10/site-packages/safetensors/_safetensors_rust.abi3.so
7f7198700000-7f7198800000 rw-p 00000000 00:00 0 
7f7198800000-7f7198e0a000 r-xp 00000000 fc:01 1353015                    /home/hchakrabar/miniconda3/envs/pt_env/lib/python3.10/site-packages/nvidia/cuda_nvrtc/lib/libnvrtc-builtins.so.12.8
7f7198e0a000-7f719900a000 ---p 0060a000 fc:01 1353015                    /home/hchakrabar/miniconda3/envs/pt_env/lib/python3.10/site-packages/nvidia/cuda_nvrtc/lib/libnvrtc-builtins.so.12.8
7f719900a000-7f719900b000 r--p 0060a000 fc:01 1353015                    /home/hchakrabar/miniconda3/envs/pt_env/lib/python3.10/site-packages/nvidia/cuda_nvrtc/lib/libnvrtc-builtins.so.12.8
7f719900b000-7f719900c000 rw-p 0060b000 fc:01 1353015                    /home/hchakrabar/miniconda3/envs/pt_env/lib/python3.10/site-packages/nvidia/cuda_nvrtc/lib/libnvrtc-builtins.so.12.8
7f719900d000-7f7199010000 r--p 00000000 fc:01 1309661                    /home/hchakrabar/miniconda3/envs/pt_env/lib/python3.10/site-packages/scipy/_lib/messagestream.cpython-310-x86_64-linux-gnu.so
7f7199010000-7f719901a000 r-xp 00003000 fc:01 1309661                    /home/hchakrabar/miniconda3/envs/pt_env/lib/python3.10/site-packages/scipy/_lib/messagestream.cpython-310-x86_64-linux-gnu.so
7f719901a000-7f719901d000 r--p 0000d000 fc:01 1309661                    /home/hchakrabar/miniconda3/envs/pt_env/lib/python3.10/site-packages/scipy/_lib/messagestream.cpython-310-x86_64-linux-gnu.so
7f719901d000-7f719901e000 r--p 0000f000 fc:01 1309661                    /home/hchakrabar/miniconda3/envs/pt_env/lib/python3.10/site-packages/scipy/_lib/messagestream.cpython-310-x86_64-linux-gnu.so
7f719901e000-7f719901f000 rw-p 00010000 fc:01 1309661                    /home/hchakrabar/miniconda3/envs/pt_env/lib/python3.10/site-packages/scipy/_lib/messagestream.cpython-310-x86_64-linux-gnu.so
7f719901f000-7f7199022000 r--p 00000000 fc:01 1309452                    /home/hchakrabar/miniconda3/envs/pt_env/lib/python3.10/site-packages/scipy/special/_comb.cpython-310-x86_64-linux-gnu.so
7f7199022000-7f7199029000 r-xp 00003000 fc:01 1309452                    /home/hchakrabar/miniconda3/envs/pt_env/lib/python3.10/site-packages/scipy/special/_comb.cpython-310-x86_64-linux-gnu.so
7f7199029000-7f719902b000 r--p 0000a000 fc:01 1309452                    /home/hchakrabar/miniconda3/envs/pt_env/lib/python3.10/site-packages/scipy/special/_comb.cpython-310-x86_64-linux-gnu.so
7f719902b000-7f719902c000 r--p 0000b000 fc:01 1309452                    /home/hchakrabar/miniconda3/envs/pt_env/lib/python3.10/site-packages/scipy/special/_comb.cpython-310-x86_64-linux-gnu.so
7f719902c000-7f719902d000 rw-p 0000c000 fc:01 1309452                    /home/hchakrabar/miniconda3/envs/pt_env/lib/python3.10/site-packages/scipy/special/_comb.cpython-310-x86_64-linux-gnu.so
7f719902d000-7f719903d000 r--p 00000000 fc:01 1307005                    /home/hchakrabar/miniconda3/envs/pt_env/lib/python3.10/site-packages/regex/_regex.cpython-310-x86_64-linux-gnu.so
7f719903d000-7f7199077000 r-xp 00010000 fc:01 1307005                    /home/hchakrabar/miniconda3/envs/pt_env/lib/python3.10/site-packages/regex/_regex.cpython-310-x86_64-linux-gnu.so
7f7199077000-7f71990f6000 r--p 0004a000 fc:01 1307005                    /home/hchakrabar/miniconda3/envs/pt_env/lib/python3.10/site-packages/regex/_regex.cpython-310-x86_64-linux-gnu.so
7f71990f6000-7f71990f7000 r--p 000c8000 fc:01 1307005                    /home/hchakrabar/miniconda3/envs/pt_env/lib/python3.10/site-packages/regex/_regex.cpython-310-x86_64-linux-gnu.so
7f71990f7000-7f7199100000 rw-p 000c9000 fc:01 1307005                    /home/hchakrabar/miniconda3/envs/pt_env/lib/python3.10/site-packages/regex/_regex.cpython-310-x86_64-linux-gnu.so
7f7199100000-7f7199200000 rw-p 00000000 00:00 0 
7f7199200000-7f7199237000 r-xp 00000000 fc:01 2349074                    /home/hchakrabar/miniconda3/envs/pt_env/lib/python3.10/site-packages/torch/lib/libgomp.so.1
7f7199237000-7f7199436000 ---p 00037000 fc:01 2349074                    /home/hchakrabar/miniconda3/envs/pt_env/lib/python3.10/site-packages/torch/lib/libgomp.so.1
7f7199436000-7f7199437000 r--p 00036000 fc:01 2349074                    /home/hchakrabar/miniconda3/envs/pt_env/lib/python3.10/site-packages/torch/lib/libgomp.so.1
7f7199437000-7f7199438000 rw-p 00037000 fc:01 2349074                    /home/hchakrabar/miniconda3/envs/pt_env/lib/python3.10/site-packages/torch/lib/libgomp.so.1
7f7199438000-7f719943d000 rw-p 0003a000 fc:01 2349074                    /home/hchakrabar/miniconda3/envs/pt_env/lib/python3.10/site-packages/torch/lib/libgomp.so.1
7f719943e000-7f719943f000 r--p 00000000 fc:01 2104884                    /home/hchakrabar/miniconda3/envs/pt_env/lib/python3.10/site-packages/tensorflow/lite/python/metrics/_pywrap_tensorflow_lite_metrics_wrapper.so
7f719943f000-7f7199440000 r-xp 00000000 fc:01 2104884                    /home/hchakrabar/miniconda3/envs/pt_env/lib/python3.10/site-packages/tensorflow/lite/python/metrics/_pywrap_tensorflow_lite_metrics_wrapper.so
7f7199440000-7f7199441000 r--p 00000000 fc:01 2104884                    /home/hchakrabar/miniconda3/envs/pt_env/lib/python3.10/site-packages/tensorflow/lite/python/metrics/_pywrap_tensorflow_lite_metrics_wrapper.so
7f7199441000-7f7199442000 rw-p 00000000 fc:01 2104884                    /home/hchakrabar/miniconda3/envs/pt_env/lib/python3.10/site-packages/tensorflow/lite/python/metrics/_pywrap_tensorflow_lite_metrics_wrapper.so
7f7199442000-7f7199445000 r--p 00000000 fc:01 1309407                    /home/hchakrabar/miniconda3/envs/pt_env/lib/python3.10/site-packages/scipy/linalg/_linalg_pythran.cpython-310-x86_64-linux-gnu.so
7f7199445000-7f7199459000 r-xp 00003000 fc:01 1309407                    /home/hchakrabar/miniconda3/envs/pt_env/lib/python3.10/site-packages/scipy/linalg/_linalg_pythran.cpython-310-x86_64-linux-gnu.so
7f7199459000-7f719945d000 r--p 00017000 fc:01 1309407                    /home/hchakrabar/miniconda3/envs/pt_env/lib/python3.10/site-packages/scipy/linalg/_linalg_pythran.cpython-310-x86_64-linux-gnu.so
7f719945d000-7f719945e000 r--p 0001a000 fc:01 1309407                    /home/hchakrabar/miniconda3/envs/pt_env/lib/python3.10/site-packages/scipy/linalg/_linalg_pythran.cpython-310-x86_64-linux-gnu.so
7f719945e000-7f719945f000 rw-p 0001b000 fc:01 1309407                    /home/hchakrabar/miniconda3/envs/pt_env/lib/python3.10/site-packages/scipy/linalg/_linalg_pythran.cpython-310-x86_64-linux-gnu.so
7f719945f000-7f7199463000 r--p 00000000 fc:01 1317393                    /home/hchakrabar/miniconda3/envs/pt_env/lib/python3.10/site-packages/pillow.libs/liblzma-64b7ab39.so.5.8.1
7f7199463000-7f7199490000 r-xp 00004000 fc:01 1317393                    /home/hchakrabar/miniconda3/envs/pt_env/lib/python3.10/site-packages/pillow.libs/liblzma-64b7ab39.so.5.8.1
7f7199490000-7f719949d000 r--p 00031000 fc:01 1317393                    /home/hchakrabar/miniconda3/envs/pt_env/lib/python3.10/site-packages/pillow.libs/liblzma-64b7ab39.so.5.8.1
7f719949d000-7f719949e000 r--p 0003e000 fc:01 1317393                    /home/hchakrabar/miniconda3/envs/pt_env/lib/python3.10/site-packages/pillow.libs/liblzma-64b7ab39.so.5.8.1
7f719949e000-7f71994a1000 rw-p 0003f000 fc:01 1317393                    /home/hchakrabar/miniconda3/envs/pt_env/lib/python3.10/site-packages/pillow.libs/liblzma-64b7ab39.so.5.8.1
7f71994a1000-7f71994ad000 r--p 00000000 fc:01 1317401                    /home/hchakrabar/miniconda3/envs/pt_env/lib/python3.10/site-packages/pillow.libs/libxcb-64009ff3.so.1.1.0
7f71994ad000-7f71994c8000 r-xp 0000c000 fc:01 1317401                    /home/hchakrabar/miniconda3/envs/pt_env/lib/python3.10/site-packages/pillow.libs/libxcb-64009ff3.so.1.1.0
7f71994c8000-7f71994d2000 r--p 00027000 fc:01 1317401                    /home/hchakrabar/miniconda3/envs/pt_env/lib/python3.10/site-packages/pillow.libs/libxcb-64009ff3.so.1.1.0
7f71994d2000-7f71994d3000 r--p 00030000 fc:01 1317401                    /home/hchakrabar/miniconda3/envs/pt_env/lib/python3.10/site-packages/pillow.libs/libxcb-64009ff3.so.1.1.0
7f71994d3000-7f71994d4000 rw-p 00031000 fc:01 1317401                    /home/hchakrabar/miniconda3/envs/pt_env/lib/python3.10/site-packages/pillow.libs/libxcb-64009ff3.so.1.1.0
7f71994d4000-7f71994df000 rw-p 00033000 fc:01 1317401                    /home/hchakrabar/miniconda3/envs/pt_env/lib/python3.10/site-packages/pillow.libs/libxcb-64009ff3.so.1.1.0
7f71994df000-7f7199508000 r--p 00000000 fc:01 2349071                    /home/hchakrabar/miniconda3/envs/pt_env/lib/python3.10/site-packages/torch/lib/libc10.so
7f7199508000-7f71995aa000 r-xp 00029000 fc:01 2349071                    /home/hchakrabar/miniconda3/envs/pt_env/lib/python3.10/site-packages/torch/lib/libc10.so
7f71995aa000-7f71995df000 r--p 000cb000 fc:01 2349071                    /home/hchakrabar/miniconda3/envs/pt_env/lib/python3.10/site-packages/torch/lib/libc10.so
7f71995df000-7f71995e2000 r--p 000ff000 fc:01 2349071                    /home/hchakrabar/miniconda3/envs/pt_env/lib/python3.10/site-packages/torch/lib/libc10.so
7f71995e2000-7f71995e9000 rw-p 00102000 fc:01 2349071                    /home/hchakrabar/miniconda3/envs/pt_env/lib/python3.10/site-packages/torch/lib/libc10.so
7f71995e9000-7f71995eb000 rw-p 00000000 00:00 0 
7f71995eb000-7f7199600000 rw-p 0014f000 fc:01 2349071                    /home/hchakrabar/miniconda3/envs/pt_env/lib/python3.10/site-packages/torch/lib/libc10.so
7f7199600000-7f71996ad000 r-xp 00000000 fc:01 1352993                    /home/hchakrabar/miniconda3/envs/pt_env/lib/python3.10/site-packages/nvidia/cuda_runtime/lib/libcudart.so.12
7f71996ad000-7f71998ad000 ---p 000ad000 fc:01 1352993                    /home/hchakrabar/miniconda3/envs/pt_env/lib/python3.10/site-packages/nvidia/cuda_runtime/lib/libcudart.so.12
7f71998ad000-7f71998b1000 r--p 000ad000 fc:01 1352993                    /home/hchakrabar/miniconda3/envs/pt_env/lib/python3.10/site-packages/nvidia/cuda_runtime/lib/libcudart.so.12
7f71998b1000-7f71998b2000 rw-p 000b1000 fc:01 1352993                    /home/hchakrabar/miniconda3/envs/pt_env/lib/python3.10/site-packages/nvidia/cuda_runtime/lib/libcudart.so.12
7f71998b2000-7f71998b4000 rw-p 00000000 00:00 0 
7f71998b6000-7f71998b7000 r--p 00000000 fc:01 1309478                    /home/hchakrabar/miniconda3/envs/pt_env/lib/python3.10/site-packages/scipy/special/libsf_error_state.so
7f71998b7000-7f71998b8000 r-xp 00001000 fc:01 1309478                    /home/hchakrabar/miniconda3/envs/pt_env/lib/python3.10/site-packages/scipy/special/libsf_error_state.so
7f71998b8000-7f71998b9000 r--p 00002000 fc:01 1309478                    /home/hchakrabar/miniconda3/envs/pt_env/lib/python3.10/site-packages/scipy/special/libsf_error_state.so
7f71998b9000-7f71998ba000 r--p 00002000 fc:01 1309478                    /home/hchakrabar/miniconda3/envs/pt_env/lib/python3.10/site-packages/scipy/special/libsf_error_state.so
7f71998ba000-7f71998bb000 rw-p 00003000 fc:01 1309478                    /home/hchakrabar/miniconda3/envs/pt_env/lib/python3.10/site-packages/scipy/special/libsf_error_state.so
7f71998bb000-7f71998c3000 r--p 00000000 fc:01 1317394                    /home/hchakrabar/miniconda3/envs/pt_env/lib/python3.10/site-packages/pillow.libs/libopenjp2-94e588ba.so.2.5.4
7f71998c3000-7f7199932000 r-xp 00008000 fc:01 1317394                    /home/hchakrabar/miniconda3/envs/pt_env/lib/python3.10/site-packages/pillow.libs/libopenjp2-94e588ba.so.2.5.4
7f7199932000-7f7199945000 r--p 00077000 fc:01 1317394                    /home/hchakrabar/miniconda3/envs/pt_env/lib/python3.10/site-packages/pillow.libs/libopenjp2-94e588ba.so.2.5.4
7f7199945000-7f7199946000 r--p 0008a000 fc:01 1317394                    /home/hchakrabar/miniconda3/envs/pt_env/lib/python3.10/site-packages/pillow.libs/libopenjp2-94e588ba.so.2.5.4
7f7199946000-7f7199947000 rw-p 0008b000 fc:01 1317394                    /home/hchakrabar/miniconda3/envs/pt_env/lib/python3.10/site-packages/pillow.libs/libopenjp2-94e588ba.so.2.5.4
7f7199947000-7f719994a000 rw-p 0008d000 fc:01 1317394                    /home/hchakrabar/miniconda3/envs/pt_env/lib/python3.10/site-packages/pillow.libs/libopenjp2-94e588ba.so.2.5.4
7f719994a000-7f719994b000 r--p 00000000 fc:01 1048340                    /home/hchakrabar/miniconda3/envs/pt_env/lib/python3.10/lib-dynload/_posixshmem.cpython-310-x86_64-linux-gnu.so
7f719994b000-7f719994c000 r-xp 00001000 fc:01 1048340                    /home/hchakrabar/miniconda3/envs/pt_env/lib/python3.10/lib-dynload/_posixshmem.cpython-310-x86_64-linux-gnu.so
7f719994c000-7f719994d000 r--p 00002000 fc:01 1048340                    /home/hchakrabar/miniconda3/envs/pt_env/lib/python3.10/lib-dynload/_posixshmem.cpython-310-x86_64-linux-gnu.so
7f719994d000-7f719994e000 r--p 00002000 fc:01 1048340                    /home/hchakrabar/miniconda3/envs/pt_env/lib/python3.10/lib-dynload/_posixshmem.cpython-310-x86_64-linux-gnu.so
7f719994e000-7f719994f000 rw-p 00003000 fc:01 1048340                    /home/hchakrabar/miniconda3/envs/pt_env/lib/python3.10/lib-dynload/_posixshmem.cpython-310-x86_64-linux-gnu.so
7f719994f000-7f7199951000 r--p 00000000 fc:01 1048354                    /home/hchakrabar/miniconda3/envs/pt_env/lib/python3.10/lib-dynload/_multiprocessing.cpython-310-x86_64-linux-gnu.so
7f7199951000-7f7199952000 r-xp 00002000 fc:01 1048354                    /home/hchakrabar/miniconda3/envs/pt_env/lib/python3.10/lib-dynload/_multiprocessing.cpython-310-x86_64-linux-gnu.so
7f7199952000-7f7199953000 r--p 00003000 fc:01 1048354                    /home/hchakrabar/miniconda3/envs/pt_env/lib/python3.10/lib-dynload/_multiprocessing.cpython-310-x86_64-linux-gnu.so
7f7199953000-7f7199954000 r--p 00003000 fc:01 1048354                    /home/hchakrabar/miniconda3/envs/pt_env/lib/python3.10/lib-dynload/_multiprocessing.cpython-310-x86_64-linux-gnu.so
7f7199954000-7f7199955000 rw-p 00004000 fc:01 1048354                    /home/hchakrabar/miniconda3/envs/pt_env/lib/python3.10/lib-dynload/_multiprocessing.cpython-310-x86_64-linux-gnu.so
7f7199955000-7f7199965000 r--p 00000000 fc:01 2349072                    /home/hchakrabar/miniconda3/envs/pt_env/lib/python3.10/site-packages/torch/lib/libc10_cuda.so
7f7199965000-7f71999b8000 r-xp 00010000 fc:01 2349072                    /home/hchakrabar/miniconda3/envs/pt_env/lib/python3.10/site-packages/torch/lib/libc10_cuda.so
7f71999b8000-7f71999cf000 r--p 00063000 fc:01 2349072                    /home/hchakrabar/miniconda3/envs/pt_env/lib/python3.10/site-packages/torch/lib/libc10_cuda.so
7f71999cf000-7f71999d1000 r--p 00079000 fc:01 2349072                    /home/hchakrabar/miniconda3/envs/pt_env/lib/python3.10/site-packages/torch/lib/libc10_cuda.so
7f71999d1000-7f71999d2000 rw-p 0007b000 fc:01 2349072                    /home/hchakrabar/miniconda3/envs/pt_env/lib/python3.10/site-packages/torch/lib/libc10_cuda.so
7f71999d2000-7f71999f8000 rw-p 00000000 00:00 0 
7f71999f8000-7f7199a00000 rw-p 000a3000 fc:01 2349072                    /home/hchakrabar/miniconda3/envs/pt_env/lib/python3.10/site-packages/torch/lib/libc10_cuda.so
7f7199a00000-7f7199c00000 rw-p 00000000 00:00 0 
7f719a000000-7f719c000000 rw-p 00000000 00:00 0 
7f719c000000-7f719c021000 rw-p 00000000 00:00 0 
7f719c021000-7f71a0000000 ---p 00000000 00:00 0 
7f71a0000000-7f71a0021000 rw-p 00000000 00:00 0 
7f71a0021000-7f71a4000000 ---p 00000000 00:00 0 
7f71a4000000-7f71a4021000 rw-p 00000000 00:00 0 
7f71a4021000-7f71a8000000 ---p 00000000 00:00 0 
7f71a8001000-7f71a8004000 r--p 00000000 fc:01 2349075                    /home/hchakrabar/miniconda3/envs/pt_env/lib/python3.10/site-packages/torch/lib/libshm.so
7f71a8004000-7f71a8007000 r-xp 00003000 fc:01 2349075                    /home/hchakrabar/miniconda3/envs/pt_env/lib/python3.10/site-packages/torch/lib/libshm.so
7f71a8007000-7f71a8008000 r--p 00006000 fc:01 2349075                    /home/hchakrabar/miniconda3/envs/pt_env/lib/python3.10/site-packages/torch/lib/libshm.so
7f71a8008000-7f71a8009000 r--p 00006000 fc:01 2349075                    /home/hchakrabar/miniconda3/envs/pt_env/lib/python3.10/site-packages/torch/lib/libshm.so
7f71a8009000-7f71a800a000 rw-p 00007000 fc:01 2349075                    /home/hchakrabar/miniconda3/envs/pt_env/lib/python3.10/site-packages/torch/lib/libshm.so
7f71a800a000-7f71a800c000 rw-p 0000b000 fc:01 2349075                    /home/hchakrabar/miniconda3/envs/pt_env/lib/python3.10/site-packages/torch/lib/libshm.so
7f71a800c000-7f71a8017000 r--p 00000000 fc:01 2349076                    /home/hchakrabar/miniconda3/envs/pt_env/lib/python3.10/site-packages/torch/lib/libtorch.so
7f71a8017000-7f71a803f000 r-xp 0000b000 fc:01 2349076                    /home/hchakrabar/miniconda3/envs/pt_env/lib/python3.10/site-packages/torch/lib/libtorch.so
7f71a803f000-7f71a8049000 r--p 00033000 fc:01 2349076                    /home/hchakrabar/miniconda3/envs/pt_env/lib/python3.10/site-packages/torch/lib/libtorch.so
7f71a8049000-7f71a804a000 r--p 0003c000 fc:01 2349076                    /home/hchakrabar/miniconda3/envs/pt_env/lib/python3.10/site-packages/torch/lib/libtorch.so
7f71a804a000-7f71a804b000 rw-p 0003d000 fc:01 2349076                    /home/hchakrabar/miniconda3/envs/pt_env/lib/python3.10/site-packages/torch/lib/libtorch.so
7f71a804b000-7f71a8051000 rw-p 0004e000 fc:01 2349076                    /home/hchakrabar/miniconda3/envs/pt_env/lib/python3.10/site-packages/torch/lib/libtorch.so
7f71a8051000-7f71a8052000 r--p 00000000 fc:01 2337803                    /home/hchakrabar/miniconda3/envs/pt_env/lib/python3.10/site-packages/torch/_C.cpython-310-x86_64-linux-gnu.so
7f71a8052000-7f71a8053000 r-xp 00001000 fc:01 2337803                    /home/hchakrabar/miniconda3/envs/pt_env/lib/python3.10/site-packages/torch/_C.cpython-310-x86_64-linux-gnu.so
7f71a8053000-7f71a8054000 r--p 00002000 fc:01 2337803                    /home/hchakrabar/miniconda3/envs/pt_env/lib/python3.10/site-packages/torch/_C.cpython-310-x86_64-linux-gnu.so
7f71a8054000-7f71a8055000 r--p 00002000 fc:01 2337803                    /home/hchakrabar/miniconda3/envs/pt_env/lib/python3.10/site-packages/torch/_C.cpython-310-x86_64-linux-gnu.so
7f71a8055000-7f71a8056000 rw-p 00003000 fc:01 2337803                    /home/hchakrabar/miniconda3/envs/pt_env/lib/python3.10/site-packages/torch/_C.cpython-310-x86_64-linux-gnu.so
7f71a8056000-7f71a8057000 rw-p 00006000 fc:01 2337803                    /home/hchakrabar/miniconda3/envs/pt_env/lib/python3.10/site-packages/torch/_C.cpython-310-x86_64-linux-gnu.so
7f71a8057000-7f71a8058000 r--p 00000000 fc:01 2349080                    /home/hchakrabar/miniconda3/envs/pt_env/lib/python3.10/site-packages/torch/lib/libtorch_global_deps.so
7f71a8058000-7f71a8059000 r-xp 00001000 fc:01 2349080                    /home/hchakrabar/miniconda3/envs/pt_env/lib/python3.10/site-packages/torch/lib/libtorch_global_deps.so
7f71a8059000-7f71a805a000 r--p 00002000 fc:01 2349080                    /home/hchakrabar/miniconda3/envs/pt_env/lib/python3.10/site-packages/torch/lib/libtorch_global_deps.so
7f71a805a000-7f71a805b000 r--p 00002000 fc:01 2349080                    /home/hchakrabar/miniconda3/envs/pt_env/lib/python3.10/site-packages/torch/lib/libtorch_global_deps.so
7f71a805b000-7f71a805d000 rw-p 00003000 fc:01 2349080                    /home/hchakrabar/miniconda3/envs/pt_env/lib/python3.10/site-packages/torch/lib/libtorch_global_deps.so
7f71a805d000-7f71a8061000 r--p 00000000 fc:01 2125645                    /usr/lib/jvm/java-21-openjdk-amd64/lib/libverify.so
7f71a8061000-7f71a8068000 r-xp 00004000 fc:01 2125645                    /usr/lib/jvm/java-21-openjdk-amd64/lib/libverify.so
7f71a8068000-7f71a806a000 r--p 0000b000 fc:01 2125645                    /usr/lib/jvm/java-21-openjdk-amd64/lib/libverify.so
7f71a806a000-7f71a806c000 r--p 0000c000 fc:01 2125645                    /usr/lib/jvm/java-21-openjdk-amd64/lib/libverify.so
7f71a806c000-7f71a806d000 rw-p 0000e000 fc:01 2125645                    /usr/lib/jvm/java-21-openjdk-amd64/lib/libverify.so
7f71a806d000-7f71a806f000 r--p 00000000 fc:01 2125646                    /usr/lib/jvm/java-21-openjdk-amd64/lib/libzip.so
7f71a806f000-7f71a8074000 r-xp 00002000 fc:01 2125646                    /usr/lib/jvm/java-21-openjdk-amd64/lib/libzip.so
7f71a8074000-7f71a8076000 r--p 00007000 fc:01 2125646                    /usr/lib/jvm/java-21-openjdk-amd64/lib/libzip.so
7f71a8076000-7f71a8077000 r--p 00008000 fc:01 2125646                    /usr/lib/jvm/java-21-openjdk-amd64/lib/libzip.so
7f71a8077000-7f71a8078000 rw-p 00009000 fc:01 2125646                    /usr/lib/jvm/java-21-openjdk-amd64/lib/libzip.so
7f71a8078000-7f71a807b000 r--p 00000000 fc:01 2125638                    /usr/lib/jvm/java-21-openjdk-amd64/lib/libnet.so
7f71a807b000-7f71a8083000 r-xp 00003000 fc:01 2125638                    /usr/lib/jvm/java-21-openjdk-amd64/lib/libnet.so
7f71a8083000-7f71a8085000 r--p 0000b000 fc:01 2125638                    /usr/lib/jvm/java-21-openjdk-amd64/lib/libnet.so
7f71a8085000-7f71a8086000 r--p 0000c000 fc:01 2125638                    /usr/lib/jvm/java-21-openjdk-amd64/lib/libnet.so
7f71a8086000-7f71a8087000 rw-p 0000d000 fc:01 2125638                    /usr/lib/jvm/java-21-openjdk-amd64/lib/libnet.so
7f71a8087000-7f71a808e000 r--p 00000000 fc:01 2125639                    /usr/lib/jvm/java-21-openjdk-amd64/lib/libnio.so
7f71a808e000-7f71a8097000 r-xp 00007000 fc:01 2125639                    /usr/lib/jvm/java-21-openjdk-amd64/lib/libnio.so
7f71a8097000-7f71a809b000 r--p 00010000 fc:01 2125639                    /usr/lib/jvm/java-21-openjdk-amd64/lib/libnio.so
7f71a809b000-7f71a809c000 ---p 00014000 fc:01 2125639                    /usr/lib/jvm/java-21-openjdk-amd64/lib/libnio.so
7f71a809c000-7f71a809d000 r--p 00014000 fc:01 2125639                    /usr/lib/jvm/java-21-openjdk-amd64/lib/libnio.so
7f71a809d000-7f71a809e000 rw-p 00015000 fc:01 2125639                    /usr/lib/jvm/java-21-openjdk-amd64/lib/libnio.so
7f71a809e000-7f71a80a2000 ---p 00000000 00:00 0 
7f71a80a2000-7f71a829e000 rw-p 00000000 00:00 0 
7f71a829e000-7f71a82a2000 ---p 00000000 00:00 0 
7f71a82a2000-7f71a839e000 rw-p 00000000 00:00 0 
7f71a839e000-7f71a83a3000 r--p 00000000 fc:01 2125631                    /usr/lib/jvm/java-21-openjdk-amd64/lib/libjsvml.so
7f71a83a3000-7f71a83e4000 r-xp 00005000 fc:01 2125631                    /usr/lib/jvm/java-21-openjdk-amd64/lib/libjsvml.so
7f71a83e4000-7f71a846d000 r--p 00046000 fc:01 2125631                    /usr/lib/jvm/java-21-openjdk-amd64/lib/libjsvml.so
7f71a846d000-7f71a846e000 r--p 000ce000 fc:01 2125631                    /usr/lib/jvm/java-21-openjdk-amd64/lib/libjsvml.so
7f71a846e000-7f71a846f000 rw-p 000cf000 fc:01 2125631                    /usr/lib/jvm/java-21-openjdk-amd64/lib/libjsvml.so
7f71a846f000-7f71a8473000 ---p 00000000 00:00 0 
7f71a8473000-7f71a856f000 rw-p 00000000 00:00 0 
7f71a856f000-7f71a8573000 ---p 00000000 00:00 0 
7f71a8573000-7f71a866f000 rw-p 00000000 00:00 0 
7f71a866f000-7f71a8673000 ---p 00000000 00:00 0 
7f71a8673000-7f71a876f000 rw-p 00000000 00:00 0 
7f71a876f000-7f71a8773000 ---p 00000000 00:00 0 
7f71a8773000-7f71a886f000 rw-p 00000000 00:00 0 
7f71a886f000-7f71a8873000 ---p 00000000 00:00 0 
7f71a8873000-7f71a896f000 rw-p 00000000 00:00 0 
7f71a896f000-7f71a8973000 ---p 00000000 00:00 0 
7f71a8973000-7f71a8a6f000 rw-p 00000000 00:00 0 
7f71a8a6f000-7f71a8a73000 ---p 00000000 00:00 0 
7f71a8a73000-7f71a8b6f000 rw-p 00000000 00:00 0 
7f71a8b6f000-7f71a8b70000 ---p 00000000 00:00 0 
7f71a8b70000-7f71a8c70000 rw-p 00000000 00:00 0 
7f71a8c70000-7f71a8c71000 ---p 00000000 00:00 0 
7f71a8c71000-7f71a8d71000 rw-p 00000000 00:00 0 
7f71a8d71000-7f71a8d72000 ---p 00000000 00:00 0 
7f71a8d72000-7f71a8e72000 rw-p 00000000 00:00 0 
7f71a8e72000-7f71a8e73000 ---p 00000000 00:00 0 
7f71a8e73000-7f71a8f73000 rw-p 00000000 00:00 0 
7f71a8f73000-7f71a8f74000 ---p 00000000 00:00 0 
7f71a8f74000-7f71a9074000 rw-p 00000000 00:00 0 
7f71a9074000-7f71a9075000 ---p 00000000 00:00 0 
7f71a9075000-7f71a9175000 rw-p 00000000 00:00 0 
7f71a9175000-7f71a9176000 ---p 00000000 00:00 0 
7f71a9176000-7f71ac7a6000 rw-p 00000000 00:00 0 
7f71ac7a6000-7f71c6b26000 ---p 00000000 00:00 0 
7f71c6b26000-7f71c71ee000 rw-p 00000000 00:00 0 
7f71c71ee000-7f71ca65e000 ---p 00000000 00:00 0 
7f71ca65e000-7f71cacee000 rw-p 00000000 00:00 0 
7f71cacee000-7f71ce15e000 ---p 00000000 00:00 0 
7f71ce15e000-7f71ce16b000 rw-p 00000000 00:00 0 
7f71ce16b000-7f71ce24f000 ---p 00000000 00:00 0 
7f71ce24f000-7f71ce257000 rw-p 00000000 00:00 0 
7f71ce257000-7f71ce338000 ---p 00000000 00:00 0 
7f71ce338000-7f71ce340000 rw-p 00000000 00:00 0 
7f71ce340000-7f71ce347000 ---p 00000000 00:00 0 
7f71ce347000-7f71ce6f7000 rwxp 00000000 00:00 0 
7f71ce6f7000-7f71d57a6000 ---p 00000000 00:00 0 
7f71d57a6000-7f71d5b56000 rwxp 00000000 00:00 0 
7f71d5b56000-7f71d5ee7000 ---p 00000000 00:00 0 
7f71d5ee7000-7f71d6157000 rwxp 00000000 00:00 0 
7f71d6157000-7f71dd347000 ---p 00000000 00:00 0 
7f71dd347000-7f71dd354000 r--p 00000000 fc:01 2125624                    /usr/lib/jvm/java-21-openjdk-amd64/lib/libjava.so
7f71dd354000-7f71dd362000 r-xp 0000d000 fc:01 2125624                    /usr/lib/jvm/java-21-openjdk-amd64/lib/libjava.so
7f71dd362000-7f71dd367000 r--p 0001b000 fc:01 2125624                    /usr/lib/jvm/java-21-openjdk-amd64/lib/libjava.so
7f71dd367000-7f71dd368000 ---p 00020000 fc:01 2125624                    /usr/lib/jvm/java-21-openjdk-amd64/lib/libjava.so
7f71dd368000-7f71dd369000 r--p 00020000 fc:01 2125624                    /usr/lib/jvm/java-21-openjdk-amd64/lib/libjava.so
7f71dd369000-7f71dd36a000 rw-p 00021000 fc:01 2125624                    /usr/lib/jvm/java-21-openjdk-amd64/lib/libjava.so
7f71dd36a000-7f71dd36b000 rw-p 00000000 00:00 0 
7f71dd36b000-7f71dd373000 rw-s 00000000 fc:01 258202                     /tmp/hsperfdata_hchakrabar/1889 (deleted)
7f71dd373000-7f71e59aa000 r--s 00000000 fc:01 2125647                    /usr/lib/jvm/java-21-openjdk-amd64/lib/modules
7f71e59aa000-7f71e59ac000 r--p 00000000 fc:01 2125627                    /usr/lib/jvm/java-21-openjdk-amd64/lib/libjimage.so
7f71e59ac000-7f71e59af000 r-xp 00002000 fc:01 2125627                    /usr/lib/jvm/java-21-openjdk-amd64/lib/libjimage.so
7f71e59af000-7f71e59b0000 r--p 00005000 fc:01 2125627                    /usr/lib/jvm/java-21-openjdk-amd64/lib/libjimage.so
7f71e59b0000-7f71e59b1000 ---p 00006000 fc:01 2125627                    /usr/lib/jvm/java-21-openjdk-amd64/lib/libjimage.so
7f71e59b1000-7f71e59b2000 r--p 00006000 fc:01 2125627                    /usr/lib/jvm/java-21-openjdk-amd64/lib/libjimage.so
7f71e59b2000-7f71e59b3000 rw-p 00007000 fc:01 2125627                    /usr/lib/jvm/java-21-openjdk-amd64/lib/libjimage.so
7f71e59b3000-7f71e5c55000 r--p 00000000 fc:01 2322438                    /usr/lib/jvm/java-21-openjdk-amd64/lib/server/libjvm.so
7f71e5c55000-7f71e6ad1000 r-xp 002a2000 fc:01 2322438                    /usr/lib/jvm/java-21-openjdk-amd64/lib/server/libjvm.so
7f71e6ad1000-7f71e6dab000 r--p 0111e000 fc:01 2322438                    /usr/lib/jvm/java-21-openjdk-amd64/lib/server/libjvm.so
7f71e6dab000-7f71e6dac000 ---p 013f8000 fc:01 2322438                    /usr/lib/jvm/java-21-openjdk-amd64/lib/server/libjvm.so
7f71e6dac000-7f71e6e80000 r--p 013f8000 fc:01 2322438                    /usr/lib/jvm/java-21-openjdk-amd64/lib/server/libjvm.so
7f71e6e80000-7f71e6eb0000 rw-p 014cc000 fc:01 2322438                    /usr/lib/jvm/java-21-openjdk-amd64/lib/server/libjvm.so
7f71e6eb0000-7f71e6f16000 rw-p 00000000 00:00 0 
7f71e6f16000-7f71e6f20000 r--p 00000000 fc:01 1308767                    /home/hchakrabar/miniconda3/envs/pt_env/lib/python3.10/site-packages/jnius/jnius.cpython-310-x86_64-linux-gnu.so
7f71e6f20000-7f71e6f9b000 r-xp 0000a000 fc:01 1308767                    /home/hchakrabar/miniconda3/envs/pt_env/lib/python3.10/site-packages/jnius/jnius.cpython-310-x86_64-linux-gnu.so
7f71e6f9b000-7f71e6faa000 r--p 00085000 fc:01 1308767                    /home/hchakrabar/miniconda3/envs/pt_env/lib/python3.10/site-packages/jnius/jnius.cpython-310-x86_64-linux-gnu.so
7f71e6faa000-7f71e6fad000 r--p 00093000 fc:01 1308767                    /home/hchakrabar/miniconda3/envs/pt_env/lib/python3.10/site-packages/jnius/jnius.cpython-310-x86_64-linux-gnu.so
7f71e6fad000-7f71e6fb1000 rw-p 00096000 fc:01 1308767                    /home/hchakrabar/miniconda3/envs/pt_env/lib/python3.10/site-packages/jnius/jnius.cpython-310-x86_64-linux-gnu.so
7f71e6fb1000-7f71e70b2000 rw-p 00000000 00:00 0 
7f71e70b2000-7f71e70b3000 r--p 00000000 fc:01 1048339                    /home/hchakrabar/miniconda3/envs/pt_env/lib/python3.10/lib-dynload/_statistics.cpython-310-x86_64-linux-gnu.so
7f71e70b3000-7f71e70b4000 r-xp 00001000 fc:01 1048339                    /home/hchakrabar/miniconda3/envs/pt_env/lib/python3.10/lib-dynload/_statistics.cpython-310-x86_64-linux-gnu.so
7f71e70b4000-7f71e70b5000 r--p 00002000 fc:01 1048339                    /home/hchakrabar/miniconda3/envs/pt_env/lib/python3.10/lib-dynload/_statistics.cpython-310-x86_64-linux-gnu.so
7f71e70b5000-7f71e70b6000 r--p 00002000 fc:01 1048339                    /home/hchakrabar/miniconda3/envs/pt_env/lib/python3.10/lib-dynload/_statistics.cpython-310-x86_64-linux-gnu.so
7f71e70b6000-7f71e70b7000 rw-p 00003000 fc:01 1048339                    /home/hchakrabar/miniconda3/envs/pt_env/lib/python3.10/lib-dynload/_statistics.cpython-310-x86_64-linux-gnu.so
7f71e70b7000-7f71e70bc000 r--p 00000000 fc:01 1048397                    /home/hchakrabar/miniconda3/envs/pt_env/lib/python3.10/lib-dynload/_elementtree.cpython-310-x86_64-linux-gnu.so
7f71e70bc000-7f71e70c5000 r-xp 00005000 fc:01 1048397                    /home/hchakrabar/miniconda3/envs/pt_env/lib/python3.10/lib-dynload/_elementtree.cpython-310-x86_64-linux-gnu.so
7f71e70c5000-7f71e70c9000 r--p 0000e000 fc:01 1048397                    /home/hchakrabar/miniconda3/envs/pt_env/lib/python3.10/lib-dynload/_elementtree.cpython-310-x86_64-linux-gnu.so
7f71e70c9000-7f71e70ca000 r--p 00011000 fc:01 1048397                    /home/hchakrabar/miniconda3/envs/pt_env/lib/python3.10/lib-dynload/_elementtree.cpython-310-x86_64-linux-gnu.so
7f71e70ca000-7f71e70cc000 rw-p 00012000 fc:01 1048397                    /home/hchakrabar/miniconda3/envs/pt_env/lib/python3.10/lib-dynload/_elementtree.cpython-310-x86_64-linux-gnu.so
7f71e70cc000-7f71e71cc000 rw-p 00000000 00:00 0 
7f71e71cc000-7f71e71d0000 r--p 00000000 fc:01 1312718                    /home/hchakrabar/miniconda3/envs/pt_env/lib/python3.10/site-packages/lz4/frame/_frame.cpython-310-x86_64-linux-gnu.so
7f71e71d0000-7f71e7205000 r-xp 00004000 fc:01 1312718                    /home/hchakrabar/miniconda3/envs/pt_env/lib/python3.10/site-packages/lz4/frame/_frame.cpython-310-x86_64-linux-gnu.so
7f71e7205000-7f71e720c000 r--p 00039000 fc:01 1312718                    /home/hchakrabar/miniconda3/envs/pt_env/lib/python3.10/site-packages/lz4/frame/_frame.cpython-310-x86_64-linux-gnu.so
7f71e720c000-7f71e720d000 r--p 0003f000 fc:01 1312718                    /home/hchakrabar/miniconda3/envs/pt_env/lib/python3.10/site-packages/lz4/frame/_frame.cpython-310-x86_64-linux-gnu.so
7f71e720d000-7f71e720e000 rw-p 00040000 fc:01 1312718                    /home/hchakrabar/miniconda3/envs/pt_env/lib/python3.10/site-packages/lz4/frame/_frame.cpython-310-x86_64-linux-gnu.so
7f71e720e000-7f71e730e000 rw-p 00000000 00:00 0 
7f71e730e000-7f71e7310000 r--p 00000000 fc:01 1312711                    /home/hchakrabar/miniconda3/envs/pt_env/lib/python3.10/site-packages/lz4/_version.cpython-310-x86_64-linux-gnu.so
7f71e7310000-7f71e732a000 r-xp 00002000 fc:01 1312711                    /home/hchakrabar/miniconda3/envs/pt_env/lib/python3.10/site-packages/lz4/_version.cpython-310-x86_64-linux-gnu.so
7f71e732a000-7f71e732b000 r--p 0001c000 fc:01 1312711                    /home/hchakrabar/miniconda3/envs/pt_env/lib/python3.10/site-packages/lz4/_version.cpython-310-x86_64-linux-gnu.so
7f71e732b000-7f71e732c000 r--p 0001d000 fc:01 1312711                    /home/hchakrabar/miniconda3/envs/pt_env/lib/python3.10/site-packages/lz4/_version.cpython-310-x86_64-linux-gnu.so
7f71e732c000-7f71e732d000 rw-p 0001e000 fc:01 1312711                    /home/hchakrabar/miniconda3/envs/pt_env/lib/python3.10/site-packages/lz4/_version.cpython-310-x86_64-linux-gnu.so
7f71e732d000-7f71e7330000 r--p 00000000 fc:01 1048385                    /home/hchakrabar/miniconda3/envs/pt_env/lib/python3.10/lib-dynload/_multibytecodec.cpython-310-x86_64-linux-gnu.so
7f71e7330000-7f71e7336000 r-xp 00003000 fc:01 1048385                    /home/hchakrabar/miniconda3/envs/pt_env/lib/python3.10/lib-dynload/_multibytecodec.cpython-310-x86_64-linux-gnu.so
7f71e7336000-7f71e7338000 r--p 00009000 fc:01 1048385                    /home/hchakrabar/miniconda3/envs/pt_env/lib/python3.10/lib-dynload/_multibytecodec.cpython-310-x86_64-linux-gnu.so
7f71e7338000-7f71e7339000 r--p 0000a000 fc:01 1048385                    /home/hchakrabar/miniconda3/envs/pt_env/lib/python3.10/lib-dynload/_multibytecodec.cpython-310-x86_64-linux-gnu.so
7f71e7339000-7f71e733a000 rw-p 0000b000 fc:01 1048385                    /home/hchakrabar/miniconda3/envs/pt_env/lib/python3.10/lib-dynload/_multibytecodec.cpython-310-x86_64-linux-gnu.so
7f71e733a000-7f71e7348000 r--p 00000000 fc:01 1313394                    /home/hchakrabar/miniconda3/envs/pt_env/lib/python3.10/site-packages/charset_normalizer/md__mypyc.cpython-310-x86_64-linux-gnu.so
7f71e7348000-7f71e7367000 r-xp 0000e000 fc:01 1313394                    /home/hchakrabar/miniconda3/envs/pt_env/lib/python3.10/site-packages/charset_normalizer/md__mypyc.cpython-310-x86_64-linux-gnu.so
7f71e7367000-7f71e7371000 r--p 0002d000 fc:01 1313394                    /home/hchakrabar/miniconda3/envs/pt_env/lib/python3.10/site-packages/charset_normalizer/md__mypyc.cpython-310-x86_64-linux-gnu.so
7f71e7371000-7f71e7372000 r--p 00036000 fc:01 1313394                    /home/hchakrabar/miniconda3/envs/pt_env/lib/python3.10/site-packages/charset_normalizer/md__mypyc.cpython-310-x86_64-linux-gnu.so
7f71e7372000-7f71e7376000 rw-p 00037000 fc:01 1313394                    /home/hchakrabar/miniconda3/envs/pt_env/lib/python3.10/site-packages/charset_normalizer/md__mypyc.cpython-310-x86_64-linux-gnu.so
7f71e7376000-7f71e7577000 rw-p 00000000 00:00 0 
7f71e7577000-7f71e7579000 r--p 00000000 fc:01 1048383                    /home/hchakrabar/miniconda3/envs/pt_env/lib/python3.10/lib-dynload/cmath.cpython-310-x86_64-linux-gnu.so
7f71e7579000-7f71e7583000 r-xp 00002000 fc:01 1048383                    /home/hchakrabar/miniconda3/envs/pt_env/lib/python3.10/lib-dynload/cmath.cpython-310-x86_64-linux-gnu.so
7f71e7583000-7f71e7585000 r--p 0000c000 fc:01 1048383                    /home/hchakrabar/miniconda3/envs/pt_env/lib/python3.10/lib-dynload/cmath.cpython-310-x86_64-linux-gnu.so
7f71e7585000-7f71e7586000 r--p 0000e000 fc:01 1048383                    /home/hchakrabar/miniconda3/envs/pt_env/lib/python3.10/lib-dynload/cmath.cpython-310-x86_64-linux-gnu.so
7f71e7586000-7f71e7587000 rw-p 0000f000 fc:01 1048383                    /home/hchakrabar/miniconda3/envs/pt_env/lib/python3.10/lib-dynload/cmath.cpython-310-x86_64-linux-gnu.so
7f71e7587000-7f71e7589000 rw-p 00000000 00:00 0 
7f71e7589000-7f71e758d000 r--p 00000000 fc:01 1303175                    /home/hchakrabar/miniconda3/envs/pt_env/lib/python3.10/site-packages/pandas/_libs/testing.cpython-310-x86_64-linux-gnu.so
7f71e758d000-7f71e75a1000 r-xp 00004000 fc:01 1303175                    /home/hchakrabar/miniconda3/envs/pt_env/lib/python3.10/site-packages/pandas/_libs/testing.cpython-310-x86_64-linux-gnu.so
7f71e75a1000-7f71e75a4000 r--p 00018000 fc:01 1303175                    /home/hchakrabar/miniconda3/envs/pt_env/lib/python3.10/site-packages/pandas/_libs/testing.cpython-310-x86_64-linux-gnu.so
7f71e75a4000-7f71e75a5000 r--p 0001b000 fc:01 1303175                    /home/hchakrabar/miniconda3/envs/pt_env/lib/python3.10/site-packages/pandas/_libs/testing.cpython-310-x86_64-linux-gnu.so
7f71e75a5000-7f71e75a6000 rw-p 0001c000 fc:01 1303175                    /home/hchakrabar/miniconda3/envs/pt_env/lib/python3.10/site-packages/pandas/_libs/testing.cpython-310-x86_64-linux-gnu.so
7f71e75a6000-7f71e76a6000 rw-p 00000000 00:00 0 
7f71e76a6000-7f71e76b0000 r--p 00000000 fc:01 1303165                    /home/hchakrabar/miniconda3/envs/pt_env/lib/python3.10/site-packages/pandas/_libs/parsers.cpython-310-x86_64-linux-gnu.so
7f71e76b0000-7f71e771e000 r-xp 0000a000 fc:01 1303165                    /home/hchakrabar/miniconda3/envs/pt_env/lib/python3.10/site-packages/pandas/_libs/parsers.cpython-310-x86_64-linux-gnu.so
7f71e771e000-7f71e772b000 r--p 00078000 fc:01 1303165                    /home/hchakrabar/miniconda3/envs/pt_env/lib/python3.10/site-packages/pandas/_libs/parsers.cpython-310-x86_64-linux-gnu.so
7f71e772b000-7f71e772e000 r--p 00084000 fc:01 1303165                    /home/hchakrabar/miniconda3/envs/pt_env/lib/python3.10/site-packages/pandas/_libs/parsers.cpython-310-x86_64-linux-gnu.so
7f71e772e000-7f71e7731000 rw-p 00087000 fc:01 1303165                    /home/hchakrabar/miniconda3/envs/pt_env/lib/python3.10/site-packages/pandas/_libs/parsers.cpython-310-x86_64-linux-gnu.so
7f71e7731000-7f71e7833000 rw-p 00000000 00:00 0 
7f71e7833000-7f71e783f000 r--p 00000000 fc:01 1303137                    /home/hchakrabar/miniconda3/envs/pt_env/lib/python3.10/site-packages/pandas/_libs/groupby.cpython-310-x86_64-linux-gnu.so
7f71e783f000-7f71e7a8f000 r-xp 0000c000 fc:01 1303137                    /home/hchakrabar/miniconda3/envs/pt_env/lib/python3.10/site-packages/pandas/_libs/groupby.cpython-310-x86_64-linux-gnu.so
7f71e7a8f000-7f71e7aac000 r--p 0025c000 fc:01 1303137                    /home/hchakrabar/miniconda3/envs/pt_env/lib/python3.10/site-packages/pandas/_libs/groupby.cpython-310-x86_64-linux-gnu.so
7f71e7aac000-7f71e7aaf000 r--p 00279000 fc:01 1303137                    /home/hchakrabar/miniconda3/envs/pt_env/lib/python3.10/site-packages/pandas/_libs/groupby.cpython-310-x86_64-linux-gnu.so
7f71e7aaf000-7f71e7ab5000 rw-p 0027c000 fc:01 1303137                    /home/hchakrabar/miniconda3/envs/pt_env/lib/python3.10/site-packages/pandas/_libs/groupby.cpython-310-x86_64-linux-gnu.so
7f71e7ab5000-7f71e7ab9000 rw-p 00000000 00:00 0 
7f71e7ab9000-7f71e7ac0000 r--p 00000000 fc:01 1303169                    /home/hchakrabar/miniconda3/envs/pt_env/lib/python3.10/site-packages/pandas/_libs/reshape.cpython-310-x86_64-linux-gnu.so
7f71e7ac0000-7f71e7af9000 r-xp 00007000 fc:01 1303169                    /home/hchakrabar/miniconda3/envs/pt_env/lib/python3.10/site-packages/pandas/_libs/reshape.cpython-310-x86_64-linux-gnu.so
7f71e7af9000-7f71e7b02000 r--p 00040000 fc:01 1303169                    /home/hchakrabar/miniconda3/envs/pt_env/lib/python3.10/site-packages/pandas/_libs/reshape.cpython-310-x86_64-linux-gnu.so
7f71e7b02000-7f71e7b04000 r--p 00048000 fc:01 1303169                    /home/hchakrabar/miniconda3/envs/pt_env/lib/python3.10/site-packages/pandas/_libs/reshape.cpython-310-x86_64-linux-gnu.so
7f71e7b04000-7f71e7b06000 rw-p 0004a000 fc:01 1303169                    /home/hchakrabar/miniconda3/envs/pt_env/lib/python3.10/site-packages/pandas/_libs/reshape.cpython-310-x86_64-linux-gnu.so
7f71e7b06000-7f71e7c07000 rw-p 00000000 00:00 0 
7f71e7c07000-7f71e7c0d000 r--p 00000000 fc:01 1303218                    /home/hchakrabar/miniconda3/envs/pt_env/lib/python3.10/site-packages/pandas/_libs/window/indexers.cpython-310-x86_64-linux-gnu.so
7f71e7c0d000-7f71e7c30000 r-xp 00006000 fc:01 1303218                    /home/hchakrabar/miniconda3/envs/pt_env/lib/python3.10/site-packages/pandas/_libs/window/indexers.cpython-310-x86_64-linux-gnu.so
7f71e7c30000-7f71e7c37000 r--p 00029000 fc:01 1303218                    /home/hchakrabar/miniconda3/envs/pt_env/lib/python3.10/site-packages/pandas/_libs/window/indexers.cpython-310-x86_64-linux-gnu.so
7f71e7c37000-7f71e7c38000 r--p 00030000 fc:01 1303218                    /home/hchakrabar/miniconda3/envs/pt_env/lib/python3.10/site-packages/pandas/_libs/window/indexers.cpython-310-x86_64-linux-gnu.so
7f71e7c38000-7f71e7c3a000 rw-p 00031000 fc:01 1303218                    /home/hchakrabar/miniconda3/envs/pt_env/lib/python3.10/site-packages/pandas/_libs/window/indexers.cpython-310-x86_64-linux-gnu.so
7f71e7c3a000-7f71e7c3b000 rw-p 00000000 00:00 0 
7f71e7c3b000-7f71e7c43000 r--p 00000000 fc:01 1303216                    /home/hchakrabar/miniconda3/envs/pt_env/lib/python3.10/site-packages/pandas/_libs/window/aggregations.cpython-310-x86_64-linux-gnu.so
7f71e7c43000-7f71e7c92000 r-xp 00008000 fc:01 1303216                    /home/hchakrabar/miniconda3/envs/pt_env/lib/python3.10/site-packages/pandas/_libs/window/aggregations.cpython-310-x86_64-linux-gnu.so
7f71e7c92000-7f71e7c9c000 r--p 00057000 fc:01 1303216                    /home/hchakrabar/miniconda3/envs/pt_env/lib/python3.10/site-packages/pandas/_libs/window/aggregations.cpython-310-x86_64-linux-gnu.so
7f71e7c9c000-7f71e7c9e000 r--p 00061000 fc:01 1303216                    /home/hchakrabar/miniconda3/envs/pt_env/lib/python3.10/site-packages/pandas/_libs/window/aggregations.cpython-310-x86_64-linux-gnu.so
7f71e7c9e000-7f71e7ca0000 rw-p 00063000 fc:01 1303216                    /home/hchakrabar/miniconda3/envs/pt_env/lib/python3.10/site-packages/pandas/_libs/window/aggregations.cpython-310-x86_64-linux-gnu.so
7f71e7ca0000-7f71e7ea1000 rw-p 00000000 00:00 0 
7f71e7ea1000-7f71e7ea9000 r--p 00000000 fc:01 1303151                    /home/hchakrabar/miniconda3/envs/pt_env/lib/python3.10/site-packages/pandas/_libs/join.cpython-310-x86_64-linux-gnu.so
7f71e7ea9000-7f71e7feb000 r-xp 00008000 fc:01 1303151                    /home/hchakrabar/miniconda3/envs/pt_env/lib/python3.10/site-packages/pandas/_libs/join.cpython-310-x86_64-linux-gnu.so
7f71e7feb000-7f71e7ff9000 r--p 0014a000 fc:01 1303151                    /home/hchakrabar/miniconda3/envs/pt_env/lib/python3.10/site-packages/pandas/_libs/join.cpython-310-x86_64-linux-gnu.so
7f71e7ff9000-7f71e7ffb000 r--p 00157000 fc:01 1303151                    /home/hchakrabar/miniconda3/envs/pt_env/lib/python3.10/site-packages/pandas/_libs/join.cpython-310-x86_64-linux-gnu.so
7f71e7ffb000-7f71e7ffe000 rw-p 00159000 fc:01 1303151                    /home/hchakrabar/miniconda3/envs/pt_env/lib/python3.10/site-packages/pandas/_libs/join.cpython-310-x86_64-linux-gnu.so
7f71e7ffe000-7f71e8000000 rw-p 00000000 00:00 0 
7f71e8000000-7f71e8021000 rw-p 00000000 00:00 0 
7f71e8021000-7f71ec000000 ---p 00000000 00:00 0 
7f71ec002000-7f71ec003000 r--p 00000000 fc:01 1313392                    /home/hchakrabar/miniconda3/envs/pt_env/lib/python3.10/site-packages/charset_normalizer/md.cpython-310-x86_64-linux-gnu.so
7f71ec003000-7f71ec004000 r-xp 00001000 fc:01 1313392                    /home/hchakrabar/miniconda3/envs/pt_env/lib/python3.10/site-packages/charset_normalizer/md.cpython-310-x86_64-linux-gnu.so
7f71ec004000-7f71ec005000 r--p 00002000 fc:01 1313392                    /home/hchakrabar/miniconda3/envs/pt_env/lib/python3.10/site-packages/charset_normalizer/md.cpython-310-x86_64-linux-gnu.so
7f71ec005000-7f71ec006000 r--p 00002000 fc:01 1313392                    /home/hchakrabar/miniconda3/envs/pt_env/lib/python3.10/site-packages/charset_normalizer/md.cpython-310-x86_64-linux-gnu.so
7f71ec006000-7f71ec007000 rw-p 00003000 fc:01 1313392                    /home/hchakrabar/miniconda3/envs/pt_env/lib/python3.10/site-packages/charset_normalizer/md.cpython-310-x86_64-linux-gnu.so
7f71ec007000-7f71ec009000 r--p 00000000 fc:01 1303153                    /home/hchakrabar/miniconda3/envs/pt_env/lib/python3.10/site-packages/pandas/_libs/json.cpython-310-x86_64-linux-gnu.so
7f71ec009000-7f71ec012000 r-xp 00002000 fc:01 1303153                    /home/hchakrabar/miniconda3/envs/pt_env/lib/python3.10/site-packages/pandas/_libs/json.cpython-310-x86_64-linux-gnu.so
7f71ec012000-7f71ec015000 r--p 0000b000 fc:01 1303153                    /home/hchakrabar/miniconda3/envs/pt_env/lib/python3.10/site-packages/pandas/_libs/json.cpython-310-x86_64-linux-gnu.so
7f71ec015000-7f71ec016000 r--p 0000e000 fc:01 1303153                    /home/hchakrabar/miniconda3/envs/pt_env/lib/python3.10/site-packages/pandas/_libs/json.cpython-310-x86_64-linux-gnu.so
7f71ec016000-7f71ec017000 rw-p 0000f000 fc:01 1303153                    /home/hchakrabar/miniconda3/envs/pt_env/lib/python3.10/site-packages/pandas/_libs/json.cpython-310-x86_64-linux-gnu.so
7f71ec017000-7f71ec019000 r--p 00000000 fc:01 1048366                    /home/hchakrabar/miniconda3/envs/pt_env/lib/python3.10/lib-dynload/mmap.cpython-310-x86_64-linux-gnu.so
7f71ec019000-7f71ec01c000 r-xp 00002000 fc:01 1048366                    /home/hchakrabar/miniconda3/envs/pt_env/lib/python3.10/lib-dynload/mmap.cpython-310-x86_64-linux-gnu.so
7f71ec01c000-7f71ec01e000 r--p 00005000 fc:01 1048366                    /home/hchakrabar/miniconda3/envs/pt_env/lib/python3.10/lib-dynload/mmap.cpython-310-x86_64-linux-gnu.so
7f71ec01e000-7f71ec01f000 r--p 00006000 fc:01 1048366                    /home/hchakrabar/miniconda3/envs/pt_env/lib/python3.10/lib-dynload/mmap.cpython-310-x86_64-linux-gnu.so
7f71ec01f000-7f71ec020000 rw-p 00007000 fc:01 1048366                    /home/hchakrabar/miniconda3/envs/pt_env/lib/python3.10/lib-dynload/mmap.cpython-310-x86_64-linux-gnu.so
7f71ec020000-7f71ec026000 r--p 00000000 fc:01 1303179                    /home/hchakrabar/miniconda3/envs/pt_env/lib/python3.10/site-packages/pandas/_libs/writers.cpython-310-x86_64-linux-gnu.so
7f71ec026000-7f71ec051000 r-xp 00006000 fc:01 1303179                    /home/hchakrabar/miniconda3/envs/pt_env/lib/python3.10/site-packages/pandas/_libs/writers.cpython-310-x86_64-linux-gnu.so
7f71ec051000-7f71ec059000 r--p 00031000 fc:01 1303179                    /home/hchakrabar/miniconda3/envs/pt_env/lib/python3.10/site-packages/pandas/_libs/writers.cpython-310-x86_64-linux-gnu.so
7f71ec059000-7f71ec05b000 r--p 00038000 fc:01 1303179                    /home/hchakrabar/miniconda3/envs/pt_env/lib/python3.10/site-packages/pandas/_libs/writers.cpython-310-x86_64-linux-gnu.so
7f71ec05b000-7f71ec05d000 rw-p 0003a000 fc:01 1303179                    /home/hchakrabar/miniconda3/envs/pt_env/lib/python3.10/site-packages/pandas/_libs/writers.cpython-310-x86_64-linux-gnu.so
7f71ec05d000-7f71ec05e000 rw-p 00000000 00:00 0 
7f71ec05e000-7f71ec06b000 r--p 00000000 fc:01 1303143                    /home/hchakrabar/miniconda3/envs/pt_env/lib/python3.10/site-packages/pandas/_libs/index.cpython-310-x86_64-linux-gnu.so
7f71ec06b000-7f71ec115000 r-xp 0000d000 fc:01 1303143                    /home/hchakrabar/miniconda3/envs/pt_env/lib/python3.10/site-packages/pandas/_libs/index.cpython-310-x86_64-linux-gnu.so
7f71ec115000-7f71ec12d000 r--p 000b7000 fc:01 1303143                    /home/hchakrabar/miniconda3/envs/pt_env/lib/python3.10/site-packages/pandas/_libs/index.cpython-310-x86_64-linux-gnu.so
7f71ec12d000-7f71ec130000 r--p 000ce000 fc:01 1303143                    /home/hchakrabar/miniconda3/envs/pt_env/lib/python3.10/site-packages/pandas/_libs/index.cpython-310-x86_64-linux-gnu.so
7f71ec130000-7f71ec138000 rw-p 000d1000 fc:01 1303143                    /home/hchakrabar/miniconda3/envs/pt_env/lib/python3.10/site-packages/pandas/_libs/index.cpython-310-x86_64-linux-gnu.so
7f71ec138000-7f71ec13c000 rw-p 00000000 00:00 0 
7f71ec13c000-7f71ec140000 r--p 00000000 fc:01 1303145                    /home/hchakrabar/miniconda3/envs/pt_env/lib/python3.10/site-packages/pandas/_libs/indexing.cpython-310-x86_64-linux-gnu.so
7f71ec140000-7f71ec148000 r-xp 00004000 fc:01 1303145                    /home/hchakrabar/miniconda3/envs/pt_env/lib/python3.10/site-packages/pandas/_libs/indexing.cpython-310-x86_64-linux-gnu.so
7f71ec148000-7f71ec14b000 r--p 0000c000 fc:01 1303145                    /home/hchakrabar/miniconda3/envs/pt_env/lib/python3.10/site-packages/pandas/_libs/indexing.cpython-310-x86_64-linux-gnu.so
7f71ec14b000-7f71ec14c000 r--p 0000e000 fc:01 1303145                    /home/hchakrabar/miniconda3/envs/pt_env/lib/python3.10/site-packages/pandas/_libs/indexing.cpython-310-x86_64-linux-gnu.so
7f71ec14c000-7f71ec14d000 rw-p 0000f000 fc:01 1303145                    /home/hchakrabar/miniconda3/envs/pt_env/lib/python3.10/site-packages/pandas/_libs/indexing.cpython-310-x86_64-linux-gnu.so
7f71ec14d000-7f71ec24d000 rw-p 00000000 00:00 0 
7f71ec24d000-7f71ec255000 r--p 00000000 fc:01 1303147                    /home/hchakrabar/miniconda3/envs/pt_env/lib/python3.10/site-packages/pandas/_libs/internals.cpython-310-x86_64-linux-gnu.so
7f71ec255000-7f71ec29f000 r-xp 00008000 fc:01 1303147                    /home/hchakrabar/miniconda3/envs/pt_env/lib/python3.10/site-packages/pandas/_libs/internals.cpython-310-x86_64-linux-gnu.so
7f71ec29f000-7f71ec2ab000 r--p 00052000 fc:01 1303147                    /home/hchakrabar/miniconda3/envs/pt_env/lib/python3.10/site-packages/pandas/_libs/internals.cpython-310-x86_64-linux-gnu.so
7f71ec2ab000-7f71ec2ad000 r--p 0005d000 fc:01 1303147                    /home/hchakrabar/miniconda3/envs/pt_env/lib/python3.10/site-packages/pandas/_libs/internals.cpython-310-x86_64-linux-gnu.so
7f71ec2ad000-7f71ec2b0000 rw-p 0005f000 fc:01 1303147                    /home/hchakrabar/miniconda3/envs/pt_env/lib/python3.10/site-packages/pandas/_libs/internals.cpython-310-x86_64-linux-gnu.so
7f71ec2b0000-7f71ec2b2000 rw-p 00000000 00:00 0 
7f71ec2b2000-7f71ec2ba000 r--p 00000000 fc:01 1303173                    /home/hchakrabar/miniconda3/envs/pt_env/lib/python3.10/site-packages/pandas/_libs/sparse.cpython-310-x86_64-linux-gnu.so
7f71ec2ba000-7f71ec394000 r-xp 00008000 fc:01 1303173                    /home/hchakrabar/miniconda3/envs/pt_env/lib/python3.10/site-packages/pandas/_libs/sparse.cpython-310-x86_64-linux-gnu.so
7f71ec394000-7f71ec3a1000 r--p 000e2000 fc:01 1303173                    /home/hchakrabar/miniconda3/envs/pt_env/lib/python3.10/site-packages/pandas/_libs/sparse.cpython-310-x86_64-linux-gnu.so
7f71ec3a1000-7f71ec3a3000 r--p 000ef000 fc:01 1303173                    /home/hchakrabar/miniconda3/envs/pt_env/lib/python3.10/site-packages/pandas/_libs/sparse.cpython-310-x86_64-linux-gnu.so
7f71ec3a3000-7f71ec3a6000 rw-p 000f1000 fc:01 1303173                    /home/hchakrabar/miniconda3/envs/pt_env/lib/python3.10/site-packages/pandas/_libs/sparse.cpython-310-x86_64-linux-gnu.so
7f71ec3a6000-7f71ec4a8000 rw-p 00000000 00:00 0 
7f71ec4a8000-7f71ec4af000 r--p 00000000 fc:01 1303177                    /home/hchakrabar/miniconda3/envs/pt_env/lib/python3.10/site-packages/pandas/_libs/tslib.cpython-310-x86_64-linux-gnu.so
7f71ec4af000-7f71ec4ed000 r-xp 00007000 fc:01 1303177                    /home/hchakrabar/miniconda3/envs/pt_env/lib/python3.10/site-packages/pandas/_libs/tslib.cpython-310-x86_64-linux-gnu.so
7f71ec4ed000-7f71ec4f7000 r--p 00045000 fc:01 1303177                    /home/hchakrabar/miniconda3/envs/pt_env/lib/python3.10/site-packages/pandas/_libs/tslib.cpython-310-x86_64-linux-gnu.so
7f71ec4f7000-7f71ec4f9000 r--p 0004e000 fc:01 1303177                    /home/hchakrabar/miniconda3/envs/pt_env/lib/python3.10/site-packages/pandas/_libs/tslib.cpython-310-x86_64-linux-gnu.so
7f71ec4f9000-7f71ec4fb000 rw-p 00050000 fc:01 1303177                    /home/hchakrabar/miniconda3/envs/pt_env/lib/python3.10/site-packages/pandas/_libs/tslib.cpython-310-x86_64-linux-gnu.so
7f71ec4fb000-7f71ec4fc000 rw-p 00000000 00:00 0 
7f71ec4fc000-7f71ec501000 r--p 00000000 fc:01 1303133                    /home/hchakrabar/miniconda3/envs/pt_env/lib/python3.10/site-packages/pandas/_libs/arrays.cpython-310-x86_64-linux-gnu.so
7f71ec501000-7f71ec514000 r-xp 00005000 fc:01 1303133                    /home/hchakrabar/miniconda3/envs/pt_env/lib/python3.10/site-packages/pandas/_libs/arrays.cpython-310-x86_64-linux-gnu.so
7f71ec514000-7f71ec518000 r--p 00018000 fc:01 1303133                    /home/hchakrabar/miniconda3/envs/pt_env/lib/python3.10/site-packages/pandas/_libs/arrays.cpython-310-x86_64-linux-gnu.so
7f71ec518000-7f71ec519000 r--p 0001c000 fc:01 1303133                    /home/hchakrabar/miniconda3/envs/pt_env/lib/python3.10/site-packages/pandas/_libs/arrays.cpython-310-x86_64-linux-gnu.so
7f71ec519000-7f71ec51b000 rw-p 0001d000 fc:01 1303133                    /home/hchakrabar/miniconda3/envs/pt_env/lib/python3.10/site-packages/pandas/_libs/arrays.cpython-310-x86_64-linux-gnu.so
7f71ec51b000-7f71ec61b000 rw-p 00000000 00:00 0 
7f71ec61b000-7f71ec621000 r--p 00000000 fc:01 1303139                    /home/hchakrabar/miniconda3/envs/pt_env/lib/python3.10/site-packages/pandas/_libs/hashing.cpython-310-x86_64-linux-gnu.so
7f71ec621000-7f71ec645000 r-xp 00006000 fc:01 1303139                    /home/hchakrabar/miniconda3/envs/pt_env/lib/python3.10/site-packages/pandas/_libs/hashing.cpython-310-x86_64-linux-gnu.so
7f71ec645000-7f71ec64c000 r--p 0002a000 fc:01 1303139                    /home/hchakrabar/miniconda3/envs/pt_env/lib/python3.10/site-packages/pandas/_libs/hashing.cpython-310-x86_64-linux-gnu.so
7f71ec64c000-7f71ec64d000 r--p 00031000 fc:01 1303139                    /home/hchakrabar/miniconda3/envs/pt_env/lib/python3.10/site-packages/pandas/_libs/hashing.cpython-310-x86_64-linux-gnu.so
7f71ec64d000-7f71ec64f000 rw-p 00032000 fc:01 1303139                    /home/hchakrabar/miniconda3/envs/pt_env/lib/python3.10/site-packages/pandas/_libs/hashing.cpython-310-x86_64-linux-gnu.so
7f71ec64f000-7f71ec650000 rw-p 00000000 00:00 0 
7f71ec650000-7f71ec656000 r--p 00000000 fc:01 1303159                    /home/hchakrabar/miniconda3/envs/pt_env/lib/python3.10/site-packages/pandas/_libs/ops.cpython-310-x86_64-linux-gnu.so
7f71ec656000-7f71ec684000 r-xp 00006000 fc:01 1303159                    /home/hchakrabar/miniconda3/envs/pt_env/lib/python3.10/site-packages/pandas/_libs/ops.cpython-310-x86_64-linux-gnu.so
7f71ec684000-7f71ec68c000 r--p 00034000 fc:01 1303159                    /home/hchakrabar/miniconda3/envs/pt_env/lib/python3.10/site-packages/pandas/_libs/ops.cpython-310-x86_64-linux-gnu.so
7f71ec68c000-7f71ec68e000 r--p 0003b000 fc:01 1303159                    /home/hchakrabar/miniconda3/envs/pt_env/lib/python3.10/site-packages/pandas/_libs/ops.cpython-310-x86_64-linux-gnu.so
7f71ec68e000-7f71ec690000 rw-p 0003d000 fc:01 1303159                    /home/hchakrabar/miniconda3/envs/pt_env/lib/python3.10/site-packages/pandas/_libs/ops.cpython-310-x86_64-linux-gnu.so
7f71ec690000-7f71ec791000 rw-p 00000000 00:00 0 
7f71ec791000-7f71ec7c5000 r--p 00000000 fc:01 1311694                    /home/hchakrabar/miniconda3/envs/pt_env/lib/python3.10/site-packages/pyarrow/_compute.cpython-310-x86_64-linux-gnu.so
7f71ec7c5000-7f71ec855000 r-xp 00034000 fc:01 1311694                    /home/hchakrabar/miniconda3/envs/pt_env/lib/python3.10/site-packages/pyarrow/_compute.cpython-310-x86_64-linux-gnu.so
7f71ec855000-7f71ec884000 r--p 000c4000 fc:01 1311694                    /home/hchakrabar/miniconda3/envs/pt_env/lib/python3.10/site-packages/pyarrow/_compute.cpython-310-x86_64-linux-gnu.so
7f71ec884000-7f71ec88a000 r--p 000f3000 fc:01 1311694                    /home/hchakrabar/miniconda3/envs/pt_env/lib/python3.10/site-packages/pyarrow/_compute.cpython-310-x86_64-linux-gnu.so
7f71ec88a000-7f71ec897000 rw-p 000f9000 fc:01 1311694                    /home/hchakrabar/miniconda3/envs/pt_env/lib/python3.10/site-packages/pyarrow/_compute.cpython-310-x86_64-linux-gnu.so
7f71ec897000-7f71ec99b000 rw-p 00000000 00:00 0 
7f71ec99b000-7f71ec9a7000 r--p 00000000 fc:01 1303155                    /home/hchakrabar/miniconda3/envs/pt_env/lib/python3.10/site-packages/pandas/_libs/lib.cpython-310-x86_64-linux-gnu.so
7f71ec9a7000-7f71eca4d000 r-xp 0000c000 fc:01 1303155                    /home/hchakrabar/miniconda3/envs/pt_env/lib/python3.10/site-packages/pandas/_libs/lib.cpython-310-x86_64-linux-gnu.so
7f71eca4d000-7f71eca66000 r--p 000b2000 fc:01 1303155                    /home/hchakrabar/miniconda3/envs/pt_env/lib/python3.10/site-packages/pandas/_libs/lib.cpython-310-x86_64-linux-gnu.so
7f71eca66000-7f71eca6a000 r--p 000ca000 fc:01 1303155                    /home/hchakrabar/miniconda3/envs/pt_env/lib/python3.10/site-packages/pandas/_libs/lib.cpython-310-x86_64-linux-gnu.so
7f71eca6a000-7f71eca70000 rw-p 000ce000 fc:01 1303155                    /home/hchakrabar/miniconda3/envs/pt_env/lib/python3.10/site-packages/pandas/_libs/lib.cpython-310-x86_64-linux-gnu.so
7f71eca70000-7f71ecb72000 rw-p 00000000 00:00 0 
7f71ecb72000-7f71ecb7e000 r--p 00000000 fc:01 1303131                    /home/hchakrabar/miniconda3/envs/pt_env/lib/python3.10/site-packages/pandas/_libs/algos.cpython-310-x86_64-linux-gnu.so
7f71ecb7e000-7f71ecd62000 r-xp 0000c000 fc:01 1303131                    /home/hchakrabar/miniconda3/envs/pt_env/lib/python3.10/site-packages/pandas/_libs/algos.cpython-310-x86_64-linux-gnu.so
7f71ecd62000-7f71ecd7f000 r--p 001f0000 fc:01 1303131                    /home/hchakrabar/miniconda3/envs/pt_env/lib/python3.10/site-packages/pandas/_libs/algos.cpython-310-x86_64-linux-gnu.so
7f71ecd7f000-7f71ecd82000 r--p 0020d000 fc:01 1303131                    /home/hchakrabar/miniconda3/envs/pt_env/lib/python3.10/site-packages/pandas/_libs/algos.cpython-310-x86_64-linux-gnu.so
7f71ecd82000-7f71ecd86000 rw-p 00210000 fc:01 1303131                    /home/hchakrabar/miniconda3/envs/pt_env/lib/python3.10/site-packages/pandas/_libs/algos.cpython-310-x86_64-linux-gnu.so
7f71ecd86000-7f71ecd8b000 rw-p 00000000 00:00 0 
7f71ecd8b000-7f71ecd8f000 r--p 00000000 fc:01 1303161                    /home/hchakrabar/miniconda3/envs/pt_env/lib/python3.10/site-packages/pandas/_libs/ops_dispatch.cpython-310-x86_64-linux-gnu.so
7f71ecd8f000-7f71ecd96000 r-xp 00004000 fc:01 1303161                    /home/hchakrabar/miniconda3/envs/pt_env/lib/python3.10/site-packages/pandas/_libs/ops_dispatch.cpython-310-x86_64-linux-gnu.so
7f71ecd96000-7f71ecd98000 r--p 0000b000 fc:01 1303161                    /home/hchakrabar/miniconda3/envs/pt_env/lib/python3.10/site-packages/pandas/_libs/ops_dispatch.cpython-310-x86_64-linux-gnu.so
7f71ecd98000-7f71ecd99000 r--p 0000d000 fc:01 1303161                    /home/hchakrabar/miniconda3/envs/pt_env/lib/python3.10/site-packages/pandas/_libs/ops_dispatch.cpython-310-x86_64-linux-gnu.so
7f71ecd99000-7f71ecd9a000 rw-p 0000e000 fc:01 1303161                    /home/hchakrabar/miniconda3/envs/pt_env/lib/python3.10/site-packages/pandas/_libs/ops_dispatch.cpython-310-x86_64-linux-gnu.so
7f71ecd9a000-7f71ecda0000 r--p 00000000 fc:01 1303212                    /home/hchakrabar/miniconda3/envs/pt_env/lib/python3.10/site-packages/pandas/_libs/tslibs/vectorized.cpython-310-x86_64-linux-gnu.so
7f71ecda0000-7f71ecdca000 r-xp 00006000 fc:01 1303212                    /home/hchakrabar/miniconda3/envs/pt_env/lib/python3.10/site-packages/pandas/_libs/tslibs/vectorized.cpython-310-x86_64-linux-gnu.so
7f71ecdca000-7f71ecdd2000 r--p 00030000 fc:01 1303212                    /home/hchakrabar/miniconda3/envs/pt_env/lib/python3.10/site-packages/pandas/_libs/tslibs/vectorized.cpython-310-x86_64-linux-gnu.so
7f71ecdd2000-7f71ecdd3000 r--p 00038000 fc:01 1303212                    /home/hchakrabar/miniconda3/envs/pt_env/lib/python3.10/site-packages/pandas/_libs/tslibs/vectorized.cpython-310-x86_64-linux-gnu.so
7f71ecdd3000-7f71ecdd5000 rw-p 00039000 fc:01 1303212                    /home/hchakrabar/miniconda3/envs/pt_env/lib/python3.10/site-packages/pandas/_libs/tslibs/vectorized.cpython-310-x86_64-linux-gnu.so
7f71ecdd5000-7f71ecdd6000 rw-p 00000000 00:00 0 
7f71ecdd6000-7f71ecddf000 r--p 00000000 fc:01 1303200                    /home/hchakrabar/miniconda3/envs/pt_env/lib/python3.10/site-packages/pandas/_libs/tslibs/period.cpython-310-x86_64-linux-gnu.so
7f71ecddf000-7f71ece35000 r-xp 00009000 fc:01 1303200                    /home/hchakrabar/miniconda3/envs/pt_env/lib/python3.10/site-packages/pandas/_libs/tslibs/period.cpython-310-x86_64-linux-gnu.so
7f71ece35000-7f71ece4e000 r--p 0005f000 fc:01 1303200                    /home/hchakrabar/miniconda3/envs/pt_env/lib/python3.10/site-packages/pandas/_libs/tslibs/period.cpython-310-x86_64-linux-gnu.so
7f71ece4e000-7f71ece51000 r--p 00077000 fc:01 1303200                    /home/hchakrabar/miniconda3/envs/pt_env/lib/python3.10/site-packages/pandas/_libs/tslibs/period.cpython-310-x86_64-linux-gnu.so
7f71ece51000-7f71ece54000 rw-p 0007a000 fc:01 1303200                    /home/hchakrabar/miniconda3/envs/pt_env/lib/python3.10/site-packages/pandas/_libs/tslibs/period.cpython-310-x86_64-linux-gnu.so
7f71ece54000-7f71ece55000 rw-p 00000000 00:00 0 
7f71ece55000-7f71ece5d000 r--p 00000000 fc:01 1303202                    /home/hchakrabar/miniconda3/envs/pt_env/lib/python3.10/site-packages/pandas/_libs/tslibs/strptime.cpython-310-x86_64-linux-gnu.so
7f71ece5d000-7f71ecea5000 r-xp 00008000 fc:01 1303202                    /home/hchakrabar/miniconda3/envs/pt_env/lib/python3.10/site-packages/pandas/_libs/tslibs/strptime.cpython-310-x86_64-linux-gnu.so
7f71ecea5000-7f71eceaf000 r--p 00050000 fc:01 1303202                    /home/hchakrabar/miniconda3/envs/pt_env/lib/python3.10/site-packages/pandas/_libs/tslibs/strptime.cpython-310-x86_64-linux-gnu.so
7f71eceaf000-7f71eceb1000 r--p 0005a000 fc:01 1303202                    /home/hchakrabar/miniconda3/envs/pt_env/lib/python3.10/site-packages/pandas/_libs/tslibs/strptime.cpython-310-x86_64-linux-gnu.so
7f71eceb1000-7f71eceb3000 rw-p 0005c000 fc:01 1303202                    /home/hchakrabar/miniconda3/envs/pt_env/lib/python3.10/site-packages/pandas/_libs/tslibs/strptime.cpython-310-x86_64-linux-gnu.so
7f71eceb3000-7f71eceb5000 rw-p 00000000 00:00 0 
7f71eceb5000-7f71ecebe000 r--p 00000000 fc:01 1303198                    /home/hchakrabar/miniconda3/envs/pt_env/lib/python3.10/site-packages/pandas/_libs/tslibs/parsing.cpython-310-x86_64-linux-gnu.so
7f71ecebe000-7f71ecf0f000 r-xp 00009000 fc:01 1303198                    /home/hchakrabar/miniconda3/envs/pt_env/lib/python3.10/site-packages/pandas/_libs/tslibs/parsing.cpython-310-x86_64-linux-gnu.so
7f71ecf0f000-7f71ecf1c000 r--p 0005a000 fc:01 1303198                    /home/hchakrabar/miniconda3/envs/pt_env/lib/python3.10/site-packages/pandas/_libs/tslibs/parsing.cpython-310-x86_64-linux-gnu.so
7f71ecf1c000-7f71ecf1e000 r--p 00067000 fc:01 1303198                    /home/hchakrabar/miniconda3/envs/pt_env/lib/python3.10/site-packages/pandas/_libs/tslibs/parsing.cpython-310-x86_64-linux-gnu.so
7f71ecf1e000-7f71ecf21000 rw-p 00069000 fc:01 1303198                    /home/hchakrabar/miniconda3/envs/pt_env/lib/python3.10/site-packages/pandas/_libs/tslibs/parsing.cpython-310-x86_64-linux-gnu.so
7f71ecf21000-7f71ecf22000 rw-p 00000000 00:00 0 
7f71ecf22000-7f71ecf26000 r--p 00000000 fc:01 1303167                    /home/hchakrabar/miniconda3/envs/pt_env/lib/python3.10/site-packages/pandas/_libs/properties.cpython-310-x86_64-linux-gnu.so
7f71ecf26000-7f71ecf32000 r-xp 00004000 fc:01 1303167                    /home/hchakrabar/miniconda3/envs/pt_env/lib/python3.10/site-packages/pandas/_libs/properties.cpython-310-x86_64-linux-gnu.so
7f71ecf32000-7f71ecf35000 r--p 00010000 fc:01 1303167                    /home/hchakrabar/miniconda3/envs/pt_env/lib/python3.10/site-packages/pandas/_libs/properties.cpython-310-x86_64-linux-gnu.so
7f71ecf35000-7f71ecf36000 r--p 00012000 fc:01 1303167                    /home/hchakrabar/miniconda3/envs/pt_env/lib/python3.10/site-packages/pandas/_libs/properties.cpython-310-x86_64-linux-gnu.so
7f71ecf36000-7f71ecf37000 rw-p 00013000 fc:01 1303167                    /home/hchakrabar/miniconda3/envs/pt_env/lib/python3.10/site-packages/pandas/_libs/properties.cpython-310-x86_64-linux-gnu.so
7f71ecf37000-7f71ecf38000 rw-p 00000000 00:00 0 
7f71ecf38000-7f71ecf3f000 r--p 00000000 fc:01 1303210                    /home/hchakrabar/miniconda3/envs/pt_env/lib/python3.10/site-packages/pandas/_libs/tslibs/tzconversion.cpython-310-x86_64-linux-gnu.so
7f71ecf3f000-7f71ecf7c000 r-xp 00007000 fc:01 1303210                    /home/hchakrabar/miniconda3/envs/pt_env/lib/python3.10/site-packages/pandas/_libs/tslibs/tzconversion.cpython-310-x86_64-linux-gnu.so
7f71ecf7c000-7f71ecf85000 r--p 00044000 fc:01 1303210                    /home/hchakrabar/miniconda3/envs/pt_env/lib/python3.10/site-packages/pandas/_libs/tslibs/tzconversion.cpython-310-x86_64-linux-gnu.so
7f71ecf85000-7f71ecf87000 r--p 0004d000 fc:01 1303210                    /home/hchakrabar/miniconda3/envs/pt_env/lib/python3.10/site-packages/pandas/_libs/tslibs/tzconversion.cpython-310-x86_64-linux-gnu.so
7f71ecf87000-7f71ecf89000 rw-p 0004f000 fc:01 1303210                    /home/hchakrabar/miniconda3/envs/pt_env/lib/python3.10/site-packages/pandas/_libs/tslibs/tzconversion.cpython-310-x86_64-linux-gnu.so
7f71ecf89000-7f71ecf8a000 rw-p 00000000 00:00 0 
7f71ecf8a000-7f71ecf91000 r--p 00000000 fc:01 1303190                    /home/hchakrabar/miniconda3/envs/pt_env/lib/python3.10/site-packages/pandas/_libs/tslibs/fields.cpython-310-x86_64-linux-gnu.so
7f71ecf91000-7f71ecfcf000 r-xp 00007000 fc:01 1303190                    /home/hchakrabar/miniconda3/envs/pt_env/lib/python3.10/site-packages/pandas/_libs/tslibs/fields.cpython-310-x86_64-linux-gnu.so
7f71ecfcf000-7f71ecfd9000 r--p 00045000 fc:01 1303190                    /home/hchakrabar/miniconda3/envs/pt_env/lib/python3.10/site-packages/pandas/_libs/tslibs/fields.cpython-310-x86_64-linux-gnu.so
7f71ecfd9000-7f71ecfdb000 r--p 0004e000 fc:01 1303190                    /home/hchakrabar/miniconda3/envs/pt_env/lib/python3.10/site-packages/pandas/_libs/tslibs/fields.cpython-310-x86_64-linux-gnu.so
7f71ecfdb000-7f71ecfdd000 rw-p 00050000 fc:01 1303190                    /home/hchakrabar/miniconda3/envs/pt_env/lib/python3.10/site-packages/pandas/_libs/tslibs/fields.cpython-310-x86_64-linux-gnu.so
7f71ecfdd000-7f71ecfde000 rw-p 00000000 00:00 0 
7f71ecfde000-7f71ecfe4000 r--p 00000000 fc:01 1303208                    /home/hchakrabar/miniconda3/envs/pt_env/lib/python3.10/site-packages/pandas/_libs/tslibs/timezones.cpython-310-x86_64-linux-gnu.so
7f71ecfe4000-7f71ed016000 r-xp 00006000 fc:01 1303208                    /home/hchakrabar/miniconda3/envs/pt_env/lib/python3.10/site-packages/pandas/_libs/tslibs/timezones.cpython-310-x86_64-linux-gnu.so
7f71ed016000-7f71ed01f000 r--p 00038000 fc:01 1303208                    /home/hchakrabar/miniconda3/envs/pt_env/lib/python3.10/site-packages/pandas/_libs/tslibs/timezones.cpython-310-x86_64-linux-gnu.so
7f71ed01f000-7f71ed021000 r--p 00040000 fc:01 1303208                    /home/hchakrabar/miniconda3/envs/pt_env/lib/python3.10/site-packages/pandas/_libs/tslibs/timezones.cpython-310-x86_64-linux-gnu.so
7f71ed021000-7f71ed023000 rw-p 00042000 fc:01 1303208                    /home/hchakrabar/miniconda3/envs/pt_env/lib/python3.10/site-packages/pandas/_libs/tslibs/timezones.cpython-310-x86_64-linux-gnu.so
7f71ed023000-7f71ed024000 rw-p 00000000 00:00 0 
7f71ed024000-7f71ed02e000 r--p 00000000 fc:01 1303204                    /home/hchakrabar/miniconda3/envs/pt_env/lib/python3.10/site-packages/pandas/_libs/tslibs/timedeltas.cpython-310-x86_64-linux-gnu.so
7f71ed02e000-7f71ed09c000 r-xp 0000a000 fc:01 1303204                    /home/hchakrabar/miniconda3/envs/pt_env/lib/python3.10/site-packages/pandas/_libs/tslibs/timedeltas.cpython-310-x86_64-linux-gnu.so
7f71ed09c000-7f71ed0b1000 r--p 00078000 fc:01 1303204                    /home/hchakrabar/miniconda3/envs/pt_env/lib/python3.10/site-packages/pandas/_libs/tslibs/timedeltas.cpython-310-x86_64-linux-gnu.so
7f71ed0b1000-7f71ed0b4000 r--p 0008c000 fc:01 1303204                    /home/hchakrabar/miniconda3/envs/pt_env/lib/python3.10/site-packages/pandas/_libs/tslibs/timedeltas.cpython-310-x86_64-linux-gnu.so
7f71ed0b4000-7f71ed0b7000 rw-p 0008f000 fc:01 1303204                    /home/hchakrabar/miniconda3/envs/pt_env/lib/python3.10/site-packages/pandas/_libs/tslibs/timedeltas.cpython-310-x86_64-linux-gnu.so
7f71ed0b7000-7f71ed0b9000 rw-p 00000000 00:00 0 
7f71ed0b9000-7f71ed0bf000 r--p 00000000 fc:01 1303192                    /home/hchakrabar/miniconda3/envs/pt_env/lib/python3.10/site-packages/pandas/_libs/tslibs/nattype.cpython-310-x86_64-linux-gnu.so
7f71ed0bf000-7f71ed0e0000 r-xp 00006000 fc:01 1303192                    /home/hchakrabar/miniconda3/envs/pt_env/lib/python3.10/site-packages/pandas/_libs/tslibs/nattype.cpython-310-x86_64-linux-gnu.so
7f71ed0e0000-7f71ed0ee000 r--p 00027000 fc:01 1303192                    /home/hchakrabar/miniconda3/envs/pt_env/lib/python3.10/site-packages/pandas/_libs/tslibs/nattype.cpython-310-x86_64-linux-gnu.so
7f71ed0ee000-7f71ed0f0000 r--p 00034000 fc:01 1303192                    /home/hchakrabar/miniconda3/envs/pt_env/lib/python3.10/site-packages/pandas/_libs/tslibs/nattype.cpython-310-x86_64-linux-gnu.so
7f71ed0f0000-7f71ed0f2000 rw-p 00036000 fc:01 1303192                    /home/hchakrabar/miniconda3/envs/pt_env/lib/python3.10/site-packages/pandas/_libs/tslibs/nattype.cpython-310-x86_64-linux-gnu.so
7f71ed0f2000-7f71ed0f3000 rw-p 00000000 00:00 0 
7f71ed0f3000-7f71ed0fe000 r--p 00000000 fc:01 1303206                    /home/hchakrabar/miniconda3/envs/pt_env/lib/python3.10/site-packages/pandas/_libs/tslibs/timestamps.cpython-310-x86_64-linux-gnu.so
7f71ed0fe000-7f71ed165000 r-xp 0000b000 fc:01 1303206                    /home/hchakrabar/miniconda3/envs/pt_env/lib/python3.10/site-packages/pandas/_libs/tslibs/timestamps.cpython-310-x86_64-linux-gnu.so
7f71ed165000-7f71ed186000 r--p 00072000 fc:01 1303206                    /home/hchakrabar/miniconda3/envs/pt_env/lib/python3.10/site-packages/pandas/_libs/tslibs/timestamps.cpython-310-x86_64-linux-gnu.so
7f71ed186000-7f71ed189000 r--p 00092000 fc:01 1303206                    /home/hchakrabar/miniconda3/envs/pt_env/lib/python3.10/site-packages/pandas/_libs/tslibs/timestamps.cpython-310-x86_64-linux-gnu.so
7f71ed189000-7f71ed18c000 rw-p 00095000 fc:01 1303206                    /home/hchakrabar/miniconda3/envs/pt_env/lib/python3.10/site-packages/pandas/_libs/tslibs/timestamps.cpython-310-x86_64-linux-gnu.so
7f71ed18c000-7f71ed18e000 rw-p 00000000 00:00 0 
7f71ed18e000-7f71ed19e000 r--p 00000000 fc:01 1303196                    /home/hchakrabar/miniconda3/envs/pt_env/lib/python3.10/site-packages/pandas/_libs/tslibs/offsets.cpython-310-x86_64-linux-gnu.so
7f71ed19e000-7f71ed25d000 r-xp 00010000 fc:01 1303196                    /home/hchakrabar/miniconda3/envs/pt_env/lib/python3.10/site-packages/pandas/_libs/tslibs/offsets.cpython-310-x86_64-linux-gnu.so
7f71ed25d000-7f71ed282000 r--p 000cf000 fc:01 1303196                    /home/hchakrabar/miniconda3/envs/pt_env/lib/python3.10/site-packages/pandas/_libs/tslibs/offsets.cpython-310-x86_64-linux-gnu.so
7f71ed282000-7f71ed286000 r--p 000f3000 fc:01 1303196                    /home/hchakrabar/miniconda3/envs/pt_env/lib/python3.10/site-packages/pandas/_libs/tslibs/offsets.cpython-310-x86_64-linux-gnu.so
7f71ed286000-7f71ed290000 rw-p 000f7000 fc:01 1303196                    /home/hchakrabar/miniconda3/envs/pt_env/lib/python3.10/site-packages/pandas/_libs/tslibs/offsets.cpython-310-x86_64-linux-gnu.so
7f71ed290000-7f71ed294000 rw-p 00000000 00:00 0 
7f71ed294000-7f71ed297000 r--p 00000000 fc:01 1303183                    /home/hchakrabar/miniconda3/envs/pt_env/lib/python3.10/site-packages/pandas/_libs/tslibs/base.cpython-310-x86_64-linux-gnu.so
7f71ed297000-7f71ed29e000 r-xp 00003000 fc:01 1303183                    /home/hchakrabar/miniconda3/envs/pt_env/lib/python3.10/site-packages/pandas/_libs/tslibs/base.cpython-310-x86_64-linux-gnu.so
7f71ed29e000-7f71ed2a0000 r--p 0000a000 fc:01 1303183                    /home/hchakrabar/miniconda3/envs/pt_env/lib/python3.10/site-packages/pandas/_libs/tslibs/base.cpython-310-x86_64-linux-gnu.so
7f71ed2a0000-7f71ed2a1000 r--p 0000c000 fc:01 1303183                    /home/hchakrabar/miniconda3/envs/pt_env/lib/python3.10/site-packages/pandas/_libs/tslibs/base.cpython-310-x86_64-linux-gnu.so
7f71ed2a1000-7f71ed2a2000 rw-p 0000d000 fc:01 1303183                    /home/hchakrabar/miniconda3/envs/pt_env/lib/python3.10/site-packages/pandas/_libs/tslibs/base.cpython-310-x86_64-linux-gnu.so
7f71ed2a2000-7f71ed2a9000 r--p 00000000 fc:01 1303186                    /home/hchakrabar/miniconda3/envs/pt_env/lib/python3.10/site-packages/pandas/_libs/tslibs/conversion.cpython-310-x86_64-linux-gnu.so
7f71ed2a9000-7f71ed2df000 r-xp 00007000 fc:01 1303186                    /home/hchakrabar/miniconda3/envs/pt_env/lib/python3.10/site-packages/pandas/_libs/tslibs/conversion.cpython-310-x86_64-linux-gnu.so
7f71ed2df000-7f71ed2e9000 r--p 0003d000 fc:01 1303186                    /home/hchakrabar/miniconda3/envs/pt_env/lib/python3.10/site-packages/pandas/_libs/tslibs/conversion.cpython-310-x86_64-linux-gnu.so
7f71ed2e9000-7f71ed2eb000 r--p 00046000 fc:01 1303186                    /home/hchakrabar/miniconda3/envs/pt_env/lib/python3.10/site-packages/pandas/_libs/tslibs/conversion.cpython-310-x86_64-linux-gnu.so
7f71ed2eb000-7f71ed2ed000 rw-p 00048000 fc:01 1303186                    /home/hchakrabar/miniconda3/envs/pt_env/lib/python3.10/site-packages/pandas/_libs/tslibs/conversion.cpython-310-x86_64-linux-gnu.so
7f71ed2ed000-7f71ed3ee000 rw-p 00000000 00:00 0 
7f71ed3ee000-7f71ed3f2000 r--p 00000000 fc:01 1303194                    /home/hchakrabar/miniconda3/envs/pt_env/lib/python3.10/site-packages/pandas/_libs/tslibs/np_datetime.cpython-310-x86_64-linux-gnu.so
7f71ed3f2000-7f71ed409000 r-xp 00004000 fc:01 1303194                    /home/hchakrabar/miniconda3/envs/pt_env/lib/python3.10/site-packages/pandas/_libs/tslibs/np_datetime.cpython-310-x86_64-linux-gnu.so
7f71ed409000-7f71ed40e000 r--p 0001b000 fc:01 1303194                    /home/hchakrabar/miniconda3/envs/pt_env/lib/python3.10/site-packages/pandas/_libs/tslibs/np_datetime.cpython-310-x86_64-linux-gnu.so
7f71ed40e000-7f71ed40f000 r--p 00020000 fc:01 1303194                    /home/hchakrabar/miniconda3/envs/pt_env/lib/python3.10/site-packages/pandas/_libs/tslibs/np_datetime.cpython-310-x86_64-linux-gnu.so
7f71ed40f000-7f71ed410000 rw-p 00021000 fc:01 1303194                    /home/hchakrabar/miniconda3/envs/pt_env/lib/python3.10/site-packages/pandas/_libs/tslibs/np_datetime.cpython-310-x86_64-linux-gnu.so
7f71ed410000-7f71ed411000 rw-p 00000000 00:00 0 
7f71ed411000-7f71ed415000 r--p 00000000 fc:01 1303184                    /home/hchakrabar/miniconda3/envs/pt_env/lib/python3.10/site-packages/pandas/_libs/tslibs/ccalendar.cpython-310-x86_64-linux-gnu.so
7f71ed415000-7f71ed423000 r-xp 00004000 fc:01 1303184                    /home/hchakrabar/miniconda3/envs/pt_env/lib/python3.10/site-packages/pandas/_libs/tslibs/ccalendar.cpython-310-x86_64-linux-gnu.so
7f71ed423000-7f71ed426000 r--p 00012000 fc:01 1303184                    /home/hchakrabar/miniconda3/envs/pt_env/lib/python3.10/site-packages/pandas/_libs/tslibs/ccalendar.cpython-310-x86_64-linux-gnu.so
7f71ed426000-7f71ed427000 r--p 00015000 fc:01 1303184                    /home/hchakrabar/miniconda3/envs/pt_env/lib/python3.10/site-packages/pandas/_libs/tslibs/ccalendar.cpython-310-x86_64-linux-gnu.so
7f71ed427000-7f71ed428000 rw-p 00016000 fc:01 1303184                    /home/hchakrabar/miniconda3/envs/pt_env/lib/python3.10/site-packages/pandas/_libs/tslibs/ccalendar.cpython-310-x86_64-linux-gnu.so
7f71ed428000-7f71ed42f000 r--p 00000000 fc:01 1303188                    /home/hchakrabar/miniconda3/envs/pt_env/lib/python3.10/site-packages/pandas/_libs/tslibs/dtypes.cpython-310-x86_64-linux-gnu.so
7f71ed42f000-7f71ed44b000 r-xp 00007000 fc:01 1303188                    /home/hchakrabar/miniconda3/envs/pt_env/lib/python3.10/site-packages/pandas/_libs/tslibs/dtypes.cpython-310-x86_64-linux-gnu.so
7f71ed44b000-7f71ed451000 r--p 00023000 fc:01 1303188                    /home/hchakrabar/miniconda3/envs/pt_env/lib/python3.10/site-packages/pandas/_libs/tslibs/dtypes.cpython-310-x86_64-linux-gnu.so
7f71ed451000-7f71ed453000 r--p 00029000 fc:01 1303188                    /home/hchakrabar/miniconda3/envs/pt_env/lib/python3.10/site-packages/pandas/_libs/tslibs/dtypes.cpython-310-x86_64-linux-gnu.so
7f71ed453000-7f71ed454000 rw-p 0002b000 fc:01 1303188                    /home/hchakrabar/miniconda3/envs/pt_env/lib/python3.10/site-packages/pandas/_libs/tslibs/dtypes.cpython-310-x86_64-linux-gnu.so
7f71ed454000-7f71ed456000 rw-p 00000000 00:00 0 
7f71ed456000-7f71ed45c000 r--p 00000000 fc:01 1303157                    /home/hchakrabar/miniconda3/envs/pt_env/lib/python3.10/site-packages/pandas/_libs/missing.cpython-310-x86_64-linux-gnu.so
7f71ed45c000-7f71ed47c000 r-xp 00006000 fc:01 1303157                    /home/hchakrabar/miniconda3/envs/pt_env/lib/python3.10/site-packages/pandas/_libs/missing.cpython-310-x86_64-linux-gnu.so
7f71ed47c000-7f71ed483000 r--p 00026000 fc:01 1303157                    /home/hchakrabar/miniconda3/envs/pt_env/lib/python3.10/site-packages/pandas/_libs/missing.cpython-310-x86_64-linux-gnu.so
7f71ed483000-7f71ed485000 r--p 0002c000 fc:01 1303157                    /home/hchakrabar/miniconda3/envs/pt_env/lib/python3.10/site-packages/pandas/_libs/missing.cpython-310-x86_64-linux-gnu.so
7f71ed485000-7f71ed487000 rw-p 0002e000 fc:01 1303157                    /home/hchakrabar/miniconda3/envs/pt_env/lib/python3.10/site-packages/pandas/_libs/missing.cpython-310-x86_64-linux-gnu.so
7f71ed487000-7f71ed488000 rw-p 00000000 00:00 0 
7f71ed488000-7f71ed49d000 r--p 00000000 fc:01 1303141                    /home/hchakrabar/miniconda3/envs/pt_env/lib/python3.10/site-packages/pandas/_libs/hashtable.cpython-310-x86_64-linux-gnu.so
7f71ed49d000-7f71ed666000 r-xp 00015000 fc:01 1303141                    /home/hchakrabar/miniconda3/envs/pt_env/lib/python3.10/site-packages/pandas/_libs/hashtable.cpython-310-x86_64-linux-gnu.so
7f71ed666000-7f71ed69d000 r--p 001de000 fc:01 1303141                    /home/hchakrabar/miniconda3/envs/pt_env/lib/python3.10/site-packages/pandas/_libs/hashtable.cpython-310-x86_64-linux-gnu.so
7f71ed69d000-7f71ed6a2000 r--p 00215000 fc:01 1303141                    /home/hchakrabar/miniconda3/envs/pt_env/lib/python3.10/site-packages/pandas/_libs/hashtable.cpython-310-x86_64-linux-gnu.so
7f71ed6a2000-7f71ed6af000 rw-p 0021a000 fc:01 1303141                    /home/hchakrabar/miniconda3/envs/pt_env/lib/python3.10/site-packages/pandas/_libs/hashtable.cpython-310-x86_64-linux-gnu.so
7f71ed6af000-7f71ed6b7000 rw-p 00000000 00:00 0 
7f71ed6b7000-7f71ed6c4000 r--p 00000000 fc:01 1303149                    /home/hchakrabar/miniconda3/envs/pt_env/lib/python3.10/site-packages/pandas/_libs/interval.cpython-310-x86_64-linux-gnu.so
7f71ed6c4000-7f71ed7e6000 r-xp 0000d000 fc:01 1303149                    /home/hchakrabar/miniconda3/envs/pt_env/lib/python3.10/site-packages/pandas/_libs/interval.cpython-310-x86_64-linux-gnu.so
7f71ed7e6000-7f71ed804000 r--p 0012f000 fc:01 1303149                    /home/hchakrabar/miniconda3/envs/pt_env/lib/python3.10/site-packages/pandas/_libs/interval.cpython-310-x86_64-linux-gnu.so
7f71ed804000-7f71ed806000 r--p 0014d000 fc:01 1303149                    /home/hchakrabar/miniconda3/envs/pt_env/lib/python3.10/site-packages/pandas/_libs/interval.cpython-310-x86_64-linux-gnu.so
7f71ed806000-7f71ed80d000 rw-p 0014f000 fc:01 1303149                    /home/hchakrabar/miniconda3/envs/pt_env/lib/python3.10/site-packages/pandas/_libs/interval.cpython-310-x86_64-linux-gnu.so
7f71ed80d000-7f71ed80f000 rw-p 00000000 00:00 0 
7f71ed80f000-7f71ed81b000 r--p 00000000 fc:01 1302142                    /home/hchakrabar/miniconda3/envs/pt_env/lib/python3.10/site-packages/numpy/random/_generator.cpython-310-x86_64-linux-gnu.so
7f71ed81b000-7f71ed890000 r-xp 0000c000 fc:01 1302142                    /home/hchakrabar/miniconda3/envs/pt_env/lib/python3.10/site-packages/numpy/random/_generator.cpython-310-x86_64-linux-gnu.so
7f71ed890000-7f71ed8e7000 r--p 00081000 fc:01 1302142                    /home/hchakrabar/miniconda3/envs/pt_env/lib/python3.10/site-packages/numpy/random/_generator.cpython-310-x86_64-linux-gnu.so
7f71ed8e7000-7f71ed8e8000 ---p 000d8000 fc:01 1302142                    /home/hchakrabar/miniconda3/envs/pt_env/lib/python3.10/site-packages/numpy/random/_generator.cpython-310-x86_64-linux-gnu.so
7f71ed8e8000-7f71ed8eb000 r--p 000d8000 fc:01 1302142                    /home/hchakrabar/miniconda3/envs/pt_env/lib/python3.10/site-packages/numpy/random/_generator.cpython-310-x86_64-linux-gnu.so
7f71ed8eb000-7f71ed8ee000 rw-p 000db000 fc:01 1302142                    /home/hchakrabar/miniconda3/envs/pt_env/lib/python3.10/site-packages/numpy/random/_generator.cpython-310-x86_64-linux-gnu.so
7f71ed8ee000-7f71ed8f0000 rw-p 00000000 00:00 0 
7f71ed8f0000-7f71ed8f4000 r--p 00000000 fc:01 1302130                    /home/hchakrabar/miniconda3/envs/pt_env/lib/python3.10/site-packages/numpy/random/_sfc64.cpython-310-x86_64-linux-gnu.so
7f71ed8f4000-7f71ed8fd000 r-xp 00004000 fc:01 1302130                    /home/hchakrabar/miniconda3/envs/pt_env/lib/python3.10/site-packages/numpy/random/_sfc64.cpython-310-x86_64-linux-gnu.so
7f71ed8fd000-7f71ed901000 r--p 0000d000 fc:01 1302130                    /home/hchakrabar/miniconda3/envs/pt_env/lib/python3.10/site-packages/numpy/random/_sfc64.cpython-310-x86_64-linux-gnu.so
7f71ed901000-7f71ed902000 r--p 00010000 fc:01 1302130                    /home/hchakrabar/miniconda3/envs/pt_env/lib/python3.10/site-packages/numpy/random/_sfc64.cpython-310-x86_64-linux-gnu.so
7f71ed902000-7f71ed903000 rw-p 00011000 fc:01 1302130                    /home/hchakrabar/miniconda3/envs/pt_env/lib/python3.10/site-packages/numpy/random/_sfc64.cpython-310-x86_64-linux-gnu.so
7f71ed903000-7f71ed907000 r--p 00000000 fc:01 1302140                    /home/hchakrabar/miniconda3/envs/pt_env/lib/python3.10/site-packages/numpy/random/_pcg64.cpython-310-x86_64-linux-gnu.so
7f71ed907000-7f71ed918000 r-xp 00004000 fc:01 1302140                    /home/hchakrabar/miniconda3/envs/pt_env/lib/python3.10/site-packages/numpy/random/_pcg64.cpython-310-x86_64-linux-gnu.so
7f71ed918000-7f71ed91e000 r--p 00015000 fc:01 1302140                    /home/hchakrabar/miniconda3/envs/pt_env/lib/python3.10/site-packages/numpy/random/_pcg64.cpython-310-x86_64-linux-gnu.so
7f71ed91e000-7f71ed91f000 r--p 0001a000 fc:01 1302140                    /home/hchakrabar/miniconda3/envs/pt_env/lib/python3.10/site-packages/numpy/random/_pcg64.cpython-310-x86_64-linux-gnu.so
7f71ed91f000-7f71ed920000 rw-p 0001b000 fc:01 1302140                    /home/hchakrabar/miniconda3/envs/pt_env/lib/python3.10/site-packages/numpy/random/_pcg64.cpython-310-x86_64-linux-gnu.so
7f71ed920000-7f71ed921000 rw-p 00000000 00:00 0 
7f71ed921000-7f71ed925000 r--p 00000000 fc:01 1302122                    /home/hchakrabar/miniconda3/envs/pt_env/lib/python3.10/site-packages/numpy/random/_mt19937.cpython-310-x86_64-linux-gnu.so
7f71ed925000-7f71ed935000 r-xp 00004000 fc:01 1302122                    /home/hchakrabar/miniconda3/envs/pt_env/lib/python3.10/site-packages/numpy/random/_mt19937.cpython-310-x86_64-linux-gnu.so
7f71ed935000-7f71ed93b000 r--p 00014000 fc:01 1302122                    /home/hchakrabar/miniconda3/envs/pt_env/lib/python3.10/site-packages/numpy/random/_mt19937.cpython-310-x86_64-linux-gnu.so
7f71ed93b000-7f71ed93c000 r--p 00019000 fc:01 1302122                    /home/hchakrabar/miniconda3/envs/pt_env/lib/python3.10/site-packages/numpy/random/_mt19937.cpython-310-x86_64-linux-gnu.so
7f71ed93c000-7f71ed93d000 rw-p 0001a000 fc:01 1302122                    /home/hchakrabar/miniconda3/envs/pt_env/lib/python3.10/site-packages/numpy/random/_mt19937.cpython-310-x86_64-linux-gnu.so
7f71ed93d000-7f71ed93e000 rw-p 00000000 00:00 0 
7f71ed93e000-7f71ed942000 r--p 00000000 fc:01 1309644                    /home/hchakrabar/miniconda3/envs/pt_env/lib/python3.10/site-packages/scipy/_lib/_ccallback_c.cpython-310-x86_64-linux-gnu.so
7f71ed942000-7f71ed950000 r-xp 00004000 fc:01 1309644                    /home/hchakrabar/miniconda3/envs/pt_env/lib/python3.10/site-packages/scipy/_lib/_ccallback_c.cpython-310-x86_64-linux-gnu.so
7f71ed950000-7f71ed953000 r--p 00012000 fc:01 1309644                    /home/hchakrabar/miniconda3/envs/pt_env/lib/python3.10/site-packages/scipy/_lib/_ccallback_c.cpython-310-x86_64-linux-gnu.so
7f71ed953000-7f71ed954000 r--p 00014000 fc:01 1309644                    /home/hchakrabar/miniconda3/envs/pt_env/lib/python3.10/site-packages/scipy/_lib/_ccallback_c.cpython-310-x86_64-linux-gnu.so
7f71ed954000-7f71ed955000 rw-p 00015000 fc:01 1309644                    /home/hchakrabar/miniconda3/envs/pt_env/lib/python3.10/site-packages/scipy/_lib/_ccallback_c.cpython-310-x86_64-linux-gnu.so
7f71ed955000-7f71ed956000 rw-p 00000000 00:00 0 
7f71ed956000-7f71ed958000 r--p 00000000 fc:01 2107405                    /home/hchakrabar/miniconda3/envs/pt_env/lib/python3.10/site-packages/sklearn/__check_build/_check_build.cpython-310-x86_64-linux-gnu.so
7f71ed958000-7f71ed95b000 r-xp 00002000 fc:01 2107405                    /home/hchakrabar/miniconda3/envs/pt_env/lib/python3.10/site-packages/sklearn/__check_build/_check_build.cpython-310-x86_64-linux-gnu.so
7f71ed95b000-7f71ed95c000 r--p 00005000 fc:01 2107405                    /home/hchakrabar/miniconda3/envs/pt_env/lib/python3.10/site-packages/sklearn/__check_build/_check_build.cpython-310-x86_64-linux-gnu.so
7f71ed95c000-7f71ed95d000 ---p 00006000 fc:01 2107405                    /home/hchakrabar/miniconda3/envs/pt_env/lib/python3.10/site-packages/sklearn/__check_build/_check_build.cpython-310-x86_64-linux-gnu.so
7f71ed95d000-7f71ed95e000 r--p 00006000 fc:01 2107405                    /home/hchakrabar/miniconda3/envs/pt_env/lib/python3.10/site-packages/sklearn/__check_build/_check_build.cpython-310-x86_64-linux-gnu.so
7f71ed95e000-7f71ed95f000 rw-p 00007000 fc:01 2107405                    /home/hchakrabar/miniconda3/envs/pt_env/lib/python3.10/site-packages/sklearn/__check_build/_check_build.cpython-310-x86_64-linux-gnu.so
7f71ed95f000-7f71ed960000 r--p 00000000 fc:01 1312695                    /home/hchakrabar/miniconda3/envs/pt_env/lib/python3.10/site-packages/markupsafe/_speedups.cpython-310-x86_64-linux-gnu.so
7f71ed960000-7f71ed961000 r-xp 00001000 fc:01 1312695                    /home/hchakrabar/miniconda3/envs/pt_env/lib/python3.10/site-packages/markupsafe/_speedups.cpython-310-x86_64-linux-gnu.so
7f71ed961000-7f71ed962000 r--p 00002000 fc:01 1312695                    /home/hchakrabar/miniconda3/envs/pt_env/lib/python3.10/site-packages/markupsafe/_speedups.cpython-310-x86_64-linux-gnu.so
7f71ed962000-7f71ed963000 r--p 00002000 fc:01 1312695                    /home/hchakrabar/miniconda3/envs/pt_env/lib/python3.10/site-packages/markupsafe/_speedups.cpython-310-x86_64-linux-gnu.so
7f71ed963000-7f71ed964000 rw-p 00003000 fc:01 1312695                    /home/hchakrabar/miniconda3/envs/pt_env/lib/python3.10/site-packages/markupsafe/_speedups.cpython-310-x86_64-linux-gnu.so
7f71ed964000-7f71ed96b000 r--p 00000000 fc:01 1311641                    /home/hchakrabar/miniconda3/envs/pt_env/lib/python3.10/site-packages/yaml/_yaml.cpython-310-x86_64-linux-gnu.so
7f71ed96b000-7f71ed9b1000 r-xp 00007000 fc:01 1311641                    /home/hchakrabar/miniconda3/envs/pt_env/lib/python3.10/site-packages/yaml/_yaml.cpython-310-x86_64-linux-gnu.so
7f71ed9b1000-7f71ed9ba000 r--p 0004d000 fc:01 1311641                    /home/hchakrabar/miniconda3/envs/pt_env/lib/python3.10/site-packages/yaml/_yaml.cpython-310-x86_64-linux-gnu.so
7f71ed9ba000-7f71ed9bc000 r--p 00055000 fc:01 1311641                    /home/hchakrabar/miniconda3/envs/pt_env/lib/python3.10/site-packages/yaml/_yaml.cpython-310-x86_64-linux-gnu.so
7f71ed9bc000-7f71ed9be000 rw-p 00057000 fc:01 1311641                    /home/hchakrabar/miniconda3/envs/pt_env/lib/python3.10/site-packages/yaml/_yaml.cpython-310-x86_64-linux-gnu.so
7f71ed9be000-7f71edbbf000 rw-p 00000000 00:00 0 
7f71edbbf000-7f71eddff000 rw-p 00000000 00:00 0 
7f71eddff000-7f71ede00000 ---p 00000000 00:00 0 
7f71ede00000-7f71ee600000 rw-p 00000000 00:00 0 
7f71ee600000-7f71eee00000 rw-p 00000000 00:00 0 
7f71eee01000-7f71eee05000 r--p 00000000 fc:01 1302143                    /home/hchakrabar/miniconda3/envs/pt_env/lib/python3.10/site-packages/numpy/random/_philox.cpython-310-x86_64-linux-gnu.so
7f71eee05000-7f71eee13000 r-xp 00004000 fc:01 1302143                    /home/hchakrabar/miniconda3/envs/pt_env/lib/python3.10/site-packages/numpy/random/_philox.cpython-310-x86_64-linux-gnu.so
7f71eee13000-7f71eee18000 r--p 00012000 fc:01 1302143                    /home/hchakrabar/miniconda3/envs/pt_env/lib/python3.10/site-packages/numpy/random/_philox.cpython-310-x86_64-linux-gnu.so
7f71eee18000-7f71eee19000 r--p 00016000 fc:01 1302143                    /home/hchakrabar/miniconda3/envs/pt_env/lib/python3.10/site-packages/numpy/random/_philox.cpython-310-x86_64-linux-gnu.so
7f71eee19000-7f71eee1a000 rw-p 00017000 fc:01 1302143                    /home/hchakrabar/miniconda3/envs/pt_env/lib/python3.10/site-packages/numpy/random/_philox.cpython-310-x86_64-linux-gnu.so
7f71eee1a000-7f71eee1b000 rw-p 00000000 00:00 0 
7f71eee1b000-7f71eee24000 r--p 00000000 fc:01 1302136                    /home/hchakrabar/miniconda3/envs/pt_env/lib/python3.10/site-packages/numpy/random/mtrand.cpython-310-x86_64-linux-gnu.so
7f71eee24000-7f71eee74000 r-xp 00009000 fc:01 1302136                    /home/hchakrabar/miniconda3/envs/pt_env/lib/python3.10/site-packages/numpy/random/mtrand.cpython-310-x86_64-linux-gnu.so
7f71eee74000-7f71eeec7000 r--p 00059000 fc:01 1302136                    /home/hchakrabar/miniconda3/envs/pt_env/lib/python3.10/site-packages/numpy/random/mtrand.cpython-310-x86_64-linux-gnu.so
7f71eeec7000-7f71eeeca000 r--p 000ab000 fc:01 1302136                    /home/hchakrabar/miniconda3/envs/pt_env/lib/python3.10/site-packages/numpy/random/mtrand.cpython-310-x86_64-linux-gnu.so
7f71eeeca000-7f71eeecc000 rw-p 000ae000 fc:01 1302136                    /home/hchakrabar/miniconda3/envs/pt_env/lib/python3.10/site-packages/numpy/random/mtrand.cpython-310-x86_64-linux-gnu.so
7f71eeecc000-7f71eeece000 rw-p 00000000 00:00 0 
7f71eeece000-7f71ef30d000 r--p 00000000 fc:01 1311774                    /home/hchakrabar/miniconda3/envs/pt_env/lib/python3.10/site-packages/pyarrow/libarrow.so.2200
7f71ef30d000-7f71f0f47000 r-xp 0043f000 fc:01 1311774                    /home/hchakrabar/miniconda3/envs/pt_env/lib/python3.10/site-packages/pyarrow/libarrow.so.2200
7f71f0f47000-7f71f16a6000 r--p 02079000 fc:01 1311774                    /home/hchakrabar/miniconda3/envs/pt_env/lib/python3.10/site-packages/pyarrow/libarrow.so.2200
7f71f16a6000-7f71f17a5000 r--p 027d8000 fc:01 1311774                    /home/hchakrabar/miniconda3/envs/pt_env/lib/python3.10/site-packages/pyarrow/libarrow.so.2200
7f71f17a5000-7f71f17e0000 rw-p 028d7000 fc:01 1311774                    /home/hchakrabar/miniconda3/envs/pt_env/lib/python3.10/site-packages/pyarrow/libarrow.so.2200
7f71f17e0000-7f71f1a0b000 rw-p 00000000 00:00 0 
7f71f1a0b000-7f71f1b14000 r--p 00000000 fc:01 1311776                    /home/hchakrabar/miniconda3/envs/pt_env/lib/python3.10/site-packages/pyarrow/libarrow_compute.so.2200
7f71f1b14000-7f71f262a000 r-xp 00109000 fc:01 1311776                    /home/hchakrabar/miniconda3/envs/pt_env/lib/python3.10/site-packages/pyarrow/libarrow_compute.so.2200
7f71f262a000-7f71f283e000 r--p 00c1f000 fc:01 1311776                    /home/hchakrabar/miniconda3/envs/pt_env/lib/python3.10/site-packages/pyarrow/libarrow_compute.so.2200
7f71f283e000-7f71f285d000 r--p 00e33000 fc:01 1311776                    /home/hchakrabar/miniconda3/envs/pt_env/lib/python3.10/site-packages/pyarrow/libarrow_compute.so.2200
7f71f285d000-7f71f2862000 rw-p 00e52000 fc:01 1311776                    /home/hchakrabar/miniconda3/envs/pt_env/lib/python3.10/site-packages/pyarrow/libarrow_compute.so.2200
7f71f2862000-7f71f286f000 rw-p 00000000 00:00 0 
7f71f286f000-7f71f28c4000 r--p 00000000 fc:01 1311775                    /home/hchakrabar/miniconda3/envs/pt_env/lib/python3.10/site-packages/pyarrow/libarrow_acero.so.2200
7f71f28c4000-7f71f29b6000 r-xp 00055000 fc:01 1311775                    /home/hchakrabar/miniconda3/envs/pt_env/lib/python3.10/site-packages/pyarrow/libarrow_acero.so.2200
7f71f29b6000-7f71f29ee000 r--p 00147000 fc:01 1311775                    /home/hchakrabar/miniconda3/envs/pt_env/lib/python3.10/site-packages/pyarrow/libarrow_acero.so.2200
7f71f29ee000-7f71f29f4000 r--p 0017e000 fc:01 1311775                    /home/hchakrabar/miniconda3/envs/pt_env/lib/python3.10/site-packages/pyarrow/libarrow_acero.so.2200
7f71f29f4000-7f71f29f7000 rw-p 00184000 fc:01 1311775                    /home/hchakrabar/miniconda3/envs/pt_env/lib/python3.10/site-packages/pyarrow/libarrow_acero.so.2200
7f71f29f7000-7f71f2bf1000 r--p 00000000 fc:01 1311789                    /home/hchakrabar/miniconda3/envs/pt_env/lib/python3.10/site-packages/pyarrow/libparquet.so.2200
7f71f2bf1000-7f71f3185000 r-xp 001fa000 fc:01 1311789                    /home/hchakrabar/miniconda3/envs/pt_env/lib/python3.10/site-packages/pyarrow/libparquet.so.2200
7f71f3185000-7f71f3348000 r--p 0078e000 fc:01 1311789                    /home/hchakrabar/miniconda3/envs/pt_env/lib/python3.10/site-packages/pyarrow/libparquet.so.2200
7f71f3348000-7f71f33e3000 r--p 00951000 fc:01 1311789                    /home/hchakrabar/miniconda3/envs/pt_env/lib/python3.10/site-packages/pyarrow/libparquet.so.2200
7f71f33e3000-7f71f33f1000 rw-p 009ec000 fc:01 1311789                    /home/hchakrabar/miniconda3/envs/pt_env/lib/python3.10/site-packages/pyarrow/libparquet.so.2200
7f71f33f1000-7f71f33f5000 rw-p 00000000 00:00 0 
7f71f33f5000-7f71f349a000 r--p 00000000 fc:01 1311777                    /home/hchakrabar/miniconda3/envs/pt_env/lib/python3.10/site-packages/pyarrow/libarrow_dataset.so.2200
7f71f349a000-7f71f3577000 r-xp 000a5000 fc:01 1311777                    /home/hchakrabar/miniconda3/envs/pt_env/lib/python3.10/site-packages/pyarrow/libarrow_dataset.so.2200
7f71f3577000-7f71f35ba000 r--p 00182000 fc:01 1311777                    /home/hchakrabar/miniconda3/envs/pt_env/lib/python3.10/site-packages/pyarrow/libarrow_dataset.so.2200
7f71f35ba000-7f71f35c3000 r--p 001c4000 fc:01 1311777                    /home/hchakrabar/miniconda3/envs/pt_env/lib/python3.10/site-packages/pyarrow/libarrow_dataset.so.2200
7f71f35c3000-7f71f35c5000 rw-p 001cd000 fc:01 1311777                    /home/hchakrabar/miniconda3/envs/pt_env/lib/python3.10/site-packages/pyarrow/libarrow_dataset.so.2200
7f71f35c5000-7f71f3638000 r--p 00000000 fc:01 1311788                    /home/hchakrabar/miniconda3/envs/pt_env/lib/python3.10/site-packages/pyarrow/libarrow_substrait.so.2200
7f71f3638000-7f71f3921000 r-xp 00073000 fc:01 1311788                    /home/hchakrabar/miniconda3/envs/pt_env/lib/python3.10/site-packages/pyarrow/libarrow_substrait.so.2200
7f71f3921000-7f71f39d8000 r--p 0035c000 fc:01 1311788                    /home/hchakrabar/miniconda3/envs/pt_env/lib/python3.10/site-packages/pyarrow/libarrow_substrait.so.2200
7f71f39d8000-7f71f39e5000 r--p 00413000 fc:01 1311788                    /home/hchakrabar/miniconda3/envs/pt_env/lib/python3.10/site-packages/pyarrow/libarrow_substrait.so.2200
7f71f39e5000-7f71f39fb000 rw-p 00420000 fc:01 1311788                    /home/hchakrabar/miniconda3/envs/pt_env/lib/python3.10/site-packages/pyarrow/libarrow_substrait.so.2200
7f71f39fb000-7f71f39fd000 rw-p 00000000 00:00 0 
7f71f39fd000-7f71f3a88000 r--p 00000000 fc:01 1311780                    /home/hchakrabar/miniconda3/envs/pt_env/lib/python3.10/site-packages/pyarrow/libarrow_python.so.2200
7f71f3a88000-7f71f3baa000 r-xp 0008b000 fc:01 1311780                    /home/hchakrabar/miniconda3/envs/pt_env/lib/python3.10/site-packages/pyarrow/libarrow_python.so.2200
7f71f3baa000-7f71f3bed000 r--p 001ad000 fc:01 1311780                    /home/hchakrabar/miniconda3/envs/pt_env/lib/python3.10/site-packages/pyarrow/libarrow_python.so.2200
7f71f3bed000-7f71f3bf9000 r--p 001f0000 fc:01 1311780                    /home/hchakrabar/miniconda3/envs/pt_env/lib/python3.10/site-packages/pyarrow/libarrow_python.so.2200
7f71f3bf9000-7f71f3bfc000 rw-p 001fc000 fc:01 1311780                    /home/hchakrabar/miniconda3/envs/pt_env/lib/python3.10/site-packages/pyarrow/libarrow_python.so.2200
7f71f3bfc000-7f71f3c5a000 r--p 00000000 fc:01 1311769                    /home/hchakrabar/miniconda3/envs/pt_env/lib/python3.10/site-packages/pyarrow/lib.cpython-310-x86_64-linux-gnu.so
7f71f3c5a000-7f71f3eab000 r-xp 0005e000 fc:01 1311769                    /home/hchakrabar/miniconda3/envs/pt_env/lib/python3.10/site-packages/pyarrow/lib.cpython-310-x86_64-linux-gnu.so
7f71f3eab000-7f71f3f98000 r--p 002af000 fc:01 1311769                    /home/hchakrabar/miniconda3/envs/pt_env/lib/python3.10/site-packages/pyarrow/lib.cpython-310-x86_64-linux-gnu.so
7f71f3f98000-7f71f3fa7000 r--p 0039b000 fc:01 1311769                    /home/hchakrabar/miniconda3/envs/pt_env/lib/python3.10/site-packages/pyarrow/lib.cpython-310-x86_64-linux-gnu.so
7f71f3fa7000-7f71f3fcf000 rw-p 003aa000 fc:01 1311769                    /home/hchakrabar/miniconda3/envs/pt_env/lib/python3.10/site-packages/pyarrow/lib.cpython-310-x86_64-linux-gnu.so
7f71f3fcf000-7f71f40dd000 rw-p 00000000 00:00 0 
7f71f40dd000-7f71f40de000 ---p 00000000 00:00 0 
7f71f40de000-7f71f48de000 rw-p 00000000 00:00 0 
7f71f48de000-7f71f48df000 ---p 00000000 00:00 0 
7f71f48df000-7f71f50df000 rw-p 00000000 00:00 0 
7f71f50df000-7f71f50e0000 ---p 00000000 00:00 0 
7f71f50e0000-7f71f58e0000 rw-p 00000000 00:00 0 
7f71f58e0000-7f71f58e1000 ---p 00000000 00:00 0 
7f71f58e1000-7f71f60e1000 rw-p 00000000 00:00 0 
7f71f60e1000-7f71f60e2000 ---p 00000000 00:00 0 
7f71f60e2000-7f71f68e2000 rw-p 00000000 00:00 0 
7f71f68e2000-7f71f68e3000 ---p 00000000 00:00 0 
7f71f68e3000-7f71f70e3000 rw-p 00000000 00:00 0 
7f71f70e3000-7f71f70e4000 ---p 00000000 00:00 0 
7f71f70e4000-7f71f78e4000 rw-p 00000000 00:00 0 
7f71f78e4000-7f71f78e5000 ---p 00000000 00:00 0 
7f71f78e5000-7f71f80e5000 rw-p 00000000 00:00 0 
7f71f80e5000-7f71f80e6000 ---p 00000000 00:00 0 
7f71f80e6000-7f71f88e6000 rw-p 00000000 00:00 0 
7f71f88e6000-7f71f88e7000 ---p 00000000 00:00 0 
7f71f88e7000-7f71f90e7000 rw-p 00000000 00:00 0 
7f71f90e7000-7f71f90e8000 ---p 00000000 00:00 0 
7f71f90e8000-7f71f98e8000 rw-p 00000000 00:00 0 
7f71f98e8000-7f71f98e9000 ---p 00000000 00:00 0 
7f71f98e9000-7f71fa0e9000 rw-p 00000000 00:00 0 
7f71fa0e9000-7f71fa0ea000 ---p 00000000 00:00 0 
7f71fa0ea000-7f71fa8ea000 rw-p 00000000 00:00 0 
7f71fa8ea000-7f71fa8eb000 ---p 00000000 00:00 0 
7f71fa8eb000-7f71fb0eb000 rw-p 00000000 00:00 0 
7f71fb0eb000-7f71fb0ec000 ---p 00000000 00:00 0 
7f71fb0ec000-7f71fb8ec000 rw-p 00000000 00:00 0 
7f71fb8ec000-7f71fb8ed000 ---p 00000000 00:00 0 
7f71fb8ed000-7f71fc0ed000 rw-p 00000000 00:00 0 
7f71fc0ed000-7f71fc0ee000 ---p 00000000 00:00 0 
7f71fc0ee000-7f71fc8ee000 rw-p 00000000 00:00 0 
7f71fc8ee000-7f71fc8ef000 ---p 00000000 00:00 0 
7f71fc8ef000-7f71fd0ef000 rw-p 00000000 00:00 0 
7f71fd0ef000-7f71fd0f0000 ---p 00000000 00:00 0 
7f71fd0f0000-7f71fd8f0000 rw-p 00000000 00:00 0 
7f71fd8f0000-7f71fd8f1000 ---p 00000000 00:00 0 
7f71fd8f1000-7f71fe0f1000 rw-p 00000000 00:00 0 
7f71fe0f1000-7f71fe0f2000 ---p 00000000 00:00 0 
7f71fe0f2000-7f71fe8f2000 rw-p 00000000 00:00 0 
7f71fe8f2000-7f722a8f2000 rw-p 00000000 00:00 0 
7f722a8f2000-7f722a9c1000 r--p 00000000 fc:01 1302574                    /home/hchakrabar/miniconda3/envs/pt_env/lib/python3.10/site-packages/numpy.libs/libscipy_openblas64_-56d6093b.so
7f722a9c1000-7f722bcbc000 r-xp 000cf000 fc:01 1302574                    /home/hchakrabar/miniconda3/envs/pt_env/lib/python3.10/site-packages/numpy.libs/libscipy_openblas64_-56d6093b.so
7f722bcbc000-7f722bea4000 r--p 013ca000 fc:01 1302574                    /home/hchakrabar/miniconda3/envs/pt_env/lib/python3.10/site-packages/numpy.libs/libscipy_openblas64_-56d6093b.so
7f722bea4000-7f722bea5000 ---p 015b2000 fc:01 1302574                    /home/hchakrabar/miniconda3/envs/pt_env/lib/python3.10/site-packages/numpy.libs/libscipy_openblas64_-56d6093b.so
7f722bea5000-7f722bead000 r--p 015b2000 fc:01 1302574                    /home/hchakrabar/miniconda3/envs/pt_env/lib/python3.10/site-packages/numpy.libs/libscipy_openblas64_-56d6093b.so
7f722bead000-7f722bebc000 rw-p 015ba000 fc:01 1302574                    /home/hchakrabar/miniconda3/envs/pt_env/lib/python3.10/site-packages/numpy.libs/libscipy_openblas64_-56d6093b.so
7f722bebc000-7f722bec5000 rw-p 00000000 00:00 0 
7f722bec5000-7f722bec9000 ---p 015d3000 fc:01 1302574                    /home/hchakrabar/miniconda3/envs/pt_env/lib/python3.10/site-packages/numpy.libs/libscipy_openblas64_-56d6093b.so
7f722bec9000-7f722c000000 rw-p 016a6000 fc:01 1302574                    /home/hchakrabar/miniconda3/envs/pt_env/lib/python3.10/site-packages/numpy.libs/libscipy_openblas64_-56d6093b.so
7f722c000000-7f722c029000 rw-p 00000000 00:00 0 
7f722c029000-7f7230000000 ---p 00000000 00:00 0 
7f7230000000-7f7230021000 rw-p 00000000 00:00 0 
7f7230021000-7f7234000000 ---p 00000000 00:00 0 
7f7234000000-7f7234029000 rw-p 00000000 00:00 0 
7f7234029000-7f7238000000 ---p 00000000 00:00 0 
7f7238000000-7f7238021000 rw-p 00000000 00:00 0 
7f7238021000-7f723c000000 ---p 00000000 00:00 0 
7f723c000000-7f723c021000 rw-p 00000000 00:00 0 
7f723c021000-7f7240000000 ---p 00000000 00:00 0 
7f7240000000-7f7240200000 rw-p 00000000 00:00 0 
7f7240200000-7f724023b000 r-xp 00000000 fc:01 1302575                    /home/hchakrabar/miniconda3/envs/pt_env/lib/python3.10/site-packages/numpy.libs/libquadmath-96973f99-934c22de.so.0.0.0
7f724023b000-7f724043a000 ---p 0003b000 fc:01 1302575                    /home/hchakrabar/miniconda3/envs/pt_env/lib/python3.10/site-packages/numpy.libs/libquadmath-96973f99-934c22de.so.0.0.0
7f724043a000-7f724043b000 r--p 0003a000 fc:01 1302575                    /home/hchakrabar/miniconda3/envs/pt_env/lib/python3.10/site-packages/numpy.libs/libquadmath-96973f99-934c22de.so.0.0.0
7f724043b000-7f724043e000 rw-p 0003b000 fc:01 1302575                    /home/hchakrabar/miniconda3/envs/pt_env/lib/python3.10/site-packages/numpy.libs/libquadmath-96973f99-934c22de.so.0.0.0
7f724043e000-7f7240440000 r--p 00000000 fc:01 1048346                    /home/hchakrabar/miniconda3/envs/pt_env/lib/python3.10/lib-dynload/grp.cpython-310-x86_64-linux-gnu.so
7f7240440000-7f7240441000 r-xp 00002000 fc:01 1048346                    /home/hchakrabar/miniconda3/envs/pt_env/lib/python3.10/lib-dynload/grp.cpython-310-x86_64-linux-gnu.so
7f7240441000-7f7240442000 r--p 00003000 fc:01 1048346                    /home/hchakrabar/miniconda3/envs/pt_env/lib/python3.10/lib-dynload/grp.cpython-310-x86_64-linux-gnu.so
7f7240442000-7f7240443000 r--p 00003000 fc:01 1048346                    /home/hchakrabar/miniconda3/envs/pt_env/lib/python3.10/lib-dynload/grp.cpython-310-x86_64-linux-gnu.so
7f7240443000-7f7240444000 rw-p 00004000 fc:01 1048346                    /home/hchakrabar/miniconda3/envs/pt_env/lib/python3.10/lib-dynload/grp.cpython-310-x86_64-linux-gnu.so
7f7240444000-7f7240448000 r--p 00000000 fc:01 1302124                    /home/hchakrabar/miniconda3/envs/pt_env/lib/python3.10/site-packages/numpy/random/_bounded_integers.cpython-310-x86_64-linux-gnu.so
7f7240448000-7f7240489000 r-xp 00004000 fc:01 1302124                    /home/hchakrabar/miniconda3/envs/pt_env/lib/python3.10/site-packages/numpy/random/_bounded_integers.cpython-310-x86_64-linux-gnu.so
7f7240489000-7f7240492000 r--p 00045000 fc:01 1302124                    /home/hchakrabar/miniconda3/envs/pt_env/lib/python3.10/site-packages/numpy/random/_bounded_integers.cpython-310-x86_64-linux-gnu.so
7f7240492000-7f7240493000 r--p 0004d000 fc:01 1302124                    /home/hchakrabar/miniconda3/envs/pt_env/lib/python3.10/site-packages/numpy/random/_bounded_integers.cpython-310-x86_64-linux-gnu.so
7f7240493000-7f7240494000 rw-p 0004e000 fc:01 1302124                    /home/hchakrabar/miniconda3/envs/pt_env/lib/python3.10/site-packages/numpy/random/_bounded_integers.cpython-310-x86_64-linux-gnu.so
7f7240494000-7f7240495000 rw-p 00000000 00:00 0 
7f7240495000-7f7240499000 r--p 00000000 fc:01 1302128                    /home/hchakrabar/miniconda3/envs/pt_env/lib/python3.10/site-packages/numpy/random/_common.cpython-310-x86_64-linux-gnu.so
7f7240499000-7f72404c5000 r-xp 00004000 fc:01 1302128                    /home/hchakrabar/miniconda3/envs/pt_env/lib/python3.10/site-packages/numpy/random/_common.cpython-310-x86_64-linux-gnu.so
7f72404c5000-7f72404c9000 r--p 00030000 fc:01 1302128                    /home/hchakrabar/miniconda3/envs/pt_env/lib/python3.10/site-packages/numpy/random/_common.cpython-310-x86_64-linux-gnu.so
7f72404c9000-7f72404ca000 ---p 00034000 fc:01 1302128                    /home/hchakrabar/miniconda3/envs/pt_env/lib/python3.10/site-packages/numpy/random/_common.cpython-310-x86_64-linux-gnu.so
7f72404ca000-7f72404cb000 r--p 00034000 fc:01 1302128                    /home/hchakrabar/miniconda3/envs/pt_env/lib/python3.10/site-packages/numpy/random/_common.cpython-310-x86_64-linux-gnu.so
7f72404cb000-7f72404cc000 rw-p 00035000 fc:01 1302128                    /home/hchakrabar/miniconda3/envs/pt_env/lib/python3.10/site-packages/numpy/random/_common.cpython-310-x86_64-linux-gnu.so
7f72404cc000-7f72404cd000 rw-p 00000000 00:00 0 
7f72404cd000-7f72404d1000 r--p 00000000 fc:01 1301991                    /home/hchakrabar/miniconda3/envs/pt_env/lib/python3.10/site-packages/numpy/linalg/_umath_linalg.cpython-310-x86_64-linux-gnu.so
7f72404d1000-7f72404f5000 r-xp 00004000 fc:01 1301991                    /home/hchakrabar/miniconda3/envs/pt_env/lib/python3.10/site-packages/numpy/linalg/_umath_linalg.cpython-310-x86_64-linux-gnu.so
7f72404f5000-7f72404fa000 r--p 00028000 fc:01 1301991                    /home/hchakrabar/miniconda3/envs/pt_env/lib/python3.10/site-packages/numpy/linalg/_umath_linalg.cpython-310-x86_64-linux-gnu.so
7f72404fa000-7f72404fb000 ---p 0002d000 fc:01 1301991                    /home/hchakrabar/miniconda3/envs/pt_env/lib/python3.10/site-packages/numpy/linalg/_umath_linalg.cpython-310-x86_64-linux-gnu.so
7f72404fb000-7f72404fc000 r--p 0002d000 fc:01 1301991                    /home/hchakrabar/miniconda3/envs/pt_env/lib/python3.10/site-packages/numpy/linalg/_umath_linalg.cpython-310-x86_64-linux-gnu.so
7f72404fc000-7f72404fd000 rw-p 0002e000 fc:01 1301991                    /home/hchakrabar/miniconda3/envs/pt_env/lib/python3.10/site-packages/numpy/linalg/_umath_linalg.cpython-310-x86_64-linux-gnu.so
7f72404fd000-7f7240500000 rw-p 00035000 fc:01 1301991                    /home/hchakrabar/miniconda3/envs/pt_env/lib/python3.10/site-packages/numpy/linalg/_umath_linalg.cpython-310-x86_64-linux-gnu.so
7f7240500000-7f7240600000 rw-p 00000000 00:00 0 
7f7240600000-7f7240876000 r-xp 00000000 fc:01 1302573                    /home/hchakrabar/miniconda3/envs/pt_env/lib/python3.10/site-packages/numpy.libs/libgfortran-040039e1-0352e75f.so.5.0.0
7f7240876000-7f7240a75000 ---p 00276000 fc:01 1302573                    /home/hchakrabar/miniconda3/envs/pt_env/lib/python3.10/site-packages/numpy.libs/libgfortran-040039e1-0352e75f.so.5.0.0
7f7240a75000-7f7240a76000 r--p 00275000 fc:01 1302573                    /home/hchakrabar/miniconda3/envs/pt_env/lib/python3.10/site-packages/numpy.libs/libgfortran-040039e1-0352e75f.so.5.0.0
7f7240a76000-7f7240a78000 rw-p 00276000 fc:01 1302573                    /home/hchakrabar/miniconda3/envs/pt_env/lib/python3.10/site-packages/numpy.libs/libgfortran-040039e1-0352e75f.so.5.0.0
7f7240a78000-7f7240ab1000 rw-p 0027b000 fc:01 1302573                    /home/hchakrabar/miniconda3/envs/pt_env/lib/python3.10/site-packages/numpy.libs/libgfortran-040039e1-0352e75f.so.5.0.0
7f7240ab3000-7f7240adb000 r--p 00000000 fc:01 1302196                    /home/hchakrabar/miniconda3/envs/pt_env/lib/python3.10/site-packages/numpy/_core/_multiarray_umath.cpython-310-x86_64-linux-gnu.so
7f7240adb000-7f7241276000 r-xp 00028000 fc:01 1302196                    /home/hchakrabar/miniconda3/envs/pt_env/lib/python3.10/site-packages/numpy/_core/_multiarray_umath.cpython-310-x86_64-linux-gnu.so
7f7241276000-7f7241407000 r--p 007c3000 fc:01 1302196                    /home/hchakrabar/miniconda3/envs/pt_env/lib/python3.10/site-packages/numpy/_core/_multiarray_umath.cpython-310-x86_64-linux-gnu.so
7f7241407000-7f7241408000 ---p 00954000 fc:01 1302196                    /home/hchakrabar/miniconda3/envs/pt_env/lib/python3.10/site-packages/numpy/_core/_multiarray_umath.cpython-310-x86_64-linux-gnu.so
7f7241408000-7f724140b000 r--p 00954000 fc:01 1302196                    /home/hchakrabar/miniconda3/envs/pt_env/lib/python3.10/site-packages/numpy/_core/_multiarray_umath.cpython-310-x86_64-linux-gnu.so
7f724140b000-7f724142d000 rw-p 00957000 fc:01 1302196                    /home/hchakrabar/miniconda3/envs/pt_env/lib/python3.10/site-packages/numpy/_core/_multiarray_umath.cpython-310-x86_64-linux-gnu.so
7f724142d000-7f7241445000 rw-p 00000000 00:00 0 
7f7241445000-7f724144f000 rw-p 009ee000 fc:01 1302196                    /home/hchakrabar/miniconda3/envs/pt_env/lib/python3.10/site-packages/numpy/_core/_multiarray_umath.cpython-310-x86_64-linux-gnu.so
7f724144f000-7f7241450000 ---p 00000000 00:00 0 
7f7241450000-7f7241c50000 rw-p 00000000 00:00 0 
7f7242451000-7f7242751000 rw-p 00000000 00:00 0 
7f7242751000-7f7242759000 r--p 00000000 fc:01 1295954                    /home/hchakrabar/miniconda3/envs/pt_env/lib/python3.10/site-packages/debugpy/_vendored/pydevd/_pydevd_bundle/pydevd_cython.cpython-310-x86_64-linux-gnu.so
7f7242759000-7f72427ea000 r-xp 00008000 fc:01 1295954                    /home/hchakrabar/miniconda3/envs/pt_env/lib/python3.10/site-packages/debugpy/_vendored/pydevd/_pydevd_bundle/pydevd_cython.cpython-310-x86_64-linux-gnu.so
7f72427ea000-7f72427f6000 r--p 00099000 fc:01 1295954                    /home/hchakrabar/miniconda3/envs/pt_env/lib/python3.10/site-packages/debugpy/_vendored/pydevd/_pydevd_bundle/pydevd_cython.cpython-310-x86_64-linux-gnu.so
7f72427f6000-7f72427f8000 r--p 000a4000 fc:01 1295954                    /home/hchakrabar/miniconda3/envs/pt_env/lib/python3.10/site-packages/debugpy/_vendored/pydevd/_pydevd_bundle/pydevd_cython.cpython-310-x86_64-linux-gnu.so
7f72427f8000-7f72427fb000 rw-p 000a6000 fc:01 1295954                    /home/hchakrabar/miniconda3/envs/pt_env/lib/python3.10/site-packages/debugpy/_vendored/pydevd/_pydevd_bundle/pydevd_cython.cpython-310-x86_64-linux-gnu.so
7f72427fb000-7f72427fd000 rw-p 00000000 00:00 0 
7f72437ff000-7f7243800000 ---p 00000000 00:00 0 
7f7243800000-7f7244000000 rw-p 00000000 00:00 0 
7f7244000000-7f7244021000 rw-p 00000000 00:00 0 
7f7244021000-7f7248000000 ---p 00000000 00:00 0 
7f7248000000-7f7248021000 rw-p 00000000 00:00 0 
7f7248021000-7f724c000000 ---p 00000000 00:00 0 
7f724c000000-7f724c021000 rw-p 00000000 00:00 0 
7f724c021000-7f7250000000 ---p 00000000 00:00 0 
7f7250000000-7f7250021000 rw-p 00000000 00:00 0 
7f7250021000-7f7254000000 ---p 00000000 00:00 0 
7f7254000000-7f72540eb000 rw-p 00000000 00:00 0 
7f72540eb000-7f7258000000 ---p 00000000 00:00 0 
7f7258001000-7f7258003000 r--p 00000000 fc:01 1048378                    /home/hchakrabar/miniconda3/envs/pt_env/lib/python3.10/lib-dynload/_zoneinfo.cpython-310-x86_64-linux-gnu.so
7f7258003000-7f7258008000 r-xp 00002000 fc:01 1048378                    /home/hchakrabar/miniconda3/envs/pt_env/lib/python3.10/lib-dynload/_zoneinfo.cpython-310-x86_64-linux-gnu.so
7f7258008000-7f7258009000 r--p 00007000 fc:01 1048378                    /home/hchakrabar/miniconda3/envs/pt_env/lib/python3.10/lib-dynload/_zoneinfo.cpython-310-x86_64-linux-gnu.so
7f7258009000-7f725800a000 r--p 00008000 fc:01 1048378                    /home/hchakrabar/miniconda3/envs/pt_env/lib/python3.10/lib-dynload/_zoneinfo.cpython-310-x86_64-linux-gnu.so
7f725800a000-7f725800b000 rw-p 00009000 fc:01 1048378                    /home/hchakrabar/miniconda3/envs/pt_env/lib/python3.10/lib-dynload/_zoneinfo.cpython-310-x86_64-linux-gnu.so
7f725800b000-7f725800f000 r--p 00000000 fc:01 1308837                    /home/hchakrabar/miniconda3/envs/pt_env/lib/python3.10/site-packages/wrapt/_wrappers.cpython-310-x86_64-linux-gnu.so
7f725800f000-7f7258015000 r-xp 00004000 fc:01 1308837                    /home/hchakrabar/miniconda3/envs/pt_env/lib/python3.10/site-packages/wrapt/_wrappers.cpython-310-x86_64-linux-gnu.so
7f7258015000-7f7258018000 r--p 0000a000 fc:01 1308837                    /home/hchakrabar/miniconda3/envs/pt_env/lib/python3.10/site-packages/wrapt/_wrappers.cpython-310-x86_64-linux-gnu.so
7f7258018000-7f7258019000 r--p 0000c000 fc:01 1308837                    /home/hchakrabar/miniconda3/envs/pt_env/lib/python3.10/site-packages/wrapt/_wrappers.cpython-310-x86_64-linux-gnu.so
7f7258019000-7f725801b000 rw-p 0000d000 fc:01 1308837                    /home/hchakrabar/miniconda3/envs/pt_env/lib/python3.10/site-packages/wrapt/_wrappers.cpython-310-x86_64-linux-gnu.so
7f725801b000-7f725821b000 rw-p 00000000 00:00 0 
7f725821b000-7f725821c000 ---p 00000000 00:00 0 
7f725821c000-7f7258a1c000 rw-p 00000000 00:00 0 
7f725a920000-7f725a924000 ---p 00000000 00:00 0 
7f725a924000-7f725aa20000 rw-p 00000000 00:00 0 
7f725aa20000-7f725aa21000 ---p 00000000 00:00 0 
7f725aa21000-7f725b221000 rw-p 00000000 00:00 0 
7f725b221000-7f725b222000 ---p 00000000 00:00 0 
7f725b222000-7f725ba22000 rw-p 00000000 00:00 0 
7f725ba22000-7f725ba29000 r--p 00000000 fc:01 1048404                    /home/hchakrabar/miniconda3/envs/pt_env/lib/python3.10/lib-dynload/_ctypes.cpython-310-x86_64-linux-gnu.so
7f725ba29000-7f725ba37000 r-xp 00007000 fc:01 1048404                    /home/hchakrabar/miniconda3/envs/pt_env/lib/python3.10/lib-dynload/_ctypes.cpython-310-x86_64-linux-gnu.so
7f725ba37000-7f725ba3d000 r--p 00015000 fc:01 1048404                    /home/hchakrabar/miniconda3/envs/pt_env/lib/python3.10/lib-dynload/_ctypes.cpython-310-x86_64-linux-gnu.so
7f725ba3d000-7f725ba3e000 r--p 0001a000 fc:01 1048404                    /home/hchakrabar/miniconda3/envs/pt_env/lib/python3.10/lib-dynload/_ctypes.cpython-310-x86_64-linux-gnu.so
7f725ba3e000-7f725ba42000 rw-p 0001b000 fc:01 1048404                    /home/hchakrabar/miniconda3/envs/pt_env/lib/python3.10/lib-dynload/_ctypes.cpython-310-x86_64-linux-gnu.so
7f725ba42000-7f725c042000 rw-p 00000000 00:00 0 
7f725c042000-7f725c045000 r--p 00000000 fc:01 1048407                    /home/hchakrabar/miniconda3/envs/pt_env/lib/python3.10/lib-dynload/unicodedata.cpython-310-x86_64-linux-gnu.so
7f725c045000-7f725c049000 r-xp 00003000 fc:01 1048407                    /home/hchakrabar/miniconda3/envs/pt_env/lib/python3.10/lib-dynload/unicodedata.cpython-310-x86_64-linux-gnu.so
7f725c049000-7f725c151000 r--p 00007000 fc:01 1048407                    /home/hchakrabar/miniconda3/envs/pt_env/lib/python3.10/lib-dynload/unicodedata.cpython-310-x86_64-linux-gnu.so
7f725c151000-7f725c152000 r--p 0010f000 fc:01 1048407                    /home/hchakrabar/miniconda3/envs/pt_env/lib/python3.10/lib-dynload/unicodedata.cpython-310-x86_64-linux-gnu.so
7f725c152000-7f725c153000 rw-p 00110000 fc:01 1048407                    /home/hchakrabar/miniconda3/envs/pt_env/lib/python3.10/lib-dynload/unicodedata.cpython-310-x86_64-linux-gnu.so
7f725c153000-7f725c553000 rw-p 00000000 00:00 0 
7f725c553000-7f725c565000 r--p 00000000 fc:01 1034096                    /home/hchakrabar/miniconda3/envs/pt_env/lib/libsqlite3.so.3.51.0
7f725c565000-7f725c661000 r-xp 00012000 fc:01 1034096                    /home/hchakrabar/miniconda3/envs/pt_env/lib/libsqlite3.so.3.51.0
7f725c661000-7f725c694000 r--p 0010e000 fc:01 1034096                    /home/hchakrabar/miniconda3/envs/pt_env/lib/libsqlite3.so.3.51.0
7f725c694000-7f725c698000 r--p 00140000 fc:01 1034096                    /home/hchakrabar/miniconda3/envs/pt_env/lib/libsqlite3.so.3.51.0
7f725c698000-7f725c69c000 rw-p 00144000 fc:01 1034096                    /home/hchakrabar/miniconda3/envs/pt_env/lib/libsqlite3.so.3.51.0
7f725c69c000-7f725c79d000 rw-p 00000000 00:00 0 
7f725c79d000-7f725c79e000 r--p 00000000 00:00 0 
7f725c79e000-7f725c79f000 rw-s 00000000 00:1b 3                          /dev/shm/sem.wxgfaX (deleted)
7f725c79f000-7f725c7a0000 r--s 00000000 00:05 671                        /dev/nvidiactl
7f725c7a0000-7f725c7a1000 r--p 00000000 fc:01 1303163                    /home/hchakrabar/miniconda3/envs/pt_env/lib/python3.10/site-packages/pandas/_libs/pandas_datetime.cpython-310-x86_64-linux-gnu.so
7f725c7a1000-7f725c7a7000 r-xp 00001000 fc:01 1303163                    /home/hchakrabar/miniconda3/envs/pt_env/lib/python3.10/site-packages/pandas/_libs/pandas_datetime.cpython-310-x86_64-linux-gnu.so
7f725c7a7000-7f725c7a8000 r--p 00007000 fc:01 1303163                    /home/hchakrabar/miniconda3/envs/pt_env/lib/python3.10/site-packages/pandas/_libs/pandas_datetime.cpython-310-x86_64-linux-gnu.so
7f725c7a8000-7f725c7a9000 r--p 00008000 fc:01 1303163                    /home/hchakrabar/miniconda3/envs/pt_env/lib/python3.10/site-packages/pandas/_libs/pandas_datetime.cpython-310-x86_64-linux-gnu.so
7f725c7a9000-7f725c7aa000 rw-p 00009000 fc:01 1303163                    /home/hchakrabar/miniconda3/envs/pt_env/lib/python3.10/site-packages/pandas/_libs/pandas_datetime.cpython-310-x86_64-linux-gnu.so
7f725c7aa000-7f725c7b0000 r--p 00000000 fc:01 1302123                    /home/hchakrabar/miniconda3/envs/pt_env/lib/python3.10/site-packages/numpy/random/bit_generator.cpython-310-x86_64-linux-gnu.so
7f725c7b0000-7f725c7cf000 r-xp 00006000 fc:01 1302123                    /home/hchakrabar/miniconda3/envs/pt_env/lib/python3.10/site-packages/numpy/random/bit_generator.cpython-310-x86_64-linux-gnu.so
7f725c7cf000-7f725c7d9000 r--p 00025000 fc:01 1302123                    /home/hchakrabar/miniconda3/envs/pt_env/lib/python3.10/site-packages/numpy/random/bit_generator.cpython-310-x86_64-linux-gnu.so
7f725c7d9000-7f725c7da000 ---p 0002f000 fc:01 1302123                    /home/hchakrabar/miniconda3/envs/pt_env/lib/python3.10/site-packages/numpy/random/bit_generator.cpython-310-x86_64-linux-gnu.so
7f725c7da000-7f725c7db000 r--p 0002f000 fc:01 1302123                    /home/hchakrabar/miniconda3/envs/pt_env/lib/python3.10/site-packages/numpy/random/bit_generator.cpython-310-x86_64-linux-gnu.so
7f725c7db000-7f725c7dd000 rw-p 00030000 fc:01 1302123                    /home/hchakrabar/miniconda3/envs/pt_env/lib/python3.10/site-packages/numpy/random/bit_generator.cpython-310-x86_64-linux-gnu.so
7f725c7dd000-7f725ccde000 rw-p 00000000 00:00 0 
7f725ccde000-7f725cce1000 r--p 00000000 fc:01 1048374                    /home/hchakrabar/miniconda3/envs/pt_env/lib/python3.10/lib-dynload/_csv.cpython-310-x86_64-linux-gnu.so
7f725cce1000-7f725cce6000 r-xp 00003000 fc:01 1048374                    /home/hchakrabar/miniconda3/envs/pt_env/lib/python3.10/lib-dynload/_csv.cpython-310-x86_64-linux-gnu.so
7f725cce6000-7f725cce9000 r--p 00008000 fc:01 1048374                    /home/hchakrabar/miniconda3/envs/pt_env/lib/python3.10/lib-dynload/_csv.cpython-310-x86_64-linux-gnu.so
7f725cce9000-7f725ccea000 r--p 0000a000 fc:01 1048374                    /home/hchakrabar/miniconda3/envs/pt_env/lib/python3.10/lib-dynload/_csv.cpython-310-x86_64-linux-gnu.so
7f725ccea000-7f725cceb000 rw-p 0000b000 fc:01 1048374                    /home/hchakrabar/miniconda3/envs/pt_env/lib/python3.10/lib-dynload/_csv.cpython-310-x86_64-linux-gnu.so
7f725cceb000-7f725cced000 r--p 00000000 fc:01 1033694                    /home/hchakrabar/miniconda3/envs/pt_env/lib/libuuid.so.1.3.0
7f725cced000-7f725ccf1000 r-xp 00002000 fc:01 1033694                    /home/hchakrabar/miniconda3/envs/pt_env/lib/libuuid.so.1.3.0
7f725ccf1000-7f725ccf2000 r--p 00006000 fc:01 1033694                    /home/hchakrabar/miniconda3/envs/pt_env/lib/libuuid.so.1.3.0
7f725ccf2000-7f725ccf3000 r--p 00006000 fc:01 1033694                    /home/hchakrabar/miniconda3/envs/pt_env/lib/libuuid.so.1.3.0
7f725ccf3000-7f725ccf4000 rw-p 00007000 fc:01 1033694                    /home/hchakrabar/miniconda3/envs/pt_env/lib/libuuid.so.1.3.0
7f725ccf4000-7f725cdf4000 rw-p 00000000 00:00 0 
7f725cdf4000-7f725cdf8000 r--p 00000000 fc:01 839669                     /home/hchakrabar/miniconda3/envs/pt_env/lib/liblzma.so.5.6.4
7f725cdf8000-7f725ce16000 r-xp 00004000 fc:01 839669                     /home/hchakrabar/miniconda3/envs/pt_env/lib/liblzma.so.5.6.4
7f725ce16000-7f725ce22000 r--p 00022000 fc:01 839669                     /home/hchakrabar/miniconda3/envs/pt_env/lib/liblzma.so.5.6.4
7f725ce22000-7f725ce23000 r--p 0002e000 fc:01 839669                     /home/hchakrabar/miniconda3/envs/pt_env/lib/liblzma.so.5.6.4
7f725ce23000-7f725ce24000 rw-p 0002f000 fc:01 839669                     /home/hchakrabar/miniconda3/envs/pt_env/lib/liblzma.so.5.6.4
7f725ce24000-7f725ce27000 r--p 00000000 fc:01 1048376                    /home/hchakrabar/miniconda3/envs/pt_env/lib/python3.10/lib-dynload/_lzma.cpython-310-x86_64-linux-gnu.so
7f725ce27000-7f725ce2b000 r-xp 00003000 fc:01 1048376                    /home/hchakrabar/miniconda3/envs/pt_env/lib/python3.10/lib-dynload/_lzma.cpython-310-x86_64-linux-gnu.so
7f725ce2b000-7f725ce2e000 r--p 00007000 fc:01 1048376                    /home/hchakrabar/miniconda3/envs/pt_env/lib/python3.10/lib-dynload/_lzma.cpython-310-x86_64-linux-gnu.so
7f725ce2e000-7f725ce2f000 r--p 00009000 fc:01 1048376                    /home/hchakrabar/miniconda3/envs/pt_env/lib/python3.10/lib-dynload/_lzma.cpython-310-x86_64-linux-gnu.so
7f725ce2f000-7f725ce30000 rw-p 0000a000 fc:01 1048376                    /home/hchakrabar/miniconda3/envs/pt_env/lib/python3.10/lib-dynload/_lzma.cpython-310-x86_64-linux-gnu.so
7f725ce30000-7f725ce32000 r--p 00000000 fc:01 1032880                    /home/hchakrabar/miniconda3/envs/pt_env/lib/libbz2.so.1.0.8
7f725ce32000-7f725ce40000 r-xp 00002000 fc:01 1032880                    /home/hchakrabar/miniconda3/envs/pt_env/lib/libbz2.so.1.0.8
7f725ce40000-7f725ce42000 r--p 00010000 fc:01 1032880                    /home/hchakrabar/miniconda3/envs/pt_env/lib/libbz2.so.1.0.8
7f725ce42000-7f725ce43000 r--p 00011000 fc:01 1032880                    /home/hchakrabar/miniconda3/envs/pt_env/lib/libbz2.so.1.0.8
7f725ce43000-7f725ce44000 rw-p 00012000 fc:01 1032880                    /home/hchakrabar/miniconda3/envs/pt_env/lib/libbz2.so.1.0.8
7f725ce44000-7f725ce4b000 r--p 00000000 fc:01 1048408                    /home/hchakrabar/miniconda3/envs/pt_env/lib/python3.10/lib-dynload/_decimal.cpython-310-x86_64-linux-gnu.so
7f725ce4b000-7f725ce7c000 r-xp 00007000 fc:01 1048408                    /home/hchakrabar/miniconda3/envs/pt_env/lib/python3.10/lib-dynload/_decimal.cpython-310-x86_64-linux-gnu.so
7f725ce7c000-7f725ce8c000 r--p 00038000 fc:01 1048408                    /home/hchakrabar/miniconda3/envs/pt_env/lib/python3.10/lib-dynload/_decimal.cpython-310-x86_64-linux-gnu.so
7f725ce8c000-7f725ce8d000 r--p 00047000 fc:01 1048408                    /home/hchakrabar/miniconda3/envs/pt_env/lib/python3.10/lib-dynload/_decimal.cpython-310-x86_64-linux-gnu.so
7f725ce8d000-7f725ce90000 rw-p 00048000 fc:01 1048408                    /home/hchakrabar/miniconda3/envs/pt_env/lib/python3.10/lib-dynload/_decimal.cpython-310-x86_64-linux-gnu.so
7f725ce90000-7f725cf90000 rw-p 00000000 00:00 0 
7f725cf90000-7f725cfa1000 r--p 00000000 fc:01 1291344                    /home/hchakrabar/miniconda3/envs/pt_env/lib/libtinfow.so.6.5
7f725cfa1000-7f725cfbe000 r-xp 00011000 fc:01 1291344                    /home/hchakrabar/miniconda3/envs/pt_env/lib/libtinfow.so.6.5
7f725cfbe000-7f725cfcf000 r--p 0002e000 fc:01 1291344                    /home/hchakrabar/miniconda3/envs/pt_env/lib/libtinfow.so.6.5
7f725cfcf000-7f725cfd3000 r--p 0003f000 fc:01 1291344                    /home/hchakrabar/miniconda3/envs/pt_env/lib/libtinfow.so.6.5
7f725cfd3000-7f725cfd4000 rw-p 00043000 fc:01 1291344                    /home/hchakrabar/miniconda3/envs/pt_env/lib/libtinfow.so.6.5
7f725cfd4000-7f725cfe0000 r--p 00000000 fc:01 843853                     /home/hchakrabar/miniconda3/envs/pt_env/lib/libncursesw.so.6.5
7f725cfe0000-7f725d006000 r-xp 0000c000 fc:01 843853                     /home/hchakrabar/miniconda3/envs/pt_env/lib/libncursesw.so.6.5
7f725d006000-7f725d00e000 r--p 00032000 fc:01 843853                     /home/hchakrabar/miniconda3/envs/pt_env/lib/libncursesw.so.6.5
7f725d00e000-7f725d00f000 r--p 0003a000 fc:01 843853                     /home/hchakrabar/miniconda3/envs/pt_env/lib/libncursesw.so.6.5
7f725d00f000-7f725d010000 rw-p 0003b000 fc:01 843853                     /home/hchakrabar/miniconda3/envs/pt_env/lib/libncursesw.so.6.5
7f725d010000-7f725d018000 r--p 00000000 fc:01 1048400                    /home/hchakrabar/miniconda3/envs/pt_env/lib/python3.10/lib-dynload/_curses.cpython-310-x86_64-linux-gnu.so
7f725d018000-7f725d025000 r-xp 00008000 fc:01 1048400                    /home/hchakrabar/miniconda3/envs/pt_env/lib/python3.10/lib-dynload/_curses.cpython-310-x86_64-linux-gnu.so
7f725d025000-7f725d030000 r--p 00015000 fc:01 1048400                    /home/hchakrabar/miniconda3/envs/pt_env/lib/python3.10/lib-dynload/_curses.cpython-310-x86_64-linux-gnu.so
7f725d030000-7f725d031000 r--p 0001f000 fc:01 1048400                    /home/hchakrabar/miniconda3/envs/pt_env/lib/python3.10/lib-dynload/_curses.cpython-310-x86_64-linux-gnu.so
7f725d031000-7f725d033000 rw-p 00020000 fc:01 1048400                    /home/hchakrabar/miniconda3/envs/pt_env/lib/python3.10/lib-dynload/_curses.cpython-310-x86_64-linux-gnu.so
7f725d033000-7f725d133000 rw-p 00000000 00:00 0 
7f725d133000-7f725d134000 r--s 00000000 00:05 671                        /dev/nvidiactl
7f725d134000-7f725d136000 r--p 00000000 fc:01 1303164                    /home/hchakrabar/miniconda3/envs/pt_env/lib/python3.10/site-packages/pandas/_libs/pandas_parser.cpython-310-x86_64-linux-gnu.so
7f725d136000-7f725d13c000 r-xp 00002000 fc:01 1303164                    /home/hchakrabar/miniconda3/envs/pt_env/lib/python3.10/site-packages/pandas/_libs/pandas_parser.cpython-310-x86_64-linux-gnu.so
7f725d13c000-7f725d13e000 r--p 00008000 fc:01 1303164                    /home/hchakrabar/miniconda3/envs/pt_env/lib/python3.10/site-packages/pandas/_libs/pandas_parser.cpython-310-x86_64-linux-gnu.so
7f725d13e000-7f725d13f000 r--p 00009000 fc:01 1303164                    /home/hchakrabar/miniconda3/envs/pt_env/lib/python3.10/site-packages/pandas/_libs/pandas_parser.cpython-310-x86_64-linux-gnu.so
7f725d13f000-7f725d140000 rw-p 0000a000 fc:01 1303164                    /home/hchakrabar/miniconda3/envs/pt_env/lib/python3.10/site-packages/pandas/_libs/pandas_parser.cpython-310-x86_64-linux-gnu.so
7f725d140000-7f725d143000 r--p 00000000 fc:01 1034666                    /home/hchakrabar/miniconda3/envs/pt_env/lib/libffi.so.8.1.2
7f725d143000-7f725d14d000 r-xp 00003000 fc:01 1034666                    /home/hchakrabar/miniconda3/envs/pt_env/lib/libffi.so.8.1.2
7f725d14d000-7f725d14f000 r--p 0000d000 fc:01 1034666                    /home/hchakrabar/miniconda3/envs/pt_env/lib/libffi.so.8.1.2
7f725d14f000-7f725d150000 r--p 0000e000 fc:01 1034666                    /home/hchakrabar/miniconda3/envs/pt_env/lib/libffi.so.8.1.2
7f725d150000-7f725d151000 rw-p 0000f000 fc:01 1034666                    /home/hchakrabar/miniconda3/envs/pt_env/lib/libffi.so.8.1.2
7f725d151000-7f725d154000 r--p 00000000 fc:01 1295628                    /home/hchakrabar/miniconda3/envs/pt_env/lib/python3.10/site-packages/psutil/_psutil_linux.abi3.so
7f725d154000-7f725d157000 r-xp 00003000 fc:01 1295628                    /home/hchakrabar/miniconda3/envs/pt_env/lib/python3.10/site-packages/psutil/_psutil_linux.abi3.so
7f725d157000-7f725d158000 r--p 00006000 fc:01 1295628                    /home/hchakrabar/miniconda3/envs/pt_env/lib/python3.10/site-packages/psutil/_psutil_linux.abi3.so
7f725d158000-7f725d159000 r--p 00007000 fc:01 1295628                    /home/hchakrabar/miniconda3/envs/pt_env/lib/python3.10/site-packages/psutil/_psutil_linux.abi3.so
7f725d159000-7f725d15a000 rw-p 00008000 fc:01 1295628                    /home/hchakrabar/miniconda3/envs/pt_env/lib/python3.10/site-packages/psutil/_psutil_linux.abi3.so
7f725d15a000-7f725d15c000 r--p 00000000 fc:01 1048345                    /home/hchakrabar/miniconda3/envs/pt_env/lib/python3.10/lib-dynload/resource.cpython-310-x86_64-linux-gnu.so
7f725d15c000-7f725d15d000 r-xp 00002000 fc:01 1048345                    /home/hchakrabar/miniconda3/envs/pt_env/lib/python3.10/lib-dynload/resource.cpython-310-x86_64-linux-gnu.so
7f725d15d000-7f725d15e000 r--p 00003000 fc:01 1048345                    /home/hchakrabar/miniconda3/envs/pt_env/lib/python3.10/lib-dynload/resource.cpython-310-x86_64-linux-gnu.so
7f725d15e000-7f725d15f000 r--p 00003000 fc:01 1048345                    /home/hchakrabar/miniconda3/envs/pt_env/lib/python3.10/lib-dynload/resource.cpython-310-x86_64-linux-gnu.so
7f725d15f000-7f725d160000 rw-p 00004000 fc:01 1048345                    /home/hchakrabar/miniconda3/envs/pt_env/lib/python3.10/lib-dynload/resource.cpython-310-x86_64-linux-gnu.so
7f725d160000-7f725d162000 r--p 00000000 fc:01 1048364                    /home/hchakrabar/miniconda3/envs/pt_env/lib/python3.10/lib-dynload/_lsprof.cpython-310-x86_64-linux-gnu.so
7f725d162000-7f725d164000 r-xp 00002000 fc:01 1048364                    /home/hchakrabar/miniconda3/envs/pt_env/lib/python3.10/lib-dynload/_lsprof.cpython-310-x86_64-linux-gnu.so
7f725d164000-7f725d165000 r--p 00004000 fc:01 1048364                    /home/hchakrabar/miniconda3/envs/pt_env/lib/python3.10/lib-dynload/_lsprof.cpython-310-x86_64-linux-gnu.so
7f725d165000-7f725d166000 r--p 00005000 fc:01 1048364                    /home/hchakrabar/miniconda3/envs/pt_env/lib/python3.10/lib-dynload/_lsprof.cpython-310-x86_64-linux-gnu.so
7f725d166000-7f725d167000 rw-p 00006000 fc:01 1048364                    /home/hchakrabar/miniconda3/envs/pt_env/lib/python3.10/lib-dynload/_lsprof.cpython-310-x86_64-linux-gnu.so
7f725d167000-7f725d16c000 r--p 00000000 fc:01 1048406                    /home/hchakrabar/miniconda3/envs/pt_env/lib/python3.10/lib-dynload/pyexpat.cpython-310-x86_64-linux-gnu.so
7f725d16c000-7f725d198000 r-xp 00005000 fc:01 1048406                    /home/hchakrabar/miniconda3/envs/pt_env/lib/python3.10/lib-dynload/pyexpat.cpython-310-x86_64-linux-gnu.so
7f725d198000-7f725d1a4000 r--p 00031000 fc:01 1048406                    /home/hchakrabar/miniconda3/envs/pt_env/lib/python3.10/lib-dynload/pyexpat.cpython-310-x86_64-linux-gnu.so
7f725d1a4000-7f725d1a6000 r--p 0003d000 fc:01 1048406                    /home/hchakrabar/miniconda3/envs/pt_env/lib/python3.10/lib-dynload/pyexpat.cpython-310-x86_64-linux-gnu.so
7f725d1a6000-7f725d1a8000 rw-p 0003f000 fc:01 1048406                    /home/hchakrabar/miniconda3/envs/pt_env/lib/python3.10/lib-dynload/pyexpat.cpython-310-x86_64-linux-gnu.so
7f725d1a8000-7f725d1af000 r--p 00000000 fc:01 1048401                    /home/hchakrabar/miniconda3/envs/pt_env/lib/python3.10/lib-dynload/_sqlite3.cpython-310-x86_64-linux-gnu.so
7f725d1af000-7f725d1bc000 r-xp 00007000 fc:01 1048401                    /home/hchakrabar/miniconda3/envs/pt_env/lib/python3.10/lib-dynload/_sqlite3.cpython-310-x86_64-linux-gnu.so
7f725d1bc000-7f725d1c1000 r--p 00014000 fc:01 1048401                    /home/hchakrabar/miniconda3/envs/pt_env/lib/python3.10/lib-dynload/_sqlite3.cpython-310-x86_64-linux-gnu.so
7f725d1c1000-7f725d1c2000 r--p 00019000 fc:01 1048401                    /home/hchakrabar/miniconda3/envs/pt_env/lib/python3.10/lib-dynload/_sqlite3.cpython-310-x86_64-linux-gnu.so
7f725d1c2000-7f725d1c4000 rw-p 0001a000 fc:01 1048401                    /home/hchakrabar/miniconda3/envs/pt_env/lib/python3.10/lib-dynload/_sqlite3.cpython-310-x86_64-linux-gnu.so
7f725d1c4000-7f725d1c6000 r--p 00000000 fc:01 1048393                    /home/hchakrabar/miniconda3/envs/pt_env/lib/python3.10/lib-dynload/_blake2.cpython-310-x86_64-linux-gnu.so
7f725d1c6000-7f725d1ce000 r-xp 00002000 fc:01 1048393                    /home/hchakrabar/miniconda3/envs/pt_env/lib/python3.10/lib-dynload/_blake2.cpython-310-x86_64-linux-gnu.so
7f725d1ce000-7f725d1d0000 r--p 0000a000 fc:01 1048393                    /home/hchakrabar/miniconda3/envs/pt_env/lib/python3.10/lib-dynload/_blake2.cpython-310-x86_64-linux-gnu.so
7f725d1d0000-7f725d1d1000 r--p 0000b000 fc:01 1048393                    /home/hchakrabar/miniconda3/envs/pt_env/lib/python3.10/lib-dynload/_blake2.cpython-310-x86_64-linux-gnu.so
7f725d1d1000-7f725d1d2000 rw-p 0000c000 fc:01 1048393                    /home/hchakrabar/miniconda3/envs/pt_env/lib/python3.10/lib-dynload/_blake2.cpython-310-x86_64-linux-gnu.so
7f725d1d2000-7f725d1d6000 r--p 00000000 fc:01 1048387                    /home/hchakrabar/miniconda3/envs/pt_env/lib/python3.10/lib-dynload/_hashlib.cpython-310-x86_64-linux-gnu.so
7f725d1d6000-7f725d1dc000 r-xp 00004000 fc:01 1048387                    /home/hchakrabar/miniconda3/envs/pt_env/lib/python3.10/lib-dynload/_hashlib.cpython-310-x86_64-linux-gnu.so
7f725d1dc000-7f725d1e0000 r--p 0000a000 fc:01 1048387                    /home/hchakrabar/miniconda3/envs/pt_env/lib/python3.10/lib-dynload/_hashlib.cpython-310-x86_64-linux-gnu.so
7f725d1e0000-7f725d1e1000 r--p 0000e000 fc:01 1048387                    /home/hchakrabar/miniconda3/envs/pt_env/lib/python3.10/lib-dynload/_hashlib.cpython-310-x86_64-linux-gnu.so
7f725d1e1000-7f725d1e2000 rw-p 0000f000 fc:01 1048387                    /home/hchakrabar/miniconda3/envs/pt_env/lib/python3.10/lib-dynload/_hashlib.cpython-310-x86_64-linux-gnu.so
7f725d1e2000-7f725d1e4000 r--p 00000000 fc:01 1048347                    /home/hchakrabar/miniconda3/envs/pt_env/lib/python3.10/lib-dynload/_queue.cpython-310-x86_64-linux-gnu.so
7f725d1e4000-7f725d1e5000 r-xp 00002000 fc:01 1048347                    /home/hchakrabar/miniconda3/envs/pt_env/lib/python3.10/lib-dynload/_queue.cpython-310-x86_64-linux-gnu.so
7f725d1e5000-7f725d1e6000 r--p 00003000 fc:01 1048347                    /home/hchakrabar/miniconda3/envs/pt_env/lib/python3.10/lib-dynload/_queue.cpython-310-x86_64-linux-gnu.so
7f725d1e6000-7f725d1e7000 r--p 00003000 fc:01 1048347                    /home/hchakrabar/miniconda3/envs/pt_env/lib/python3.10/lib-dynload/_queue.cpython-310-x86_64-linux-gnu.so
7f725d1e7000-7f725d1e8000 rw-p 00004000 fc:01 1048347                    /home/hchakrabar/miniconda3/envs/pt_env/lib/python3.10/lib-dynload/_queue.cpython-310-x86_64-linux-gnu.so
7f725d1e8000-7f725d3e8000 rw-p 00000000 00:00 0 
7f725d3e8000-7f725d3ed000 r--p 00000000 fc:01 1048390                    /home/hchakrabar/miniconda3/envs/pt_env/lib/python3.10/lib-dynload/_asyncio.cpython-310-x86_64-linux-gnu.so
7f725d3ed000-7f725d3f2000 r-xp 00005000 fc:01 1048390                    /home/hchakrabar/miniconda3/envs/pt_env/lib/python3.10/lib-dynload/_asyncio.cpython-310-x86_64-linux-gnu.so
7f725d3f2000-7f725d3f6000 r--p 0000a000 fc:01 1048390                    /home/hchakrabar/miniconda3/envs/pt_env/lib/python3.10/lib-dynload/_asyncio.cpython-310-x86_64-linux-gnu.so
7f725d3f6000-7f725d3f7000 r--p 0000d000 fc:01 1048390                    /home/hchakrabar/miniconda3/envs/pt_env/lib/python3.10/lib-dynload/_asyncio.cpython-310-x86_64-linux-gnu.so
7f725d3f7000-7f725d3f9000 rw-p 0000e000 fc:01 1048390                    /home/hchakrabar/miniconda3/envs/pt_env/lib/python3.10/lib-dynload/_asyncio.cpython-310-x86_64-linux-gnu.so
7f725d3f9000-7f725d3fa000 r--p 00000000 fc:01 1048336                    /home/hchakrabar/miniconda3/envs/pt_env/lib/python3.10/lib-dynload/_contextvars.cpython-310-x86_64-linux-gnu.so
7f725d3fa000-7f725d3fb000 r-xp 00001000 fc:01 1048336                    /home/hchakrabar/miniconda3/envs/pt_env/lib/python3.10/lib-dynload/_contextvars.cpython-310-x86_64-linux-gnu.so
7f725d3fb000-7f725d3fc000 r--p 00002000 fc:01 1048336                    /home/hchakrabar/miniconda3/envs/pt_env/lib/python3.10/lib-dynload/_contextvars.cpython-310-x86_64-linux-gnu.so
7f725d3fc000-7f725d3fd000 r--p 00002000 fc:01 1048336                    /home/hchakrabar/miniconda3/envs/pt_env/lib/python3.10/lib-dynload/_contextvars.cpython-310-x86_64-linux-gnu.so
7f725d3fd000-7f725d3fe000 rw-p 00003000 fc:01 1048336                    /home/hchakrabar/miniconda3/envs/pt_env/lib/python3.10/lib-dynload/_contextvars.cpython-310-x86_64-linux-gnu.so
7f725d3fe000-7f725d3ff000 r--p 00000000 fc:01 1048337                    /home/hchakrabar/miniconda3/envs/pt_env/lib/python3.10/lib-dynload/_opcode.cpython-310-x86_64-linux-gnu.so
7f725d3ff000-7f725d400000 r-xp 00001000 fc:01 1048337                    /home/hchakrabar/miniconda3/envs/pt_env/lib/python3.10/lib-dynload/_opcode.cpython-310-x86_64-linux-gnu.so
7f725d400000-7f725d401000 r--p 00002000 fc:01 1048337                    /home/hchakrabar/miniconda3/envs/pt_env/lib/python3.10/lib-dynload/_opcode.cpython-310-x86_64-linux-gnu.so
7f725d401000-7f725d402000 r--p 00002000 fc:01 1048337                    /home/hchakrabar/miniconda3/envs/pt_env/lib/python3.10/lib-dynload/_opcode.cpython-310-x86_64-linux-gnu.so
7f725d402000-7f725d403000 rw-p 00003000 fc:01 1048337                    /home/hchakrabar/miniconda3/envs/pt_env/lib/python3.10/lib-dynload/_opcode.cpython-310-x86_64-linux-gnu.so
7f725d403000-7f725d406000 r--p 00000000 fc:01 1036172                    /home/hchakrabar/miniconda3/envs/pt_env/lib/libz.so.1.3.1
7f725d406000-7f725d414000 r-xp 00003000 fc:01 1036172                    /home/hchakrabar/miniconda3/envs/pt_env/lib/libz.so.1.3.1
7f725d414000-7f725d41b000 r--p 00011000 fc:01 1036172                    /home/hchakrabar/miniconda3/envs/pt_env/lib/libz.so.1.3.1
7f725d41b000-7f725d41c000 r--p 00017000 fc:01 1036172                    /home/hchakrabar/miniconda3/envs/pt_env/lib/libz.so.1.3.1
7f725d41c000-7f725d41d000 rw-p 00018000 fc:01 1036172                    /home/hchakrabar/miniconda3/envs/pt_env/lib/libz.so.1.3.1
7f725d41d000-7f725d41f000 r--p 00000000 fc:01 1048372                    /home/hchakrabar/miniconda3/envs/pt_env/lib/python3.10/lib-dynload/binascii.cpython-310-x86_64-linux-gnu.so
7f725d41f000-7f725d424000 r-xp 00002000 fc:01 1048372                    /home/hchakrabar/miniconda3/envs/pt_env/lib/python3.10/lib-dynload/binascii.cpython-310-x86_64-linux-gnu.so
7f725d424000-7f725d426000 r--p 00007000 fc:01 1048372                    /home/hchakrabar/miniconda3/envs/pt_env/lib/python3.10/lib-dynload/binascii.cpython-310-x86_64-linux-gnu.so
7f725d426000-7f725d427000 r--p 00009000 fc:01 1048372                    /home/hchakrabar/miniconda3/envs/pt_env/lib/python3.10/lib-dynload/binascii.cpython-310-x86_64-linux-gnu.so
7f725d427000-7f725d428000 rw-p 0000a000 fc:01 1048372                    /home/hchakrabar/miniconda3/envs/pt_env/lib/python3.10/lib-dynload/binascii.cpython-310-x86_64-linux-gnu.so
7f725d428000-7f725d4e0000 r--p 00000000 fc:01 1291512                    /home/hchakrabar/miniconda3/envs/pt_env/lib/libcrypto.so.3
7f725d4e0000-7f725d73d000 r-xp 000b8000 fc:01 1291512                    /home/hchakrabar/miniconda3/envs/pt_env/lib/libcrypto.so.3
7f725d73d000-7f725d817000 r--p 00315000 fc:01 1291512                    /home/hchakrabar/miniconda3/envs/pt_env/lib/libcrypto.so.3
7f725d817000-7f725d873000 r--p 003ee000 fc:01 1291512                    /home/hchakrabar/miniconda3/envs/pt_env/lib/libcrypto.so.3
7f725d873000-7f725d876000 rw-p 0044a000 fc:01 1291512                    /home/hchakrabar/miniconda3/envs/pt_env/lib/libcrypto.so.3
7f725d876000-7f725d879000 rw-p 00000000 00:00 0 
7f725d879000-7f725d89a000 r--p 00000000 fc:01 840574                     /home/hchakrabar/miniconda3/envs/pt_env/lib/libssl.so.3
7f725d89a000-7f725d8f1000 r-xp 00021000 fc:01 840574                     /home/hchakrabar/miniconda3/envs/pt_env/lib/libssl.so.3
7f725d8f1000-7f725d910000 r--p 00078000 fc:01 840574                     /home/hchakrabar/miniconda3/envs/pt_env/lib/libssl.so.3
7f725d910000-7f725d91a000 r--p 00096000 fc:01 840574                     /home/hchakrabar/miniconda3/envs/pt_env/lib/libssl.so.3
7f725d91a000-7f725d91e000 rw-p 000a0000 fc:01 840574                     /home/hchakrabar/miniconda3/envs/pt_env/lib/libssl.so.3
7f725d91e000-7f725d931000 r--p 00000000 fc:01 1048402                    /home/hchakrabar/miniconda3/envs/pt_env/lib/python3.10/lib-dynload/_ssl.cpython-310-x86_64-linux-gnu.so
7f725d931000-7f725d93b000 r-xp 00013000 fc:01 1048402                    /home/hchakrabar/miniconda3/envs/pt_env/lib/python3.10/lib-dynload/_ssl.cpython-310-x86_64-linux-gnu.so
7f725d93b000-7f725d949000 r--p 0001d000 fc:01 1048402                    /home/hchakrabar/miniconda3/envs/pt_env/lib/python3.10/lib-dynload/_ssl.cpython-310-x86_64-linux-gnu.so
7f725d949000-7f725d94a000 r--p 0002b000 fc:01 1048402                    /home/hchakrabar/miniconda3/envs/pt_env/lib/python3.10/lib-dynload/_ssl.cpython-310-x86_64-linux-gnu.so
7f725d94a000-7f725d952000 rw-p 0002c000 fc:01 1048402                    /home/hchakrabar/miniconda3/envs/pt_env/lib/python3.10/lib-dynload/_ssl.cpython-310-x86_64-linux-gnu.so
7f725d952000-7f725da52000 rw-p 00000000 00:00 0 
7f725da52000-7f725da56000 r--p 00000000 fc:01 1048391                    /home/hchakrabar/miniconda3/envs/pt_env/lib/python3.10/lib-dynload/array.cpython-310-x86_64-linux-gnu.so
7f725da56000-7f725da5d000 r-xp 00004000 fc:01 1048391                    /home/hchakrabar/miniconda3/envs/pt_env/lib/python3.10/lib-dynload/array.cpython-310-x86_64-linux-gnu.so
7f725da5d000-7f725da61000 r--p 0000b000 fc:01 1048391                    /home/hchakrabar/miniconda3/envs/pt_env/lib/python3.10/lib-dynload/array.cpython-310-x86_64-linux-gnu.so
7f725da61000-7f725da62000 r--p 0000f000 fc:01 1048391                    /home/hchakrabar/miniconda3/envs/pt_env/lib/python3.10/lib-dynload/array.cpython-310-x86_64-linux-gnu.so
7f725da62000-7f725da63000 rw-p 00010000 fc:01 1048391                    /home/hchakrabar/miniconda3/envs/pt_env/lib/python3.10/lib-dynload/array.cpython-310-x86_64-linux-gnu.so
7f725da63000-7f725da68000 r--p 00000000 fc:01 1048395                    /home/hchakrabar/miniconda3/envs/pt_env/lib/python3.10/lib-dynload/_socket.cpython-310-x86_64-linux-gnu.so
7f725da68000-7f725da71000 r-xp 00005000 fc:01 1048395                    /home/hchakrabar/miniconda3/envs/pt_env/lib/python3.10/lib-dynload/_socket.cpython-310-x86_64-linux-gnu.so
7f725da71000-7f725da79000 r--p 0000e000 fc:01 1048395                    /home/hchakrabar/miniconda3/envs/pt_env/lib/python3.10/lib-dynload/_socket.cpython-310-x86_64-linux-gnu.so
7f725da79000-7f725da7a000 r--p 00016000 fc:01 1048395                    /home/hchakrabar/miniconda3/envs/pt_env/lib/python3.10/lib-dynload/_socket.cpython-310-x86_64-linux-gnu.so
7f725da7a000-7f725da7b000 rw-p 00017000 fc:01 1048395                    /home/hchakrabar/miniconda3/envs/pt_env/lib/python3.10/lib-dynload/_socket.cpython-310-x86_64-linux-gnu.so
7f725da7b000-7f725da7c000 r--p 00000000 fc:01 1048369                    /home/hchakrabar/miniconda3/envs/pt_env/lib/python3.10/lib-dynload/_heapq.cpython-310-x86_64-linux-gnu.so
7f725da7c000-7f725da7f000 r-xp 00001000 fc:01 1048369                    /home/hchakrabar/miniconda3/envs/pt_env/lib/python3.10/lib-dynload/_heapq.cpython-310-x86_64-linux-gnu.so
7f725da7f000-7f725da82000 r--p 00004000 fc:01 1048369                    /home/hchakrabar/miniconda3/envs/pt_env/lib/python3.10/lib-dynload/_heapq.cpython-310-x86_64-linux-gnu.so
7f725da82000-7f725da83000 r--p 00006000 fc:01 1048369                    /home/hchakrabar/miniconda3/envs/pt_env/lib/python3.10/lib-dynload/_heapq.cpython-310-x86_64-linux-gnu.so
7f725da83000-7f725da84000 rw-p 00007000 fc:01 1048369                    /home/hchakrabar/miniconda3/envs/pt_env/lib/python3.10/lib-dynload/_heapq.cpython-310-x86_64-linux-gnu.so
7f725da84000-7f725da86000 r--p 00000000 fc:01 1048367                    /home/hchakrabar/miniconda3/envs/pt_env/lib/python3.10/lib-dynload/_sha512.cpython-310-x86_64-linux-gnu.so
7f725da86000-7f725da8b000 r-xp 00002000 fc:01 1048367                    /home/hchakrabar/miniconda3/envs/pt_env/lib/python3.10/lib-dynload/_sha512.cpython-310-x86_64-linux-gnu.so
7f725da8b000-7f725da8c000 r--p 00007000 fc:01 1048367                    /home/hchakrabar/miniconda3/envs/pt_env/lib/python3.10/lib-dynload/_sha512.cpython-310-x86_64-linux-gnu.so
7f725da8c000-7f725da8d000 r--p 00007000 fc:01 1048367                    /home/hchakrabar/miniconda3/envs/pt_env/lib/python3.10/lib-dynload/_sha512.cpython-310-x86_64-linux-gnu.so
7f725da8d000-7f725da8e000 rw-p 00008000 fc:01 1048367                    /home/hchakrabar/miniconda3/envs/pt_env/lib/python3.10/lib-dynload/_sha512.cpython-310-x86_64-linux-gnu.so
7f725da8e000-7f725da90000 r--p 00000000 fc:01 1048357                    /home/hchakrabar/miniconda3/envs/pt_env/lib/python3.10/lib-dynload/_random.cpython-310-x86_64-linux-gnu.so
7f725da90000-7f725da92000 r-xp 00002000 fc:01 1048357                    /home/hchakrabar/miniconda3/envs/pt_env/lib/python3.10/lib-dynload/_random.cpython-310-x86_64-linux-gnu.so
7f725da92000-7f725da93000 r--p 00004000 fc:01 1048357                    /home/hchakrabar/miniconda3/envs/pt_env/lib/python3.10/lib-dynload/_random.cpython-310-x86_64-linux-gnu.so
7f725da93000-7f725da94000 r--p 00004000 fc:01 1048357                    /home/hchakrabar/miniconda3/envs/pt_env/lib/python3.10/lib-dynload/_random.cpython-310-x86_64-linux-gnu.so
7f725da94000-7f725da95000 rw-p 00005000 fc:01 1048357                    /home/hchakrabar/miniconda3/envs/pt_env/lib/python3.10/lib-dynload/_random.cpython-310-x86_64-linux-gnu.so
7f725da95000-7f725da9a000 r--p 00000000 fc:01 1048403                    /home/hchakrabar/miniconda3/envs/pt_env/lib/python3.10/lib-dynload/_pickle.cpython-310-x86_64-linux-gnu.so
7f725da9a000-7f725daac000 r-xp 00005000 fc:01 1048403                    /home/hchakrabar/miniconda3/envs/pt_env/lib/python3.10/lib-dynload/_pickle.cpython-310-x86_64-linux-gnu.so
7f725daac000-7f725dab2000 r--p 00017000 fc:01 1048403                    /home/hchakrabar/miniconda3/envs/pt_env/lib/python3.10/lib-dynload/_pickle.cpython-310-x86_64-linux-gnu.so
7f725dab2000-7f725dab3000 r--p 0001d000 fc:01 1048403                    /home/hchakrabar/miniconda3/envs/pt_env/lib/python3.10/lib-dynload/_pickle.cpython-310-x86_64-linux-gnu.so
7f725dab3000-7f725dab5000 rw-p 0001e000 fc:01 1048403                    /home/hchakrabar/miniconda3/envs/pt_env/lib/python3.10/lib-dynload/_pickle.cpython-310-x86_64-linux-gnu.so
7f725dab5000-7f725dab9000 r--p 00000000 fc:01 1048389                    /home/hchakrabar/miniconda3/envs/pt_env/lib/python3.10/lib-dynload/_struct.cpython-310-x86_64-linux-gnu.so
7f725dab9000-7f725dabe000 r-xp 00004000 fc:01 1048389                    /home/hchakrabar/miniconda3/envs/pt_env/lib/python3.10/lib-dynload/_struct.cpython-310-x86_64-linux-gnu.so
7f725dabe000-7f725dac2000 r--p 00009000 fc:01 1048389                    /home/hchakrabar/miniconda3/envs/pt_env/lib/python3.10/lib-dynload/_struct.cpython-310-x86_64-linux-gnu.so
7f725dac2000-7f725dac3000 r--p 0000c000 fc:01 1048389                    /home/hchakrabar/miniconda3/envs/pt_env/lib/python3.10/lib-dynload/_struct.cpython-310-x86_64-linux-gnu.so
7f725dac3000-7f725dac4000 rw-p 0000d000 fc:01 1048389                    /home/hchakrabar/miniconda3/envs/pt_env/lib/python3.10/lib-dynload/_struct.cpython-310-x86_64-linux-gnu.so
7f725dac4000-7f725dbc4000 rw-p 00000000 00:00 0 
7f725dbc4000-7f725dbc8000 r--p 00000000 fc:01 833081                     /home/hchakrabar/miniconda3/envs/pt_env/lib/libgcc_s.so.1
7f725dbc8000-7f725dbde000 r-xp 00004000 fc:01 833081                     /home/hchakrabar/miniconda3/envs/pt_env/lib/libgcc_s.so.1
7f725dbde000-7f725dbe2000 r--p 0001a000 fc:01 833081                     /home/hchakrabar/miniconda3/envs/pt_env/lib/libgcc_s.so.1
7f725dbe2000-7f725dbe3000 r--p 0001d000 fc:01 833081                     /home/hchakrabar/miniconda3/envs/pt_env/lib/libgcc_s.so.1
7f725dbe3000-7f725dbe4000 rw-p 0001e000 fc:01 833081                     /home/hchakrabar/miniconda3/envs/pt_env/lib/libgcc_s.so.1
7f725dbe4000-7f725dc92000 r--p 00000000 fc:01 1033115                    /home/hchakrabar/miniconda3/envs/pt_env/lib/libstdc++.so.6.0.34
7f725dc92000-7f725dd3a000 r-xp 000ae000 fc:01 1033115                    /home/hchakrabar/miniconda3/envs/pt_env/lib/libstdc++.so.6.0.34
7f725dd3a000-7f725ddc3000 r--p 00156000 fc:01 1033115                    /home/hchakrabar/miniconda3/envs/pt_env/lib/libstdc++.so.6.0.34
7f725ddc3000-7f725ddd1000 r--p 001de000 fc:01 1033115                    /home/hchakrabar/miniconda3/envs/pt_env/lib/libstdc++.so.6.0.34
7f725ddd1000-7f725ddd5000 rw-p 001ec000 fc:01 1033115                    /home/hchakrabar/miniconda3/envs/pt_env/lib/libstdc++.so.6.0.34
7f725ddd5000-7f725ddd9000 rw-p 00000000 00:00 0 
7f725ddd9000-7f725dde6000 r--p 00000000 fc:01 1294727                    /home/hchakrabar/miniconda3/envs/pt_env/lib/python3.10/site-packages/pyzmq.libs/libsodium-19479d6d.so.26.2.0
7f725dde6000-7f725dedc000 r-xp 0000d000 fc:01 1294727                    /home/hchakrabar/miniconda3/envs/pt_env/lib/python3.10/site-packages/pyzmq.libs/libsodium-19479d6d.so.26.2.0
7f725dedc000-7f725def1000 r--p 00103000 fc:01 1294727                    /home/hchakrabar/miniconda3/envs/pt_env/lib/python3.10/site-packages/pyzmq.libs/libsodium-19479d6d.so.26.2.0
7f725def1000-7f725def2000 r--p 00118000 fc:01 1294727                    /home/hchakrabar/miniconda3/envs/pt_env/lib/python3.10/site-packages/pyzmq.libs/libsodium-19479d6d.so.26.2.0
7f725def2000-7f725def3000 rw-p 00119000 fc:01 1294727                    /home/hchakrabar/miniconda3/envs/pt_env/lib/python3.10/site-packages/pyzmq.libs/libsodium-19479d6d.so.26.2.0
7f725def3000-7f725df00000 rw-p 0011b000 fc:01 1294727                    /home/hchakrabar/miniconda3/envs/pt_env/lib/python3.10/site-packages/pyzmq.libs/libsodium-19479d6d.so.26.2.0
7f725df00000-7f725df18000 r--p 00000000 fc:01 1294728                    /home/hchakrabar/miniconda3/envs/pt_env/lib/python3.10/site-packages/pyzmq.libs/libzmq-7b073b3d.so.5.2.5
7f725df18000-7f725dfa2000 r-xp 00018000 fc:01 1294728                    /home/hchakrabar/miniconda3/envs/pt_env/lib/python3.10/site-packages/pyzmq.libs/libzmq-7b073b3d.so.5.2.5
7f725dfa2000-7f725dfd7000 r--p 000a2000 fc:01 1294728                    /home/hchakrabar/miniconda3/envs/pt_env/lib/python3.10/site-packages/pyzmq.libs/libzmq-7b073b3d.so.5.2.5
7f725dfd7000-7f725dfde000 r--p 000d7000 fc:01 1294728                    /home/hchakrabar/miniconda3/envs/pt_env/lib/python3.10/site-packages/pyzmq.libs/libzmq-7b073b3d.so.5.2.5
7f725dfde000-7f725dfdf000 rw-p 000de000 fc:01 1294728                    /home/hchakrabar/miniconda3/envs/pt_env/lib/python3.10/site-packages/pyzmq.libs/libzmq-7b073b3d.so.5.2.5
7f725dfdf000-7f725dfe8000 rw-p 000e0000 fc:01 1294728                    /home/hchakrabar/miniconda3/envs/pt_env/lib/python3.10/site-packages/pyzmq.libs/libzmq-7b073b3d.so.5.2.5
7f725dfe8000-7f725dff0000 r--p 00000000 fc:01 1294768                    /home/hchakrabar/miniconda3/envs/pt_env/lib/python3.10/site-packages/zmq/backend/cython/_zmq.cpython-310-x86_64-linux-gnu.so
7f725dff0000-7f725e01c000 r-xp 00008000 fc:01 1294768                    /home/hchakrabar/miniconda3/envs/pt_env/lib/python3.10/site-packages/zmq/backend/cython/_zmq.cpython-310-x86_64-linux-gnu.so
7f725e01c000-7f725e026000 r--p 00034000 fc:01 1294768                    /home/hchakrabar/miniconda3/envs/pt_env/lib/python3.10/site-packages/zmq/backend/cython/_zmq.cpython-310-x86_64-linux-gnu.so
7f725e026000-7f725e028000 r--p 0003e000 fc:01 1294768                    /home/hchakrabar/miniconda3/envs/pt_env/lib/python3.10/site-packages/zmq/backend/cython/_zmq.cpython-310-x86_64-linux-gnu.so
7f725e028000-7f725e02a000 rw-p 00040000 fc:01 1294768                    /home/hchakrabar/miniconda3/envs/pt_env/lib/python3.10/site-packages/zmq/backend/cython/_zmq.cpython-310-x86_64-linux-gnu.so
7f725e02a000-7f725e02b000 rw-p 00000000 00:00 0 
7f725e02b000-7f725e030000 rw-p 00043000 fc:01 1294768                    /home/hchakrabar/miniconda3/envs/pt_env/lib/python3.10/site-packages/zmq/backend/cython/_zmq.cpython-310-x86_64-linux-gnu.so
7f725e030000-7f725e031000 r--p 00000000 fc:01 6192                       /usr/lib/locale/C.utf8/LC_NUMERIC
7f725e031000-7f725e032000 r--p 00000000 fc:01 6195                       /usr/lib/locale/C.utf8/LC_TIME
7f725e032000-7f725e033000 r--p 00000000 fc:01 6186                       /usr/lib/locale/C.utf8/LC_COLLATE
7f725e033000-7f725e034000 r--p 00000000 fc:01 1048335                    /home/hchakrabar/miniconda3/envs/pt_env/lib/python3.10/lib-dynload/_uuid.cpython-310-x86_64-linux-gnu.so
7f725e034000-7f725e035000 r-xp 00001000 fc:01 1048335                    /home/hchakrabar/miniconda3/envs/pt_env/lib/python3.10/lib-dynload/_uuid.cpython-310-x86_64-linux-gnu.so
7f725e035000-7f725e036000 r--p 00002000 fc:01 1048335                    /home/hchakrabar/miniconda3/envs/pt_env/lib/python3.10/lib-dynload/_uuid.cpython-310-x86_64-linux-gnu.so
7f725e036000-7f725e037000 r--p 00002000 fc:01 1048335                    /home/hchakrabar/miniconda3/envs/pt_env/lib/python3.10/lib-dynload/_uuid.cpython-310-x86_64-linux-gnu.so
7f725e037000-7f725e038000 rw-p 00003000 fc:01 1048335                    /home/hchakrabar/miniconda3/envs/pt_env/lib/python3.10/lib-dynload/_uuid.cpython-310-x86_64-linux-gnu.so
7f725e038000-7f725e03a000 r--p 00000000 fc:01 1048363                    /home/hchakrabar/miniconda3/envs/pt_env/lib/python3.10/lib-dynload/_bz2.cpython-310-x86_64-linux-gnu.so
7f725e03a000-7f725e03c000 r-xp 00002000 fc:01 1048363                    /home/hchakrabar/miniconda3/envs/pt_env/lib/python3.10/lib-dynload/_bz2.cpython-310-x86_64-linux-gnu.so
7f725e03c000-7f725e03e000 r--p 00004000 fc:01 1048363                    /home/hchakrabar/miniconda3/envs/pt_env/lib/python3.10/lib-dynload/_bz2.cpython-310-x86_64-linux-gnu.so
7f725e03e000-7f725e03f000 r--p 00005000 fc:01 1048363                    /home/hchakrabar/miniconda3/envs/pt_env/lib/python3.10/lib-dynload/_bz2.cpython-310-x86_64-linux-gnu.so
7f725e03f000-7f725e040000 rw-p 00006000 fc:01 1048363                    /home/hchakrabar/miniconda3/envs/pt_env/lib/python3.10/lib-dynload/_bz2.cpython-310-x86_64-linux-gnu.so
7f725e040000-7f725e043000 r--p 00000000 fc:01 1048356                    /home/hchakrabar/miniconda3/envs/pt_env/lib/python3.10/lib-dynload/termios.cpython-310-x86_64-linux-gnu.so
7f725e043000-7f725e044000 r-xp 00003000 fc:01 1048356                    /home/hchakrabar/miniconda3/envs/pt_env/lib/python3.10/lib-dynload/termios.cpython-310-x86_64-linux-gnu.so
7f725e044000-7f725e046000 r--p 00004000 fc:01 1048356                    /home/hchakrabar/miniconda3/envs/pt_env/lib/python3.10/lib-dynload/termios.cpython-310-x86_64-linux-gnu.so
7f725e046000-7f725e047000 r--p 00005000 fc:01 1048356                    /home/hchakrabar/miniconda3/envs/pt_env/lib/python3.10/lib-dynload/termios.cpython-310-x86_64-linux-gnu.so
7f725e047000-7f725e049000 rw-p 00006000 fc:01 1048356                    /home/hchakrabar/miniconda3/envs/pt_env/lib/python3.10/lib-dynload/termios.cpython-310-x86_64-linux-gnu.so
7f725e049000-7f725e04a000 r--p 00000000 fc:01 1294546                    /home/hchakrabar/miniconda3/envs/pt_env/lib/python3.10/site-packages/tornado/speedups.abi3.so
7f725e04a000-7f725e04b000 r-xp 00001000 fc:01 1294546                    /home/hchakrabar/miniconda3/envs/pt_env/lib/python3.10/site-packages/tornado/speedups.abi3.so
7f725e04b000-7f725e04c000 r--p 00002000 fc:01 1294546                    /home/hchakrabar/miniconda3/envs/pt_env/lib/python3.10/site-packages/tornado/speedups.abi3.so
7f725e04c000-7f725e04d000 r--p 00002000 fc:01 1294546                    /home/hchakrabar/miniconda3/envs/pt_env/lib/python3.10/site-packages/tornado/speedups.abi3.so
7f725e04d000-7f725e04e000 rw-p 00003000 fc:01 1294546                    /home/hchakrabar/miniconda3/envs/pt_env/lib/python3.10/site-packages/tornado/speedups.abi3.so
7f725e04e000-7f725e051000 r--p 00000000 fc:01 1048373                    /home/hchakrabar/miniconda3/envs/pt_env/lib/python3.10/lib-dynload/zlib.cpython-310-x86_64-linux-gnu.so
7f725e051000-7f725e055000 r-xp 00003000 fc:01 1048373                    /home/hchakrabar/miniconda3/envs/pt_env/lib/python3.10/lib-dynload/zlib.cpython-310-x86_64-linux-gnu.so
7f725e055000-7f725e058000 r--p 00007000 fc:01 1048373                    /home/hchakrabar/miniconda3/envs/pt_env/lib/python3.10/lib-dynload/zlib.cpython-310-x86_64-linux-gnu.so
7f725e058000-7f725e059000 r--p 00009000 fc:01 1048373                    /home/hchakrabar/miniconda3/envs/pt_env/lib/python3.10/lib-dynload/zlib.cpython-310-x86_64-linux-gnu.so
7f725e059000-7f725e05a000 rw-p 0000a000 fc:01 1048373                    /home/hchakrabar/miniconda3/envs/pt_env/lib/python3.10/lib-dynload/zlib.cpython-310-x86_64-linux-gnu.so
7f725e05a000-7f725e05f000 r--p 00000000 fc:01 1048405                    /home/hchakrabar/miniconda3/envs/pt_env/lib/python3.10/lib-dynload/_datetime.cpython-310-x86_64-linux-gnu.so
7f725e05f000-7f725e070000 r-xp 00005000 fc:01 1048405                    /home/hchakrabar/miniconda3/envs/pt_env/lib/python3.10/lib-dynload/_datetime.cpython-310-x86_64-linux-gnu.so
7f725e070000-7f725e076000 r--p 00016000 fc:01 1048405                    /home/hchakrabar/miniconda3/envs/pt_env/lib/python3.10/lib-dynload/_datetime.cpython-310-x86_64-linux-gnu.so
7f725e076000-7f725e077000 r--p 0001b000 fc:01 1048405                    /home/hchakrabar/miniconda3/envs/pt_env/lib/python3.10/lib-dynload/_datetime.cpython-310-x86_64-linux-gnu.so
7f725e077000-7f725e079000 rw-p 0001c000 fc:01 1048405                    /home/hchakrabar/miniconda3/envs/pt_env/lib/python3.10/lib-dynload/_datetime.cpython-310-x86_64-linux-gnu.so
7f725e079000-7f725e07c000 r--p 00000000 fc:01 1048371                    /home/hchakrabar/miniconda3/envs/pt_env/lib/python3.10/lib-dynload/select.cpython-310-x86_64-linux-gnu.so
7f725e07c000-7f725e07f000 r-xp 00003000 fc:01 1048371                    /home/hchakrabar/miniconda3/envs/pt_env/lib/python3.10/lib-dynload/select.cpython-310-x86_64-linux-gnu.so
7f725e07f000-7f725e081000 r--p 00006000 fc:01 1048371                    /home/hchakrabar/miniconda3/envs/pt_env/lib/python3.10/lib-dynload/select.cpython-310-x86_64-linux-gnu.so
7f725e081000-7f725e082000 r--p 00008000 fc:01 1048371                    /home/hchakrabar/miniconda3/envs/pt_env/lib/python3.10/lib-dynload/select.cpython-310-x86_64-linux-gnu.so
7f725e082000-7f725e083000 rw-p 00009000 fc:01 1048371                    /home/hchakrabar/miniconda3/envs/pt_env/lib/python3.10/lib-dynload/select.cpython-310-x86_64-linux-gnu.so
7f725e083000-7f725e085000 r--p 00000000 fc:01 1048358                    /home/hchakrabar/miniconda3/envs/pt_env/lib/python3.10/lib-dynload/_posixsubprocess.cpython-310-x86_64-linux-gnu.so
7f725e085000-7f725e087000 r-xp 00002000 fc:01 1048358                    /home/hchakrabar/miniconda3/envs/pt_env/lib/python3.10/lib-dynload/_posixsubprocess.cpython-310-x86_64-linux-gnu.so
7f725e087000-7f725e088000 r--p 00004000 fc:01 1048358                    /home/hchakrabar/miniconda3/envs/pt_env/lib/python3.10/lib-dynload/_posixsubprocess.cpython-310-x86_64-linux-gnu.so
7f725e088000-7f725e089000 r--p 00004000 fc:01 1048358                    /home/hchakrabar/miniconda3/envs/pt_env/lib/python3.10/lib-dynload/_posixsubprocess.cpython-310-x86_64-linux-gnu.so
7f725e089000-7f725e08a000 rw-p 00005000 fc:01 1048358                    /home/hchakrabar/miniconda3/envs/pt_env/lib/python3.10/lib-dynload/_posixsubprocess.cpython-310-x86_64-linux-gnu.so
7f725e08a000-7f725e08c000 r--p 00000000 fc:01 1048348                    /home/hchakrabar/miniconda3/envs/pt_env/lib/python3.10/lib-dynload/fcntl.cpython-310-x86_64-linux-gnu.so
7f725e08c000-7f725e08e000 r-xp 00002000 fc:01 1048348                    /home/hchakrabar/miniconda3/envs/pt_env/lib/python3.10/lib-dynload/fcntl.cpython-310-x86_64-linux-gnu.so
7f725e08e000-7f725e090000 r--p 00004000 fc:01 1048348                    /home/hchakrabar/miniconda3/envs/pt_env/lib/python3.10/lib-dynload/fcntl.cpython-310-x86_64-linux-gnu.so
7f725e090000-7f725e091000 r--p 00005000 fc:01 1048348                    /home/hchakrabar/miniconda3/envs/pt_env/lib/python3.10/lib-dynload/fcntl.cpython-310-x86_64-linux-gnu.so
7f725e091000-7f725e092000 rw-p 00006000 fc:01 1048348                    /home/hchakrabar/miniconda3/envs/pt_env/lib/python3.10/lib-dynload/fcntl.cpython-310-x86_64-linux-gnu.so
7f725e092000-7f725e192000 rw-p 00000000 00:00 0 
7f725e192000-7f725e195000 r--p 00000000 fc:01 1048379                    /home/hchakrabar/miniconda3/envs/pt_env/lib/python3.10/lib-dynload/_json.cpython-310-x86_64-linux-gnu.so
7f725e195000-7f725e19b000 r-xp 00003000 fc:01 1048379                    /home/hchakrabar/miniconda3/envs/pt_env/lib/python3.10/lib-dynload/_json.cpython-310-x86_64-linux-gnu.so
7f725e19b000-7f725e19d000 r--p 00009000 fc:01 1048379                    /home/hchakrabar/miniconda3/envs/pt_env/lib/python3.10/lib-dynload/_json.cpython-310-x86_64-linux-gnu.so
7f725e19d000-7f725e19e000 r--p 0000a000 fc:01 1048379                    /home/hchakrabar/miniconda3/envs/pt_env/lib/python3.10/lib-dynload/_json.cpython-310-x86_64-linux-gnu.so
7f725e19e000-7f725e19f000 rw-p 0000b000 fc:01 1048379                    /home/hchakrabar/miniconda3/envs/pt_env/lib/python3.10/lib-dynload/_json.cpython-310-x86_64-linux-gnu.so
7f725e19f000-7f725e29f000 rw-p 00000000 00:00 0 
7f725e29f000-7f725e2a0000 r--p 00000000 fc:01 6190                       /usr/lib/locale/C.utf8/LC_MONETARY
7f725e2a0000-7f725e2a1000 r--p 00000000 fc:01 6184                       /usr/lib/locale/C.utf8/LC_MESSAGES/SYS_LC_MESSAGES
7f725e2a1000-7f725e2a2000 r--p 00000000 fc:01 6193                       /usr/lib/locale/C.utf8/LC_PAPER
7f725e2a2000-7f725e2a3000 r--p 00000000 fc:01 6191                       /usr/lib/locale/C.utf8/LC_NAME
7f725e2a3000-7f725e2a4000 r--p 00000000 fc:01 5042                       /usr/lib/x86_64-linux-gnu/librt.so.1
7f725e2a4000-7f725e2a5000 r-xp 00001000 fc:01 5042                       /usr/lib/x86_64-linux-gnu/librt.so.1
7f725e2a5000-7f725e2a6000 r--p 00002000 fc:01 5042                       /usr/lib/x86_64-linux-gnu/librt.so.1
7f725e2a6000-7f725e2a7000 r--p 00002000 fc:01 5042                       /usr/lib/x86_64-linux-gnu/librt.so.1
7f725e2a7000-7f725e2a8000 rw-p 00003000 fc:01 5042                       /usr/lib/x86_64-linux-gnu/librt.so.1
7f725e2a8000-7f725e2a9000 r--p 00000000 fc:01 6185                       /usr/lib/locale/C.utf8/LC_ADDRESS
7f725e2a9000-7f725e2aa000 r--p 00000000 fc:01 6194                       /usr/lib/locale/C.utf8/LC_TELEPHONE
7f725e2aa000-7f725e2ab000 r--p 00000000 fc:01 6189                       /usr/lib/locale/C.utf8/LC_MEASUREMENT
7f725e2ab000-7f725e2ad000 r--p 00000000 fc:01 1048353                    /home/hchakrabar/miniconda3/envs/pt_env/lib/python3.10/lib-dynload/_bisect.cpython-310-x86_64-linux-gnu.so
7f725e2ad000-7f725e2af000 r-xp 00002000 fc:01 1048353                    /home/hchakrabar/miniconda3/envs/pt_env/lib/python3.10/lib-dynload/_bisect.cpython-310-x86_64-linux-gnu.so
7f725e2af000-7f725e2b0000 r--p 00004000 fc:01 1048353                    /home/hchakrabar/miniconda3/envs/pt_env/lib/python3.10/lib-dynload/_bisect.cpython-310-x86_64-linux-gnu.so
7f725e2b0000-7f725e2b1000 r--p 00004000 fc:01 1048353                    /home/hchakrabar/miniconda3/envs/pt_env/lib/python3.10/lib-dynload/_bisect.cpython-310-x86_64-linux-gnu.so
7f725e2b1000-7f725e2b2000 rw-p 00005000 fc:01 1048353                    /home/hchakrabar/miniconda3/envs/pt_env/lib/python3.10/lib-dynload/_bisect.cpython-310-x86_64-linux-gnu.so
7f725e2b2000-7f725e2b6000 r--p 00000000 fc:01 1048394                    /home/hchakrabar/miniconda3/envs/pt_env/lib/python3.10/lib-dynload/math.cpython-310-x86_64-linux-gnu.so
7f725e2b6000-7f725e2be000 r-xp 00004000 fc:01 1048394                    /home/hchakrabar/miniconda3/envs/pt_env/lib/python3.10/lib-dynload/math.cpython-310-x86_64-linux-gnu.so
7f725e2be000-7f725e2c2000 r--p 0000c000 fc:01 1048394                    /home/hchakrabar/miniconda3/envs/pt_env/lib/python3.10/lib-dynload/math.cpython-310-x86_64-linux-gnu.so
7f725e2c2000-7f725e2c3000 r--p 00010000 fc:01 1048394                    /home/hchakrabar/miniconda3/envs/pt_env/lib/python3.10/lib-dynload/math.cpython-310-x86_64-linux-gnu.so
7f725e2c3000-7f725e2c4000 rw-p 00011000 fc:01 1048394                    /home/hchakrabar/miniconda3/envs/pt_env/lib/python3.10/lib-dynload/math.cpython-310-x86_64-linux-gnu.so
7f725e2c4000-7f725e4c4000 rw-p 00000000 00:00 0 
7f725e4c4000-7f725e51b000 r--p 00000000 fc:01 6187                       /usr/lib/locale/C.utf8/LC_CTYPE
7f725e51b000-7f725e804000 r--p 00000000 fc:01 6196                       /usr/lib/locale/locale-archive
7f725e804000-7f725e809000 rw-p 00000000 00:00 0 
7f725e809000-7f725e831000 r--p 00000000 fc:01 5028                       /usr/lib/x86_64-linux-gnu/libc.so.6
7f725e831000-7f725e9c6000 r-xp 00028000 fc:01 5028                       /usr/lib/x86_64-linux-gnu/libc.so.6
7f725e9c6000-7f725ea1e000 r--p 001bd000 fc:01 5028                       /usr/lib/x86_64-linux-gnu/libc.so.6
7f725ea1e000-7f725ea1f000 ---p 00215000 fc:01 5028                       /usr/lib/x86_64-linux-gnu/libc.so.6
7f725ea1f000-7f725ea23000 r--p 00215000 fc:01 5028                       /usr/lib/x86_64-linux-gnu/libc.so.6
7f725ea23000-7f725ea25000 rw-p 00219000 fc:01 5028                       /usr/lib/x86_64-linux-gnu/libc.so.6
7f725ea25000-7f725ea32000 rw-p 00000000 00:00 0 
7f725ea32000-7f725ea40000 r--p 00000000 fc:01 5031                       /usr/lib/x86_64-linux-gnu/libm.so.6
7f725ea40000-7f725eabc000 r-xp 0000e000 fc:01 5031                       /usr/lib/x86_64-linux-gnu/libm.so.6
7f725eabc000-7f725eb17000 r--p 0008a000 fc:01 5031                       /usr/lib/x86_64-linux-gnu/libm.so.6
7f725eb17000-7f725eb18000 r--p 000e4000 fc:01 5031                       /usr/lib/x86_64-linux-gnu/libm.so.6
7f725eb18000-7f725eb19000 rw-p 000e5000 fc:01 5031                       /usr/lib/x86_64-linux-gnu/libm.so.6
7f725eb19000-7f725eb1a000 r--p 00000000 fc:01 5044                       /usr/lib/x86_64-linux-gnu/libutil.so.1
7f725eb1a000-7f725eb1b000 r-xp 00001000 fc:01 5044                       /usr/lib/x86_64-linux-gnu/libutil.so.1
7f725eb1b000-7f725eb1c000 r--p 00002000 fc:01 5044                       /usr/lib/x86_64-linux-gnu/libutil.so.1
7f725eb1c000-7f725eb1d000 r--p 00002000 fc:01 5044                       /usr/lib/x86_64-linux-gnu/libutil.so.1
7f725eb1d000-7f725eb1e000 rw-p 00003000 fc:01 5044                       /usr/lib/x86_64-linux-gnu/libutil.so.1
7f725eb1e000-7f725eb1f000 r--p 00000000 fc:01 5030                       /usr/lib/x86_64-linux-gnu/libdl.so.2
7f725eb1f000-7f725eb20000 r-xp 00001000 fc:01 5030                       /usr/lib/x86_64-linux-gnu/libdl.so.2
7f725eb20000-7f725eb21000 r--p 00002000 fc:01 5030                       /usr/lib/x86_64-linux-gnu/libdl.so.2
7f725eb21000-7f725eb22000 r--p 00002000 fc:01 5030                       /usr/lib/x86_64-linux-gnu/libdl.so.2
7f725eb22000-7f725eb23000 rw-p 00003000 fc:01 5030                       /usr/lib/x86_64-linux-gnu/libdl.so.2
7f725eb23000-7f725eb24000 r--p 00000000 fc:01 5040                       /usr/lib/x86_64-linux-gnu/libpthread.so.0
7f725eb24000-7f725eb25000 r-xp 00001000 fc:01 5040                       /usr/lib/x86_64-linux-gnu/libpthread.so.0
7f725eb25000-7f725eb26000 r--p 00002000 fc:01 5040                       /usr/lib/x86_64-linux-gnu/libpthread.so.0
7f725eb26000-7f725eb27000 r--p 00002000 fc:01 5040                       /usr/lib/x86_64-linux-gnu/libpthread.so.0
7f725eb27000-7f725eb28000 rw-p 00003000 fc:01 5040                       /usr/lib/x86_64-linux-gnu/libpthread.so.0
7f725eb28000-7f725eb29000 r--p 00000000 fc:01 6188                       /usr/lib/locale/C.utf8/LC_IDENTIFICATION
7f725eb29000-7f725eb2a000 ---p 00000000 00:00 0 
7f725eb2a000-7f725eb2b000 r--p 00000000 00:00 0 
7f725eb2b000-7f725eb32000 r--s 00000000 fc:01 3904                       /usr/lib/x86_64-linux-gnu/gconv/gconv-modules.cache
7f725eb32000-7f725eb34000 rw-p 00000000 00:00 0 
7f725eb34000-7f725eb36000 r--p 00000000 fc:01 5022                       /usr/lib/x86_64-linux-gnu/ld-linux-x86-64.so.2
7f725eb36000-7f725eb60000 r-xp 00002000 fc:01 5022                       /usr/lib/x86_64-linux-gnu/ld-linux-x86-64.so.2
7f725eb60000-7f725eb6b000 r--p 0002c000 fc:01 5022                       /usr/lib/x86_64-linux-gnu/ld-linux-x86-64.so.2
7f725eb6b000-7f725eb6c000 ---p 00000000 00:00 0 
7f725eb6c000-7f725eb6e000 r--p 00037000 fc:01 5022                       /usr/lib/x86_64-linux-gnu/ld-linux-x86-64.so.2
7f725eb6e000-7f725eb70000 rw-p 00039000 fc:01 5022                       /usr/lib/x86_64-linux-gnu/ld-linux-x86-64.so.2
7fffd8d1d000-7fffd8d21000 ---p 00000000 00:00 0 
7fffd8d21000-7fffd8e1d000 rw-p 00000000 00:00 0                          [stack]
7fffd8f33000-7fffd8f37000 r--p 00000000 00:00 0                          [vvar]
7fffd8f37000-7fffd8f39000 r-xp 00000000 00:00 0                          [vdso]
ffffffffff600000-ffffffffff601000 --xp 00000000 00:00 0                  [vsyscall]
Total number of mappings: 3159

JVMTI agents: none


VM Arguments:
java_command: jupyter[pyterrier]:/home/hchakrabar/data/hc_storage/ChildCenteredEvaluation/code/indexing_retrieval.ipynb
java_class_path (initial): /home/hchakrabar/.pyterrier/terrier-assemblies-5.11-jar-with-dependencies.jar:/home/hchakrabar/.pyterrier/terrier-python-helper-0.0.8.jar:/home/hchakrabar/miniconda3/envs/pt_env/lib/python3.10/site-packages/jnius/src
Launcher Type: generic

[Global flags]
     intx CICompilerCount                          = 12                                        {product} {ergonomic}
     uint ConcGCThreads                            = 4                                         {product} {ergonomic}
     uint G1ConcRefinementThreads                  = 16                                        {product} {ergonomic}
   size_t G1HeapRegionSize                         = 16777216                                  {product} {ergonomic}
    uintx GCDrainStackTargetSize                   = 64                                        {product} {ergonomic}
   size_t InitialHeapSize                          = 2147483648                                {product} {ergonomic}
   size_t MarkStackSize                            = 4194304                                   {product} {ergonomic}
   size_t MaxHeapSize                              = 31675383808                               {product} {ergonomic}
   size_t MaxNewSize                               = 18991808512                               {product} {ergonomic}
   size_t MinHeapDeltaBytes                        = 16777216                                  {product} {ergonomic}
   size_t MinHeapSize                              = 16777216                                  {product} {ergonomic}
    uintx NonNMethodCodeHeapSize                   = 7602480                                {pd product} {ergonomic}
    uintx NonProfiledCodeHeapSize                  = 122027880                              {pd product} {ergonomic}
    uintx ProfiledCodeHeapSize                     = 122027880                              {pd product} {ergonomic}
    uintx ReservedCodeCacheSize                    = 251658240                              {pd product} {ergonomic}
     bool SegmentedCodeCache                       = true                                      {product} {ergonomic}
   size_t SoftMaxHeapSize                          = 31675383808                            {manageable} {ergonomic}
     bool UseCompressedOops                        = true                           {product lp64_product} {ergonomic}
     bool UseG1GC                                  = true                                      {product} {ergonomic}

Logging:
Log output configuration:
 #0: 
[error occurred during error reporting (printing log configuration), id 0xb, SIGSEGV (0xb) at pc=0x00007f71e654bf23]
Release file:
IMPLEMENTOR="Ubuntu"
JAVA_RUNTIME_VERSION="21.0.9+10-Ubuntu-122.04"
JAVA_VERSION="21.0.9"
JAVA_VERSION_DATE="2025-10-21"
LIBC="gnu"
MODULES="java.base java.compiler java.datatransfer java.xml java.prefs java.desktop java.instrument java.logging java.management java.security.sasl java.naming java.rmi java.management.rmi java.net.http java.scripting java.security.jgss java.transaction.xa java.sql java.sql.rowset java.xml.crypto java.se java.smartcardio jdk.accessibility jdk.internal.jvmstat jdk.attach jdk.charsets jdk.internal.opt jdk.zipfs jdk.compiler jdk.crypto.ec jdk.crypto.cryptoki jdk.dynalink jdk.internal.ed jdk.editpad jdk.hotspot.agent jdk.httpserver jdk.incubator.vector jdk.internal.le jdk.internal.vm.ci jdk.internal.vm.compiler jdk.internal.vm.compiler.management jdk.jartool jdk.javadoc jdk.jcmd jdk.management jdk.management.agent jdk.jconsole jdk.jdeps jdk.jdwp.agent jdk.jdi jdk.jfr jdk.jlink jdk.jpackage jdk.jshell jdk.jsobject jdk.jstatd jdk.localedata jdk.management.jfr jdk.naming.dns jdk.naming.rmi jdk.net jdk.nio.mapmode jdk.random jdk.sctp jdk.security.auth jdk.security.jgss jdk.unsupported jdk.unsupported.desktop jdk.xml.dom"
OS_ARCH="x86_64"
OS_NAME="Linux"
SOURCE=""

Environment Variables:
PATH=/usr/local/sbin:/usr/local/bin:/usr/sbin:/usr/bin:/sbin:/bin:/snap/bin
LD_LIBRARY_PATH=/home/hchakrabar/miniconda3/envs/pt_env/lib/python3.10/site-packages/cv2/../../lib64:
SHELL=/bin/bash
LANG=C.UTF-8
TERM=xterm-color

Active Locale:
LC_ALL=C.UTF-8
LC_COLLATE=C.UTF-8
LC_CTYPE=C.UTF-8
LC_MESSAGES=C.UTF-8
LC_MONETARY=C.UTF-8
LC_NUMERIC=C.UTF-8
LC_TIME=C.UTF-8

Signal Handlers:
   SIGSEGV: crash_handler in libjvm.so, mask=11100100010111111101111111111110, flags=SA_RESTART|SA_SIGINFO, unblocked
    SIGBUS: crash_handler in libjvm.so, mask=11100100010111111101111111111110, flags=SA_RESTART|SA_SIGINFO, unblocked
    SIGFPE: crash_handler in libjvm.so, mask=11100100010111111101111111111110, flags=SA_RESTART|SA_SIGINFO, unblocked
   SIGPIPE: javaSignalHandler in libjvm.so, mask=11100100010111111101111111111110, flags=SA_RESTART|SA_SIGINFO, blocked
   SIGXFSZ: javaSignalHandler in libjvm.so, mask=11100100010111111101111111111110, flags=SA_RESTART|SA_SIGINFO, blocked
    SIGILL: crash_handler in libjvm.so, mask=11100100010111111101111111111110, flags=SA_RESTART|SA_SIGINFO, unblocked
   SIGUSR2: SR_handler in libjvm.so, mask=00000000000000000000000000000000, flags=SA_RESTART|SA_SIGINFO, blocked
    SIGHUP: UserHandler in libjvm.so, mask=11100100010111111101111111111110, flags=SA_RESTART|SA_SIGINFO, blocked
    SIGINT: SIG_IGN, mask=00000000000000000000000000000000, flags=SA_ONSTACK, blocked
   SIGTERM: UserHandler in libjvm.so, mask=11100100010111111101111111111110, flags=SA_RESTART|SA_SIGINFO, blocked
   SIGQUIT: UserHandler in libjvm.so, mask=11100100010111111101111111111110, flags=SA_RESTART|SA_SIGINFO, blocked
   SIGTRAP: crash_handler in libjvm.so, mask=11100100010111111101111111111110, flags=SA_RESTART|SA_SIGINFO, unblocked


Periodic native trim disabled

---------------  S Y S T E M  ---------------

OS:
DISTRIB_ID=Ubuntu
DISTRIB_RELEASE=22.04
DISTRIB_CODENAME=jammy
DISTRIB_DESCRIPTION="Ubuntu 22.04.5 LTS"
uname: Linux 5.15.0-164-generic #174-Ubuntu SMP Fri Nov 14 20:25:16 UTC 2025 x86_64
OS uptime: 0 days 0:34 hours
libc: glibc 2.35 NPTL 2.35 
rlimit (soft/hard): STACK 8192k/infinity , CORE 0k/infinity , NPROC 708220/708220 , NOFILE 524288/524288 , AS infinity/infinity , CPU infinity/infinity , DATA infinity/infinity , FSIZE infinity/infinity , MEMLOCK 64k/64k
load average: 0.04 0.03 0.04

/proc/meminfo:
MemTotal:       181346016 kB
MemFree:        145285540 kB
MemAvailable:   174260316 kB
Buffers:          103480 kB
Cached:         30194128 kB
SwapCached:            0 kB
Active:          1317180 kB
Inactive:       33890480 kB
Active(anon):       1056 kB
Inactive(anon):  4927540 kB
Active(file):    1316124 kB
Inactive(file): 28962940 kB
Unevictable:       27668 kB
Mlocked:           27668 kB
SwapTotal:             0 kB
SwapFree:              0 kB
Dirty:               836 kB
Writeback:             0 kB
AnonPages:       4937856 kB
Mapped:           985708 kB
Shmem:              9420 kB
KReclaimable:     172820 kB
Slab:             279376 kB
SReclaimable:     172820 kB
SUnreclaim:       106556 kB
KernelStack:        8224 kB
PageTables:        19328 kB
NFS_Unstable:          0 kB
Bounce:                0 kB
WritebackTmp:          0 kB
CommitLimit:    90673008 kB
Committed_AS:    9171080 kB
VmallocTotal:   13743895347199 kB
VmallocUsed:       73716 kB
VmallocChunk:          0 kB
Percpu:            16032 kB
HardwareCorrupted:     0 kB
AnonHugePages:         0 kB
ShmemHugePages:        0 kB
ShmemPmdMapped:        0 kB
FileHugePages:         0 kB
FilePmdMapped:         0 kB
HugePages_Total:       0
HugePages_Free:        0
HugePages_Rsvd:        0
HugePages_Surp:        0
Hugepagesize:       2048 kB
Hugetlb:               0 kB
DirectMap4k:      337748 kB
DirectMap2M:    10147840 kB
DirectMap1G:    176160768 kB

/sys/kernel/mm/transparent_hugepage/enabled: always [madvise] never
/sys/kernel/mm/transparent_hugepage/hpage_pmd_size: 2097152
/sys/kernel/mm/transparent_hugepage/defrag (defrag/compaction efforts parameter): always defer defer+madvise [madvise] never

Process Memory:
Virtual Size: 82760372K (peak: 89606552K)
Resident Set Size: 5373700K (peak: 20810704K) (anon: 4537740K, file: 827764K, shmem: 8196K)
Swapped out: 0K
C-Heap outstanding allocations: 330384K, retained: 1160351K
glibc malloc tunables: (default)

/proc/sys/kernel/threads-max (system-wide limit on the number of threads): 1416440
/proc/sys/vm/max_map_count (maximum number of memory map areas a process may have): 65530
/proc/sys/vm/swappiness (control to define how aggressively the kernel swaps out anonymous memory): 60
/proc/sys/kernel/pid_max (system-wide limit on number of process identifiers): 4194304

container information not found.
Steal ticks since vm start: 0
Steal ticks percentage since vm start:  0.000

CPU: total 22 (initial active 22) (1 cores per cpu, 1 threads per core) family 6 model 106 stepping 6 microcode 0xd000390, cx8, cmov, fxsr, mmx, 3dnowpref, sse, sse2, sse3, ssse3, sse4.1, sse4.2, popcnt, lzcnt, tsc, avx, avx2, aes, erms, clmul, bmi1, bmi2, adx, avx512f, avx512dq, avx512cd, avx512bw, avx512vl, sha, fma, vzeroupper, avx512_vpopcntdq, avx512_vpclmulqdq, avx512_vaes, avx512_vnni, clflush, clflushopt, clwb, avx512_vbmi2, avx512_vbmi, hv, rdtscp, rdpid, fsrm, gfni, avx512_bitalg, f16c, pku, ospke, avx512_ifma
CPU Model and flags from /proc/cpuinfo:
model name	: Intel(R) Xeon(R) Gold 6342 CPU @ 2.80GHz
flags		: fpu vme de pse tsc msr pae mce cx8 apic sep mtrr pge mca cmov pat pse36 clflush mmx fxsr sse sse2 ss syscall nx pdpe1gb rdtscp lm constant_tsc arch_perfmon rep_good nopl xtopology cpuid pni pclmulqdq vmx ssse3 fma cx16 pdcm pcid sse4_1 sse4_2 x2apic movbe popcnt tsc_deadline_timer aes xsave avx f16c rdrand hypervisor lahf_lm abm 3dnowprefetch cpuid_fault invpcid_single ssbd ibrs ibpb stibp ibrs_enhanced tpr_shadow vnmi flexpriority ept vpid ept_ad fsgsbase tsc_adjust bmi1 avx2 smep bmi2 erms invpcid avx512f avx512dq rdseed adx smap avx512ifma clflushopt clwb avx512cd sha_ni avx512bw avx512vl xsaveopt xsavec xgetbv1 xsaves wbnoinvd arat avx512vbmi umip pku ospke avx512_vbmi2 gfni vaes vpclmulqdq avx512_vnni avx512_bitalg avx512_vpopcntdq la57 rdpid fsrm md_clear arch_capabilities

Online cpus: 0-21
Offline cpus: 
BIOS frequency limitation: <Not Available>
Frequency switch latency (ns): <Not Available>
Available cpu frequencies: <Not Available>
Current governor: <Not Available>
Core performance/turbo boost: <Not Available>

Memory: 4k page, physical 181346016k(174260316k free), swap 0k(0k free)
Page Sizes: 4k

vm_info: OpenJDK 64-Bit Server VM (21.0.9+10-Ubuntu-122.04) for linux-amd64 JRE (21.0.9+10-Ubuntu-122.04), built on 2025-10-23T12:39:18Z by "buildd" with gcc 12.3.0

END.
