2 0 0.17341842914233097
2 1 0.16130480103911726
2 2 0.11910880935784247
2 3 0.11046062319298999
2 4 0.09452002337282994
2 5 0.08057861569842154
2 6 0.050730490066959344
2 7 0.04755241205184352
2 8 0.045746679647778656
2 9 0.037133069507352054
2 10 0.034807489499821306
2 11 0.03392411640397639
2 12 0.03301650047856674
2 13 0.0326342477210213
2 14 0.02678500676706165
2 15 0.02607590022967747
2 16 0.026057972759074982
2 17 0.025218607227324764
2 18 0.0237956897005696
2 19 0.02344541174880939
6 0 0.1178407577124493
6 1 0.11183777134404031
6 2 0.10904074639462405
6 3 0.08518346308109327
6 4 0.04556106317448046
6 5 0.0398242009019827
6 6 0.03398692668555484
6 7 0.0331095746846345
6 8 0.032120387258937184
6 9 0.028430248319506045
6 10 0.024085505824128894
6 11 0.023746872051243803
6 12 0.02274152273917
6 13 0.02210726112798169
6 14 0.020984511782726315
6 15 0.018730022948603244
6 16 0.018110297226352517
6 17 0.018058155902447425
6 18 0.015234052059488022
6 19 0.012977292110612703
7 0 0.092561620749838
7 1 0.08185076440464685
7 2 0.06154144900157945
7 3 0.060362649902380223
7 4 0.0534221081290369
7 5 0.05302271260498942
7 6 0.05245346259673827
7 7 0.04808808955148955
7 8 0.04011234575671268
7 9 0.03565749758093382
7 10 0.03565749758093382
7 11 0.03270936050294376
7 12 0.031228538981545862
7 13 0.030851311348335967
7 14 0.028274145020139512
7 15 0.026084113214421077
7 16 0.02377997486917342
7 17 0.021019723492925878
7 18 0.015972714212732376
7 19 0.015234052059488022
8 0 0.06539109036727375
8 1 0.05795335932136492
8 2 0.05698443461549209
8 3 0.05434161911227686
8 4 0.053550007352177804
8 5 0.049174255840677514
8 6 0.043705049346133194
8 7 0.04341002701267672
8 8 0.04284814115059898
8 9 0.041386912709709074
8 10 0.03789562835265529
8 11 0.037643315803435086
8 12 0.036764549071564415
8 13 0.03610797432382762
8 14 0.03398692668555484
8 15 0.029333389922496806
8 16 0.021045424438523405
8 17 0.021019723492925878
8 18 0.018730022948603244
8 19 0.016911095820541705
10 0 0.15687147940947851
10 1 0.14915850208249076
10 2 0.11619705915989471
10 3 0.09790415034878248
10 4 0.09469202447546222
10 5 0.0913404702649099
10 6 0.0913404702649099
10 7 0.08330883516605563
10 8 0.07695794570757504
10 9 0.07244186797626621
10 10 0.06657397898207339
10 11 0.06646630097998242
10 12 0.06078641275231606
10 13 0.05521625482977259
10 14 0.046266538569092144
10 15 0.03786999720045131
10 16 0.037827815582436496
10 17 0.03026853085327593
10 18 0.030172053747695663
10 19 0.02586657852457567
14 0 0.10409897423405522
14 1 0.0940448397686197
14 2 0.08090942129338151
14 3 0.061734735202936326
14 4 0.056820103240918476
14 5 0.05495467296336587
14 6 0.05468490074791075
14 7 0.054388859808170036
14 8 0.05286180676562353
14 9 0.052476000203930874
14 10 0.04305182468128676
14 11 0.03900080862581559
14 12 0.03836463618469038
14 13 0.0380519316006628
14 14 0.030426062087748323
14 15 0.02675037792601362
14 16 0.025497233772220972
14 17 0.023224777855028807
14 18 0.020679110983018268
14 19 0.016294431576067477
15 0 0.17332091456738713
15 1 0.16935799286503858
15 2 0.16796238153193258
15 3 0.13592485978052563
15 4 0.101653798530908
15 5 0.0823151055108538
15 6 0.07685258409162675
15 7 0.06179797179010781
15 8 0.04872522400966098
15 9 0.042706513378316144
15 10 0.041242934597740775
15 11 0.04103644046823168
15 12 0.03888655118165167
15 13 0.03862113256490767
15 14 0.03800784481163488
15 15 0.028819020157270572
15 16 0.026073702680934636
15 17 0.023576917592719644
15 18 0.02334821784621429
15 19 0.019664164136177477
17 0 0.15156304671274473
17 1 0.09348865055650193
17 2 0.08470739668477004
17 3 0.07735204070632865
17 4 0.07734341650645549
17 5 0.07538434990307086
17 6 0.060678017953210275
17 7 0.04344535001504437
17 8 0.04331194277273688
17 9 0.04309513808406184
17 10 0.032600237588975546
17 11 0.024535842980235593
17 12 0.022435776745110075
17 13 0.020480437486202558
17 14 0.020132756980467136
17 15 0.019716752515062868
17 16 0.019007042359139886
17 17 0.017279835068049663
17 18 0.014544414106288218
17 19 0.013583343043497611
19 0 0.11706308576798075
19 1 0.07959502683467164
19 2 0.07291140774713863
19 3 0.05078178255229424
19 4 0.04974038589560622
19 5 0.047764648102702985
19 6 0.041817096551851445
19 7 0.041227199016957324
19 8 0.040562664049740044
19 9 0.03071639505968147
19 10 0.03002184327431421
19 11 0.02762856933396449
19 12 0.02729168039591813
19 13 0.024110222116985
19 14 0.022100474192036007
19 15 0.02028643448783085
19 16 0.01971848225943813
19 17 0.018178145836422056
19 18 0.017709030484834742
19 19 0.01476071043497511
20 0 0.20502557087557044
20 1 0.1833174864599159
20 2 0.1744043042112966
20 3 0.16256998549645113
20 4 0.16172132801181918
20 5 0.14370588000730009
20 6 0.12428420452862379
20 7 0.10600742742296111
20 8 0.1047575371503542
20 9 0.08718345502140884
20 10 0.0840933355452444
20 11 0.05834412687292337
20 12 0.05767019431958008
20 13 0.04429937970467166
20 14 0.04208955486980425
20 15 0.03732632552778199
20 16 0.03695279883073815
20 17 0.03451493445714219
20 18 0.030628019646676715
20 19 0.0214663691444062
21 0 0.14990395588745065
21 1 0.12850982856429172
21 2 0.07546021720816683
21 3 0.06705365954439771
21 4 0.05969818284224856
21 5 0.058504308370042696
21 6 0.05816110973195789
21 7 0.05707548669945485
21 8 0.05212398118994779
21 9 0.04986632335849601
21 10 0.047385239897521664
21 11 0.045706516379252965
21 12 0.03750306126332803
21 13 0.03624525981524693
21 14 0.03572152264482162
21 15 0.03387104701656789
21 16 0.023697771455727937
21 17 0.023596123980101226
21 18 0.02314900675163746
21 19 0.019822978060044825
28 0 0.14150991576312996
28 1 0.11318064150731828
28 2 0.10692368263870738
28 3 0.09679838909277859
28 4 0.08349882410114429
28 5 0.08307691737821528
28 6 0.05042890338189337
28 7 0.049907041201554224
28 8 0.04581362848896379
28 9 0.04504496177857103
28 10 0.042174189734176346
28 11 0.03255761457490423
28 12 0.025886214990166145
28 13 0.02302240153573912
28 14 0.021258690413514705
28 15 0.020659838574859004
28 16 0.018287764849376855
28 17 0.015188561857357381
28 18 0.015061798191592606
28 19 0.014708994473509084
30 0 0.20182603044878425
30 1 0.1987135619962206
30 2 0.1832405552771453
30 3 0.11827027002896724
30 4 0.10647217597168177
30 5 0.09058252910142853
30 6 0.07686796881913452
30 7 0.07603312665380947
30 8 0.05866153213632189
30 9 0.05568864292562498
30 10 0.042674000974769796
30 11 0.02841199074501515
30 12 0.01578805032494073
31 0 0.095169584827669
31 1 0.09182734897830948
31 2 0.08363939176836835
31 3 0.0740289546551127
31 4 0.0555839188817583
31 5 0.05356599569822438
31 6 0.05244757731598493
31 7 0.05146714990433201
31 8 0.047742114268126246
31 9 0.0467535455514312
31 10 0.04142821908084263
31 11 0.04035461182987766
31 12 0.03719512149314114
31 13 0.03551412686012019
31 14 0.03394932125058733
31 15 0.033200939895714265
31 16 0.0255375498316893
31 17 0.024928817512076547
31 18 0.023242067753549683
31 19 0.01856711196390376
34 0 0.20498988192946363
34 1 0.15131135287252678
34 2 0.06401476464648255
34 3 0.060319717533807764
34 4 0.04072057065949125
34 5 0.03788154517762181
34 6 0.033186143696281825
34 7 0.025017100495992546
34 8 0.021160402452318025
34 9 0.012175510321288757
36 0 0.14744949200403756
36 1 0.13058168883688367
36 2 0.05392670681916624
36 3 0.05228699214896777
36 4 0.04103018924373919
36 5 0.040817032674608046
36 6 0.03324740343273873
36 7 0.03229972609943181
36 8 0.030559929589191653
36 9 0.02417910819641811
106 0 0.2038009646745077
106 1 0.171715621244364
106 2 0.15193792400626915
106 3 0.0897383912106059
106 4 0.08520735128476645
106 5 0.05397160472060568
106 6 0.0439313383910992
106 7 0.03607680119891424
106 8 0.03245066846029157
106 9 0.025980818991968187
106 10 0.023402537855782876
106 11 0.021180991503415056
106 12 0.018382542391508803
106 13 0.01726813618624446
106 14 0.015663750177337447
106 15 0.014849409349790505
106 16 0.014799773985975418
106 17 0.014799773985975418
106 18 0.014693828557721625
106 19 0.013743008635397057
110 0 0.20912654013774354
110 1 0.19340363534360325
110 2 0.15786511097666778
110 3 0.1569881890539563
110 4 0.12741614722429562
110 5 0.11093324896364204
110 6 0.06784561461254071
110 7 0.06649334309052087
110 8 0.048327035722691106
110 9 0.04451521860368462
110 10 0.04198325387250494
110 11 0.033786717734081054
110 12 0.032109563624013245
110 13 0.03168585359069955
110 14 0.027810064224427413
110 15 0.02769375259092362
110 16 0.027265902111695318
110 17 0.02624613574808376
110 18 0.021413844899990556
110 19 0.017136428507385292
112 0 0.22106105953003052
112 1 0.21472997630485446
112 2 0.21326156857596865
112 3 0.1982483984597545
112 4 0.1964307974061704
112 5 0.19584180152646863
112 6 0.1953639318197607
112 7 0.18591609445039547
112 8 0.17754680268616577
112 9 0.17472969987510253
112 10 0.1659934231297433
112 11 0.1430404056587318
112 12 0.1372953002205635
112 13 0.12926364248601402
112 14 0.11866287861706905
112 15 0.11489060983020184
112 16 0.06608906202892494
112 17 0.0480694830100309
112 18 0.031812273948420386
112 19 0.02996760248967884
113 0 0.17824217124286837
113 1 0.09680613804577048
113 2 0.09550949751733319
113 3 0.09495093910245062
113 4 0.09117376591495563
113 5 0.049474114667676164
113 6 0.04928824165649898
113 7 0.043577938599708606
113 8 0.03368051859741017
113 9 0.02739785123797001
113 10 0.026795077765120013
113 11 0.0256508282820356
113 12 0.023355908323660243
113 13 0.02181364220762793
113 14 0.02117320105164861
113 15 0.021067116979761685
113 16 0.020865321643315598
113 17 0.019945676732212342
113 18 0.017945045333507232
113 19 0.017701443754325145
116 0 0.08531468975142933
116 1 0.07586974975105035
116 2 0.044295376959236216
116 3 0.041119894503837254
116 4 0.038833836420134715
116 5 0.03761401012337613
116 6 0.03447430338424892
116 7 0.03297711436890976
116 8 0.03075196139577258
116 9 0.025312750969990968
116 10 0.020765924533053867
116 11 0.020555080577449515
116 12 0.01933456955091098
116 13 0.016736352026173722
116 14 0.016352246914237326
116 15 0.01605642478621693
116 16 0.014904345238899466
116 17 0.013850452735304226
116 18 0.012479853845399928
116 19 0.01232194063357095
117 0 0.14474372663245677
117 1 0.08531468975142933
117 2 0.07804471561530181
117 3 0.041119894503837254
117 4 0.03657023671869157
117 5 0.0360943023639237
117 6 0.033829570877720296
117 7 0.03297711436890976
117 8 0.026373951973675574
117 9 0.025312750969990968
117 10 0.023918984446044185
117 11 0.02042732848632745
117 12 0.01933456955091098
117 13 0.017537702794134802
117 14 0.01605642478621693
117 15 0.014694739644453633
117 16 0.014562547184455486
117 17 0.013850452735304226
117 18 0.012479853845399928
117 19 0.01232194063357095
121 0 0.19639317688073943
121 1 0.16233477044234254
121 2 0.15615812302031956
121 3 0.11564279398186939
121 4 0.06870011965176731
121 5 0.06724399556014618
121 6 0.06407341373275913
121 7 0.04792540303743418
121 8 0.04111194937482024
121 9 0.03791841495249516
121 10 0.03624431288866418
121 11 0.03505581439406954
121 12 0.028760672880263398
121 13 0.027476423508642992
121 14 0.026442779577562737
121 15 0.02038285123155724
121 16 0.01966228725978338
121 17 0.0189400180656374
121 18 0.01803720845284298
121 19 0.017156964741860174
123 0 0.17579475460589583
123 1 0.17384739065693225
123 2 0.1729812885965289
123 3 0.15984614174963316
123 4 0.13647194944317093
123 5 0.13497133866523991
123 6 0.10704379518269772
123 7 0.09847859902169909
123 8 0.0747908646104867
123 9 0.06893663248573431
123 10 0.06815842482981257
123 11 0.06597799621778494
123 12 0.06491070055316633
123 13 0.05252594586540107
123 14 0.04047491300466136
123 15 0.023065531966644622
123 16 0.021240977982016667
123 17 0.018616784110723553
123 18 0.016715329124251926
123 19 0.014883293099204699
124 0 0.19828577753776996
124 1 0.13396278262967873
124 2 0.1330483759957075
124 3 0.11796255284311653
124 4 0.06491070055316633
124 5 0.04755241205184352
124 6 0.04467679596867494
124 7 0.039555809463935096
124 8 0.03953960607878407
124 9 0.03900853117049642
124 10 0.037047442445006795
124 11 0.031508176587494566
124 12 0.027272904086745448
124 13 0.024765653762113937
124 14 0.023874773160692638
124 15 0.021201454171880522
124 16 0.0192485727722107
124 17 0.01880865558113011
124 18 0.015846097678986433
124 19 0.014463391521609274
127 0 0.18150068520089574
127 1 0.1714508741532444
127 2 0.1630990722361766
127 3 0.15876555893192912
127 4 0.15519468747053397
127 5 0.1397562228223418
127 6 0.1390096674135486
127 7 0.10673305990415298
127 8 0.08621835952064155
127 9 0.07771322340425395
127 10 0.06599392420197764
127 11 0.05752056482904222
127 12 0.052186682065666096
127 13 0.03649779872141918
127 14 0.028421552439931396
127 15 0.026769646561557014
127 16 0.026042701210043234
127 17 0.024320075760924122
127 18 0.023121702444296233
127 19 0.021648616671734695
132 0 0.18029516843612267
132 1 0.09781388674153604
132 2 0.05763524103356744
132 3 0.0350021564785857
132 4 0.03454364783650994
132 5 0.028419788742013327
132 6 0.02609536126863011
132 7 0.02491533229665807
132 8 0.02470871367082535
132 9 0.021212792768870375
132 10 0.02065112949112882
132 11 0.019890966256901465
132 12 0.018975261843071838
132 13 0.018897366756947073
132 14 0.01819477364085818
132 15 0.015799159735516627
132 16 0.015603469434698168
132 17 0.014653806762290965
132 18 0.014522201887214186
132 19 0.013102930593694988
133 0 0.18029516843612267
133 1 0.08359242270081764
133 2 0.06401576061707158
133 3 0.04042454103759814
133 4 0.03006677701560439
133 5 0.029584017998732164
133 6 0.02691272113202504
133 7 0.026112796412861884
133 8 0.02586184766427779
133 9 0.0238404008575236
133 10 0.02088643697432615
133 11 0.018912189364690586
133 12 0.018213681991586225
133 13 0.016787431358712104
133 14 0.016146518625749343
133 15 0.014722175993350222
133 16 0.014292753276459126
133 17 0.014196376145199347
133 18 0.013945365148453438
133 19 0.012652913166783061
135 0 0.061313326465301826
135 1 0.041399015261412105
135 2 0.04089021387720634
135 3 0.03920397153551366
135 4 0.03262683830345748
135 5 0.030320128920496098
135 6 0.028419788742013327
135 7 0.027004054275869934
135 8 0.02658392634132246
135 9 0.020808532456661716
135 10 0.019979330352058615
135 11 0.019800223527439837
135 12 0.01866371545211559
135 13 0.01462260911537445
135 14 0.014117465282252252
135 15 0.014062500155370318
135 16 0.013078213357684916
135 17 0.012808579785862927
135 18 0.012652913166783061
135 19 0.011054233239375683
136 0 0.09538049669035897
136 1 0.033283914809104656
136 2 0.032380969382139003
136 3 0.030246977898824752
136 4 0.026029917701176117
136 5 0.0224024249345332
136 6 0.022401781703527787
136 7 0.0222006956188648
136 8 0.01762403533564729
136 9 0.015443315289043878
141 0 0.05330221816938276
141 1 0.029391550455018536
141 2 0.028219643925009284
141 3 0.02786250924390984
141 4 0.026520574689367013
141 5 0.025466415273199143
141 6 0.023584496777997507
141 7 0.02197026612798418
141 8 0.018980368078648537
141 9 0.016086984861051833
146 0 0.16755661405968486
146 1 0.07401960611299295
146 2 0.06334935065976814
146 3 0.059616418938551644
146 4 0.048894712550125494
146 5 0.043364178412038656
146 6 0.038578826450569224
146 7 0.036617032245912375
146 8 0.027561073463478563
146 9 0.020569329747581164
151 0 0.05543517972856518
151 1 0.040040100162849535
151 2 0.03734472834798379
151 3 0.03723315700631755
151 4 0.029317810905271854
151 5 0.028833071265069177
151 6 0.028325746859975548
151 7 0.027223492250420513
151 8 0.025638967177748096
151 9 0.017075689391918107
153 0 0.11139954428486838
153 1 0.06098971147618536
153 2 0.05501042468065618
153 3 0.053645884611835136
153 4 0.03057133043434332
153 5 0.029001143188275437
153 6 0.02844997910049321
153 7 0.02806026222245387
153 8 0.020134422590372653
153 9 0.01896536061272751
247 0 0.08921137186437583
247 1 0.0768897443579219
247 2 0.07148704908112208
247 3 0.055182991675668605
247 4 0.0511340015149183
247 5 0.0463053927399118
247 6 0.029459827256989042
247 7 0.028814645809172174
247 8 0.02452941067018146
247 9 0.023088493993122326
249 0 0.140834436437281
249 1 0.1404703488251377
249 2 0.12420872957557805
249 3 0.10935556364353745
249 4 0.08915577105172022
249 5 0.08880795850442944
249 6 0.08529488351812481
249 7 0.08065458109153006
249 8 0.07437332657673229
249 9 0.05936838453572522
249 10 0.05273345105596265
249 11 0.04517291759094994
249 12 0.04367195218712738
249 13 0.03482189334720352
249 14 0.031640253982708755
249 15 0.02938429382839735
249 16 0.02683625020839027
249 17 0.023172049889356314
249 18 0.02280197890844712
249 19 0.014159807236441441
253 0 0.1760651455303532
253 1 0.17483417115370609
253 2 0.1624247548760148
253 3 0.12220134330816212
253 4 0.07611415489741222
253 5 0.07456781246993505
253 6 0.07365432635423552
253 7 0.07200192814949043
253 8 0.06234019855089987
253 9 0.05047967147362268
253 10 0.05004734855828342
253 11 0.04714498462861407
253 12 0.04654873023598316
253 13 0.03935680020430718
253 14 0.026015536489489104
253 15 0.025838629099921094
253 16 0.024746056908990066
253 17 0.02279265111571466
253 18 0.02251267586064581
253 19 0.020018605169547506
254 0 0.20196567759773662
254 1 0.12772969687427754
254 2 0.11259126082079801
254 3 0.10716987600499046
254 4 0.10468070405559615
254 5 0.09482012741985998
254 6 0.05860947380996588
254 7 0.057175615697194884
254 8 0.04903587629065662
254 9 0.0361483941302323
254 10 0.03164544321583454
254 11 0.0298519699270312
254 12 0.026431420231185613
254 13 0.026098752850295014
254 14 0.023388482975368406
254 15 0.023225988864722283
254 16 0.022937438453786544
254 17 0.019612394414935334
254 18 0.018326539795263296
254 19 0.011103226315339321
255 0 0.18340267212620467
255 1 0.1760651455303532
255 2 0.1705066336729928
255 3 0.12688321241638528
255 4 0.12104345959133248
255 5 0.12046830166663278
255 6 0.09734546366496041
255 7 0.09264544072918271
255 8 0.08146376946895593
255 9 0.07027975164165955
255 10 0.06453272971463055
255 11 0.06203949465794689
255 12 0.034860343848125364
255 13 0.03280244979947499
255 14 0.029664974562633426
255 15 0.024925571176122537
255 16 0.022937438453786544
255 17 0.022043803842781953
255 18 0.019294023361874732
255 19 0.013476841154403358
262 0 0.09795247755804551
262 1 0.09550949751733319
262 2 0.08857416949911878
262 3 0.06437185028357573
262 4 0.05501540453360132
262 5 0.05494139712812804
262 6 0.05333526251176643
262 7 0.04922638961935087
262 8 0.03494469953892326
262 9 0.03031028427938979
262 10 0.029131104145987942
262 11 0.025861489265770372
262 12 0.02555174995781467
262 13 0.023201732831002016
262 14 0.021362399623713023
262 15 0.020770725186745293
262 16 0.02030201161874787
262 17 0.019916091878579192
262 18 0.018849377196804195
262 19 0.016975645278035092
265 0 0.163911889870067
265 1 0.12282822379640562
265 2 0.11372684837785059
265 3 0.11131571676029192
265 4 0.10287131975937151
265 5 0.06176001550186463
265 6 0.0545358975116069
265 7 0.0481932700818762
265 8 0.04222893416303004
265 9 0.0413677176401751
265 10 0.04101323133541466
265 11 0.040847202283700666
265 12 0.03749440310991206
265 13 0.0335650463709369
265 14 0.03120158741378825
265 15 0.025776661997989028
265 16 0.025595493438798647
265 17 0.024642479740347112
265 18 0.023199601303036863
265 19 0.021832995727028345
272 0 0.17423521556811403
272 1 0.16997840708968515
272 2 0.15045662902157986
272 3 0.1394455252699557
272 4 0.12078574465618996
272 5 0.10418553313251976
272 6 0.096153000151089
272 7 0.06011751286854005
272 8 0.05824170035212001
272 9 0.05512150180964378
272 10 0.051433343493543095
272 11 0.047393932004480444
272 12 0.046892811666180964
272 13 0.04342992378876205
272 14 0.03749438424683272
272 15 0.02769902859421436
272 16 0.024505726187765125
272 17 0.024149619544489583
272 18 0.019483546378903753
272 19 0.014828928761399667
273 0 0.15769448310621126
273 1 0.145788877041933
273 2 0.12024308404457315
273 3 0.10775888697515573
273 4 0.10514050293229861
273 5 0.09292301471425188
273 6 0.08839317448025831
273 7 0.0794923890473797
273 8 0.06797059383100015
273 9 0.06707351104909264
273 10 0.06699486709871817
273 11 0.06156870237860646
273 12 0.05901279285451559
273 13 0.04990983670991206
273 14 0.048257027290037405
273 15 0.04523297386294511
273 16 0.032684812091493765
273 17 0.03267827037557947
273 18 0.02798442887090071
273 19 0.025572776632352332
274 0 0.20140247132010525
274 1 0.17995931508113194
274 2 0.14075670545994648
274 3 0.1367921841684701
274 4 0.12324356616772514
274 5 0.10345073319476979
274 6 0.08131422297596716
274 7 0.0671138403127165
274 8 0.06221080537187543
274 9 0.04338761390180774
274 10 0.03888202404261064
274 11 0.03882080957754414
274 12 0.03509773192897363
274 13 0.030501327660613423
274 14 0.028993754520098888
274 15 0.028859704046785985
274 16 0.020503033568941113
274 17 0.01960165566386842
274 18 0.017374729561273502
274 19 0.016302938824848748
287 0 0.08121311687071743
287 1 0.07915852763356702
287 2 0.06960286135747612
287 3 0.050623883487774766
287 4 0.036594207919913836
287 5 0.028262206577226723
287 6 0.02691272113202504
287 7 0.021299106447303522
287 8 0.020849431385281576
287 9 0.01848172634897402
384 0 0.19272267817951463
384 1 0.12840857155440727
384 2 0.0769239695290721
384 3 0.07140842776644281
384 4 0.05996626492579503
384 5 0.05960307142361233
384 6 0.05159409088304256
384 7 0.034392441392539455
384 8 0.0339797058987844
384 9 0.01841751642690871
389 0 0.12662113633729993
389 1 0.06095190609257687
389 2 0.048925425415903036
389 3 0.04567318909067923
389 4 0.04132810517356607
389 5 0.04116673907506433
389 6 0.025943390869946452
389 7 0.024116501636096497
389 8 0.022431479735636962
389 9 0.01765926402261826
390 0 0.1736984025110919
390 1 0.16033576692738427
390 2 0.14851809299374633
390 3 0.13206044862370997
390 4 0.12520024093264975
390 5 0.11066934693847678
390 6 0.09962255424074584
390 7 0.09130278183239332
390 8 0.062073421792443566
390 9 0.04152031240678483
390 10 0.04132810517356607
390 11 0.03988802224461366
390 12 0.03856523371559853
390 13 0.0326897919444389
390 14 0.03150111236428262
390 15 0.030310359731707138
390 16 0.030251025915650608
390 17 0.022431479735636962
390 18 0.01765926402261826
390 19 0.015693518945994137
392 0 0.19136112602246066
392 1 0.17780506087799322
392 2 0.1435583556364163
392 3 0.0963756071229683
392 4 0.07291923969767962
392 5 0.05321827746633028
392 6 0.05229118729781246
392 7 0.04483564573239303
392 8 0.04372925444953925
392 9 0.043261284086867725
392 10 0.03925362293294618
392 11 0.03915558019178089
392 12 0.038044254327372386
392 13 0.03092165743010981
392 14 0.028154928472417726
392 15 0.02582513445296295
392 16 0.024076259142637585
392 17 0.023475437998499035
392 18 0.021694150258947813
392 19 0.02013499791429245
395 0 0.16377396303395023
395 1 0.15437672398860025
395 2 0.132644027027026
395 3 0.09525136004921352
395 4 0.08973340381242902
395 5 0.07709314871503548
395 6 0.0760474248679474
395 7 0.07529216226173197
395 8 0.07370730897147908
395 9 0.06903811585257079
395 10 0.0616331650659349
395 11 0.04233034207754916
395 12 0.0413541249052044
395 13 0.040070431994424456
395 14 0.0339665432420226
395 15 0.03305590167868719
395 16 0.030452119545545334
395 17 0.027415608940858458
395 18 0.024980607982705957
395 19 0.018411091662086314
396 0 0.20248365775634808
396 1 0.19095028815448697
396 2 0.186416614942772
396 3 0.13731532526558834
396 4 0.13242842957542855
396 5 0.06476008263727119
396 6 0.051659707990826455
396 7 0.04749152957697337
396 8 0.042981167358703845
396 9 0.03799003429212429
396 10 0.03748999669457879
396 11 0.035652725221861394
396 12 0.034708375335749636
396 13 0.034291116475569414
396 14 0.034215509480968305
396 15 0.027621229709794217
396 16 0.02636095719831988
396 17 0.02468317683401806
396 18 0.02190455659111153
396 19 0.0209028761479689
398 0 0.17680853194181767
398 1 0.11129417512368835
398 2 0.10510765853855591
398 3 0.09593599174115712
398 4 0.09264166056808344
398 5 0.09174525685703208
398 6 0.09164135147080865
398 7 0.07932586578298705
398 8 0.06465456257145646
398 9 0.04805559223840667
398 10 0.042981167358703845
398 11 0.042304303482831485
398 12 0.042175283792777934
398 13 0.03518510193984969
398 14 0.034513557452350546
398 15 0.030849458993945013
398 16 0.0286421429486295
398 17 0.026489778826040387
398 18 0.020417587592157494
398 19 0.01704984697322555
400 0 0.1737846143288966
400 1 0.1491923047206638
400 2 0.14812239086063314
400 3 0.14507595827621467
400 4 0.11759441344153151
400 5 0.11034233659507955
400 6 0.11031853138895545
400 7 0.10795205245280484
400 8 0.10631451080934606
400 9 0.08832609737013368
400 10 0.06606810137516494
400 11 0.05894754169047084
400 12 0.053057945064576256
400 13 0.032397402896857955
400 14 0.03198639903378609
400 15 0.024240699923071353
400 16 0.02215419058306579
400 17 0.021666430963861158
400 18 0.019947687536469732
400 19 0.012752567758077754
404 0 0.20836548279355557
404 1 0.19909352477593445
404 2 0.18893853319789647
404 3 0.18391807181556274
404 4 0.1381410452457457
404 5 0.11941875238705502
404 6 0.11920409808942448
404 7 0.11870165356295549
404 8 0.10491156551099359
404 9 0.10379535410903665
404 10 0.08642008129107821
404 11 0.08209692759000299
404 12 0.07572522838239712
404 13 0.06889270414657284
404 14 0.06418280450245394
404 15 0.04864012511353717
404 16 0.03582694462262379
404 17 0.030797964673661204
404 18 0.025647391428980284
404 19 0.024411884254368327
406 0 0.12099928225952374
406 1 0.11109717666831782
406 2 0.07971066505624307
406 3 0.05829344932397488
406 4 0.0546998931233683
406 5 0.04657453492851705
406 6 0.041559038308664996
406 7 0.04098851315625062
406 8 0.03954782283614354
406 9 0.03694334465537412
406 10 0.035051717333237406
406 11 0.03457609610558654
406 12 0.033993762665506806
406 13 0.03353082497240256
406 14 0.0327906566022731
406 15 0.030063491067183774
406 16 0.028350344315431823
406 17 0.021937178400518037
406 18 0.01768951662925996
406 19 0.017643087045778303
408 0 0.09757009275894471
408 1 0.07590467662875192
408 2 0.06904535927503645
408 3 0.06838087335182544
408 4 0.04350740954606519
408 5 0.04185446808463517
408 6 0.040988079305425855
408 7 0.0406523919455333
408 8 0.04054856578424309
408 9 0.037738664896870965
408 10 0.03550986003157402
408 11 0.029095273726786105
408 12 0.027208262200163306
408 13 0.02600010083166712
408 14 0.025485150083597283
408 15 0.024926708619806597
408 16 0.024715636420942263
408 17 0.02378774457155259
408 18 0.0234266014860939
408 19 0.022431436350554484
409 0 0.0830730919457256
409 1 0.07948903896448932
409 2 0.0620314778492284
409 3 0.04715183192641363
409 4 0.045110514751885177
409 5 0.041349371409211313
409 6 0.03568944031948417
409 7 0.03300122138430325
409 8 0.03286049526721276
409 9 0.03269574513227786
409 10 0.03181828749811322
409 11 0.02960728183447927
409 12 0.028881172117380144
409 13 0.02729493427710387
409 14 0.026429424517391692
409 15 0.02606557080743218
409 16 0.021158912269050353
409 17 0.020440389282460825
409 18 0.019894018303138295
409 19 0.015679638549063537
412 0 0.1597275307067581
412 1 0.15252999834051884
412 2 0.11780277501589503
412 3 0.10790168048574163
412 4 0.08584652295550635
412 5 0.07352712883764598
412 6 0.06839398696458097
412 7 0.06014775415733415
412 8 0.04720674235036549
412 9 0.04412468118169409
412 10 0.04330390332832318
412 11 0.037053327725760137
412 12 0.036524927602122566
412 13 0.03528532525298641
412 14 0.032919287712892306
412 15 0.03200571482702783
412 16 0.029853620446473245
412 17 0.02957244927217439
412 18 0.029264964102199535
412 19 0.027243026855382567
416 0 0.14113508374099595
416 1 0.1273023802201945
416 2 0.12624351257942393
416 3 0.1144622594793711
416 4 0.11063580083818274
416 5 0.10407803621599045
416 6 0.10285540686564229
416 7 0.08162433954550961
416 8 0.07493356757829178
416 9 0.06320962428588255
416 10 0.06296697717851495
416 11 0.05482748676462393
416 12 0.050796363712622236
416 13 0.04837783776796322
416 14 0.042441671971799884
416 15 0.040308506691360615
416 16 0.03810607241097768
416 17 0.035819516341980634
416 18 0.03373176203873879
416 19 0.026113492460489444
418 0 0.08954043451080501
418 1 0.06291855188123936
418 2 0.05152536513978381
418 3 0.04250917161490168
418 4 0.039853442447571906
418 5 0.034173557992521406
418 6 0.03312810954639166
418 7 0.03231406958496015
418 8 0.03043360920579131
418 9 0.024871479409813935
518 0 0.1326154004178232
518 1 0.11208541339481652
518 2 0.08101847252764825
518 3 0.07809717006632391
518 4 0.06728447572840475
518 5 0.06524876466105543
518 6 0.05455197262781843
518 7 0.046380611155078556
518 8 0.04578638642978437
518 9 0.04487092346337027
518 10 0.030588465655613628
518 11 0.022885151884170556
518 12 0.0220798304380089
518 13 0.02184824086774902
518 14 0.021761289617234256
518 15 0.020924978018028804
518 16 0.019118923055307265
518 17 0.018272332964170735
518 18 0.01469650994444947
518 19 0.014089120676085554
522 0 0.21148323290833376
522 1 0.1763607375288057
522 2 0.12017386408863576
522 3 0.1173239546099885
522 4 0.07760982354855678
522 5 0.061625525518803154
522 6 0.05797608178673504
522 7 0.053932222383564564
522 8 0.03835145466484924
522 9 0.03537300084574774
522 10 0.033965999985337676
522 11 0.03301722859342917
522 12 0.02927694970281067
522 13 0.028740938326660366
522 14 0.02778985432122507
522 15 0.02638075965900853
522 16 0.026310628616339135
522 17 0.02576064912993931
522 18 0.021210759328917778
522 19 0.017271476837595157
523 0 0.1434576569736803
523 1 0.07982341345405998
523 2 0.07848333502652398
523 3 0.0750277848869674
523 4 0.07366906219181409
523 5 0.06859914936068882
523 6 0.05224955270909843
523 7 0.019173974952354154
523 8 0.018748193752929188
523 9 0.01805667892333529
526 0 0.07874539601514587
526 1 0.039142323219622396
526 2 0.03710204728707338
526 3 0.03559142398662995
526 4 0.030409894542448038
526 5 0.030147997662616378
526 6 0.029131160735225956
526 7 0.021022618975604205
526 8 0.017437619067785178
526 9 0.01646944699877792
527 0 0.08270354913103786
527 1 0.06984150194679241
527 2 0.05119106610253051
527 3 0.05107253428458868
527 4 0.04336175262003584
527 5 0.04007179390875263
527 6 0.035132877618395515
527 7 0.03324493614196137
527 8 0.03260205221720783
527 9 0.03194923122225921
527 10 0.030449459851358728
527 11 0.02665854113795041
527 12 0.021015075630177085
527 13 0.01937130917053689
527 14 0.018036753852630944
527 15 0.017271571152991844
527 16 0.016887198185328856
527 17 0.015863936493116033
527 18 0.015063385519718869
527 19 0.012449466367740965
529 0 0.1851963849761156
529 1 0.10324752501368131
529 2 0.0985105002614749
529 3 0.08878538317107816
529 4 0.06595542842966538
529 5 0.04712131523666121
529 6 0.04035461182987766
529 7 0.03511959801054182
529 8 0.03371886723770358
529 9 0.033596317583862834
529 10 0.029196513759899127
529 11 0.027714315233709576
529 12 0.027686682708787876
529 13 0.027680267375505146
529 14 0.024336139559288053
529 15 0.02116811367915125
529 16 0.019956660703310647
529 17 0.019012801257261666
529 18 0.015909326720926185
529 19 0.015140777904779284
530 0 0.18023403696860527
530 1 0.1470228996922011
530 2 0.12969109495426828
530 3 0.11248441279419791
530 4 0.11013598205235756
530 5 0.07715588731691245
530 6 0.07534988328450512
530 7 0.06897646376406368
530 8 0.06262760397291982
530 9 0.05829960246045481
530 10 0.05454979960107874
530 11 0.05142878994619099
530 12 0.05079960438965244
530 13 0.043027959113308784
530 14 0.04139744962582708
530 15 0.037776824906371
530 16 0.027506430895253304
530 17 0.025890787400597588
530 18 0.017733079024682293
530 19 0.015675838581730973
531 0 0.061120877784667536
531 1 0.04339039054708624
531 2 0.041578674774255475
531 3 0.033928764266725184
531 4 0.026884434058250323
531 5 0.026119432444172863
531 6 0.023327955126389802
531 7 0.021733540141220663
531 8 0.019125653402014935
531 9 0.01758920654595828
536 0 0.19049443543398195
536 1 0.164357405623095
536 2 0.1572839923188974
536 3 0.11264824241086115
536 4 0.09566378241585158
536 5 0.08685329831637807
536 6 0.0807793264078057
536 7 0.06657397898207339
536 8 0.062318547508436135
536 9 0.05906090879729003
536 10 0.05683337153092457
536 11 0.0435413668614888
536 12 0.042024462155625934
536 13 0.03921672674976177
536 14 0.03879286581181337
536 15 0.02883473310235882
536 16 0.02395710295676968
536 17 0.020316934200811872
536 18 0.020121048667122266
536 19 0.018974331893260494
537 0 0.18065149955004234
537 1 0.1627056940344378
537 2 0.14800673754859825
537 3 0.11582494342118532
537 4 0.09971421371586327
537 5 0.09278511805906203
537 6 0.0631906932994593
537 7 0.05850275782492114
537 8 0.04933109480013821
537 9 0.03851729885838573
537 10 0.03779463165326572
537 11 0.03595214642541941
537 12 0.03532306272950928
537 13 0.03136677328585585
537 14 0.02783385999901184
537 15 0.02767987879607079
537 16 0.027264926890493563
537 17 0.02420569947936037
537 18 0.02180369759220113
537 19 0.017018379584274504
538 0 0.18843730345373683
538 1 0.14065962850844327
538 2 0.1251959024244021
538 3 0.12132073931236396
538 4 0.10670918679094328
538 5 0.09676320567719802
538 6 0.08392829114627183
538 7 0.07137603608660423
538 8 0.06367277701809124
538 9 0.053252276280528435
538 10 0.04525938594663366
538 11 0.04394181117274745
538 12 0.0430205911945195
538 13 0.036483775908239584
538 14 0.03584328759456192
538 15 0.026218640923641224
538 16 0.025194685070108778
538 17 0.02493781708722853
538 18 0.02359323038373083
538 19 0.017972804241060493
542 0 0.1397031949337078
542 1 0.09632082874057181
542 2 0.091247286652982
542 3 0.09058683742874925
542 4 0.059358183382419424
542 5 0.05284936090587655
542 6 0.0464142742064645
542 7 0.04278846591280643
542 8 0.03691189990211829
542 9 0.030388882958373845
542 10 0.027295500169484
542 11 0.02713455094503563
542 12 0.024437526724419907
542 13 0.02205836802633854
542 14 0.020096734157856056
542 15 0.019800804510283435
542 16 0.019231890264844495
542 17 0.01911632938189834
542 18 0.01836348124983812
542 19 0.01679286392556134
545 0 0.15109285805194309
545 1 0.1281591111027829
545 2 0.12608770354409507
545 3 0.10811341477869071
545 4 0.10591035801668963
545 5 0.09988560365472503
545 6 0.08051079161035514
545 7 0.08051079161035514
545 8 0.07732345936851627
545 9 0.045475470065678
545 10 0.04403595302910572
545 11 0.04258427307897653
545 12 0.038755426371944034
545 13 0.03528031521911434
545 14 0.030752540492308245
545 15 0.024771086328963174
545 16 0.02236817712768779
545 17 0.020368673741127073
545 18 0.020011197638291615
545 19 0.017317776265829383
547 0 0.14668285118836566
547 1 0.11198801199834871
547 2 0.09643409021414671
547 3 0.08198604286442464
547 4 0.07717544455756971
547 5 0.07222928107213107
547 6 0.0709737771471133
547 7 0.06734166103972472
547 8 0.06636124871853527
547 9 0.06428143577169457
547 10 0.06315812053405906
547 11 0.06315812053405906
547 12 0.05298947208658064
547 13 0.045475470065678
547 14 0.034136654264105254
547 15 0.033913338040442866
547 16 0.025731698075771907
547 17 0.021663573207341507
547 18 0.018321478831077008
547 19 0.015940548889845838
549 0 0.17446747289138248
549 1 0.12166984963951319
549 2 0.09632082874057181
549 3 0.07317563421726848
549 4 0.059612333195567115
549 5 0.055860564803324055
549 6 0.05326899274143745
549 7 0.029837288792382722
549 8 0.025905251609833688
549 9 0.02116669894820093
550 0 0.046994589297055106
550 1 0.04416306377553031
550 2 0.03812465631674112
550 3 0.03531941083734952
550 4 0.03247073123147508
550 5 0.030824084379620025
550 6 0.026661040495962646
550 7 0.02539725567911564
550 8 0.02526779836562145
550 9 0.025158558500561336
550 10 0.023750433400622748
550 11 0.023424130422700667
550 12 0.020645404546549846
550 13 0.020630142429057766
550 14 0.01829693985116668
550 15 0.01785662276280413
550 16 0.016704296109147344
550 17 0.016482385184895604
550 18 0.015773517265465047
550 19 0.01317919873922688
551 0 0.08485242358394951
551 1 0.07138713512248648
551 2 0.06328228109487524
551 3 0.0532816385498254
551 4 0.04555805262701817
551 5 0.03776405837427529
551 6 0.03581847132738533
551 7 0.03137862684491162
551 8 0.030377465136450774
551 9 0.028833165580465864
551 10 0.027860475803957244
551 11 0.027025030020093387
551 12 0.025058544567605263
551 13 0.022948024413910827
551 14 0.019939585843894218
551 15 0.019939585843894218
551 16 0.019568271786056673
551 17 0.01869352666270079
551 18 0.017864643344138495
551 19 0.01774200503382486
645 0 0.10633327580067115
645 1 0.10364520399750907
645 2 0.09683854481607254
645 3 0.09101031355987915
645 4 0.08939051830146122
645 5 0.06785035301807033
645 6 0.06209833992024858
645 7 0.05231827090712544
645 8 0.052076084058893676
645 9 0.05113304327048795
645 10 0.05059862959715754
645 11 0.04763287063045027
645 12 0.04737489915742877
645 13 0.046320219120271185
645 14 0.03510698992831254
645 15 0.033668940439312726
645 16 0.029813894801388185
645 17 0.02573654588716168
645 18 0.02470871367082535
645 19 0.023799400068275314
646 0 0.1648332682981614
646 1 0.06225534487480745
646 2 0.05917032974791178
646 3 0.052076084058893676
646 4 0.04444392748163596
646 5 0.04316542191767386
646 6 0.039600243333622824
646 7 0.031340436654484646
646 8 0.02844113608889973
646 9 0.022172742421594355
649 0 0.08658314129410447
649 1 0.05896079866262933
649 2 0.04585650426829823
649 3 0.0376237849710889
649 4 0.025606660381766528
649 5 0.024212097835871697
649 6 0.021732908228062852
649 7 0.020632817213707844
649 8 0.0180482433542555
649 9 0.01770132680323325
653 0 0.1428975291505968
653 1 0.13851299498935693
653 2 0.13497948751551378
653 3 0.11544412048505368
653 4 0.09254420635499348
653 5 0.08283837487691154
653 6 0.07323397394904392
653 7 0.06209783061710646
653 8 0.05463020159044747
653 9 0.045682224505681955
653 10 0.04479052147400154
653 11 0.04411713217734317
653 12 0.04347401435040584
653 13 0.04317460823731129
653 14 0.032553781597182814
653 15 0.030050354818733045
653 16 0.023737465033578126
653 17 0.021613467209696948
653 18 0.019052526902346725
653 19 0.016934999114678356
656 0 0.2126563957194269
656 1 0.19309966813792487
656 2 0.06906849295553612
656 3 0.06714318371893413
656 4 0.06687773492126318
656 5 0.0637248391170631
656 6 0.05276209652824478
656 7 0.04912043193009551
656 8 0.048642030284550275
656 9 0.04755241205184352
656 10 0.04506404366962898
656 11 0.03653243510769895
656 12 0.03516665007564161
656 13 0.03173364886112525
656 14 0.031426523975965744
656 15 0.025440125799526283
656 16 0.024680526571371122
656 17 0.02250600964840789
656 18 0.01932968401336253
656 19 0.015188837258315711
657 0 0.19352128059681623
657 1 0.18536127847045347
657 2 0.17769796385874584
657 3 0.172840886924403
657 4 0.15482317535036338
657 5 0.14297870075360253
657 6 0.1267985096449276
657 7 0.09454176118545864
657 8 0.09288579408610285
657 9 0.07049953669686994
657 10 0.06879714378664838
657 11 0.0580264839347252
657 12 0.055157251117604465
657 13 0.05075815465911592
657 14 0.04755241205184352
657 15 0.04692345285225702
657 16 0.039759621263562375
657 17 0.03516665007564161
657 18 0.025944030328335997
657 19 0.021405414989834566
658 0 0.06510395657359627
658 1 0.04346897790822269
658 2 0.04341410521042951
658 3 0.03885792834506474
658 4 0.03360188219226744
658 5 0.029765914672784978
658 6 0.027017205614784136
658 7 0.025864622423248357
658 8 0.024852237182581616
658 9 0.024144083230703987
658 10 0.024040181617096427
658 11 0.02389758428253564
658 12 0.020518229665655512
658 13 0.020086815950740328
658 14 0.01845476157706087
658 15 0.01655563995350331
658 16 0.016282779851960617
658 17 0.0162363691315583
658 18 0.015204893511447905
658 19 0.014253736883157161
667 0 0.159574860487831
667 1 0.13525232309505333
667 2 0.125253261276052
667 3 0.11007585410066091
667 4 0.10177951718207746
667 5 0.09301872597881103
667 6 0.07389621893842961
667 7 0.06883956307946285
667 8 0.06612117453518931
667 9 0.06534762983247985
667 10 0.0502261592325566
667 11 0.046472923292741074
667 12 0.041457917112951805
667 13 0.03932277120918208
667 14 0.03921027180401243
667 15 0.0366283915922895
667 16 0.03305746354165635
667 17 0.03143149251106328
667 18 0.029306106364542853
667 19 0.021926069933096103
668 0 0.09911306246783631
668 1 0.06278869089784735
668 2 0.05515010578315137
668 3 0.045298194846062914
668 4 0.04362769563038542
668 5 0.042308868348031194
668 6 0.03658731912333973
668 7 0.03452392837337037
668 8 0.032388710789899175
668 9 0.030316839199459617
668 10 0.029877225703956362
668 11 0.023804376148604582
668 12 0.02371634215733584
668 13 0.021037228430551204
668 14 0.019983053923919865
668 15 0.019557380244047122
668 16 0.0193880143135983
668 17 0.01745531829512768
668 18 0.016030107017925063
668 19 0.014706381937020821
669 0 0.15554555583667748
669 1 0.14503749268482938
669 2 0.13000426734266346
669 3 0.0837841545844371
669 4 0.062146154053753615
669 5 0.05798087678150266
669 6 0.051090182581616975
669 7 0.04198842235624345
669 8 0.03738087755322644
669 9 0.034716833540524634
669 10 0.03307623985082903
669 11 0.03017866714331144
669 12 0.027535908229334227
669 13 0.026519607013396992
669 14 0.02511472824941241
669 15 0.02416174661819575
669 16 0.023490762364152932
669 17 0.02309025391842453
669 18 0.01644846559563067
669 19 0.016061585724723708
674 0 0.18323119918979383
674 1 0.1295458492433685
674 2 0.09660803044133491
674 3 0.07638547388537302
674 4 0.07352803426545419
674 5 0.06035178476868175
676 0 0.17964167591554964
676 1 0.15534341907849536
676 2 0.1173917334266645
676 3 0.11126330758066025
676 4 0.09615510527074309
676 5 0.04939232435566818
676 6 0.04317882979446706
676 7 0.03200304758760949
676 8 0.024491563787798428
676 9 0.021743539459577542
677 0 0.16732403983668354
677 1 0.05712940115281768
677 2 0.03880185218280982
677 3 0.026471155307810343
677 4 0.022531010773761993
677 5 0.021876520396292003
677 6 0.020128999455063083
677 7 0.019245733878770387
677 8 0.017393156903478438
677 9 0.015603977794686317
774 0 0.18468742891465925
774 1 0.0720680470151847
774 2 0.06253145131230416
774 3 0.06028767670724486
774 4 0.04662340916708086
774 5 0.04157626784533199
774 6 0.0357687972942576
774 7 0.020502026280504484
774 8 0.018864622337524874
774 9 0.015282283067046421
776 0 0.08176157222030678
776 1 0.03504671107198119
776 2 0.028921263706204355
776 3 0.025657864210628538
776 4 0.02473213029751509
776 5 0.022036935795595118
776 6 0.020010480841276785
776 7 0.01822492061425559
776 8 0.015300900926352667
776 9 0.013773456474909901
778 0 0.16758703643404058
778 1 0.10671193325529484
778 2 0.10644405489300521
778 3 0.09953600288751303
778 4 0.09493400005720541
778 5 0.07880648221127287
778 6 0.06866916156595838
778 7 0.06847140104218262
778 8 0.06544847939985057
778 9 0.05961625294345348
778 10 0.0581770716696934
778 11 0.05046095175368801
778 12 0.04927788582594261
778 13 0.04285533930167422
778 14 0.03972913098212102
778 15 0.03868599892213393
778 16 0.020408633288395917
778 17 0.018525643370287902
778 18 0.01622061468769551
778 19 0.014590711648214509
781 0 0.11860609320303103
781 1 0.11798378512521898
781 2 0.09713513278511404
781 3 0.06700762608558214
781 4 0.05433271951144537
781 5 0.050867243619541334
781 6 0.04004341629219709
781 7 0.03695884633397379
781 8 0.03686653042369541
781 9 0.03647955812369969
781 10 0.030236927650153657
781 11 0.02886496118699738
781 12 0.027948168373489974
781 13 0.026550085976990743
781 14 0.026300063405602123
781 15 0.02450022948644614
781 16 0.024197695874797413
781 17 0.021167198819803376
781 18 0.016988955066815727
781 19 0.016437276016967584
784 0 0.17570502671010257
784 1 0.12966181945513627
784 2 0.12776694013812176
784 3 0.10211315223893809
784 4 0.09291761987356131
784 5 0.08643881610147636
784 6 0.08475054031983108
784 7 0.08166835088222019
784 8 0.06673752187993068
784 9 0.05818445845156202
784 10 0.05129138750367979
784 11 0.05004444741668129
784 12 0.0353359914840873
784 13 0.03450194156809443
784 14 0.030274563266048108
784 15 0.027604928236630633
784 16 0.024845604923886502
784 17 0.023513931884503347
784 18 0.023489057141780807
784 19 0.01679511806354219
785 0 0.172679584960371
785 1 0.1299575925391504
785 2 0.119631799550326
785 3 0.085276110981568
785 4 0.07369200724152038
785 5 0.06797773162022151
785 6 0.05735801790177395
785 7 0.05598078675317454
785 8 0.04890002062065111
785 9 0.048430179040509294
785 10 0.04404178172062105
785 11 0.039528239187175206
785 12 0.03443810890761587
785 13 0.029490202473646435
785 14 0.027052915310278213
785 15 0.024688711261495723
785 16 0.022227356695200613
785 17 0.022136383836171065
785 18 0.020114256072252784
785 19 0.019402372889590108
786 0 0.20205596384067828
786 1 0.18093586424367306
786 2 0.15499072476627201
786 3 0.14601087285004175
786 4 0.1380369059573385
786 5 0.12687159275951332
786 6 0.12017859494893364
786 7 0.09836569217401574
786 8 0.09698877037991747
786 9 0.0812610441826985
786 10 0.07044178549316983
786 11 0.06795981924008249
786 12 0.066380194795422
786 13 0.05927924516800729
786 14 0.05374400657793364
786 15 0.05306884037920167
786 16 0.046659049069181384
786 17 0.04271888755836163
786 18 0.028991373999486477
786 19 0.019832073836901432
787 0 0.17864562987420515
787 1 0.16209860468903536
787 2 0.1492213387723803
787 3 0.11902393304605485
787 4 0.11668971752080333
787 5 0.11653202972277243
787 6 0.10902658399465735
787 7 0.07931271444407285
787 8 0.06634355515011657
787 9 0.06245398064546449
787 10 0.06243289172276501
787 11 0.04575333454216897
787 12 0.04327237935013412
787 13 0.03764132386225703
787 14 0.03690695400271596
787 15 0.029737659666245135
787 16 0.02855480689129625
787 17 0.02238272622078091
787 18 0.020735732288266046
787 19 0.017910320290754577
789 0 0.19384543884261762
789 1 0.18149513191033873
789 2 0.15741556606989326
789 3 0.15463339768176332
789 4 0.1444167917413769
789 5 0.11867964412198434
789 6 0.09767157612578119
789 7 0.09563634795326291
789 8 0.08837361723960105
789 9 0.0769495403194222
789 10 0.060466457200591094
789 11 0.056962560988692165
789 12 0.056091241400543994
789 13 0.039670010318861006
789 14 0.03473833367835367
789 15 0.03133858241378576
789 16 0.027118707844699948
789 17 0.026344029470922285
789 18 0.023768400483691846
789 19 0.022817567357211743
792 0 0.18981335754618556
792 1 0.18922000052254093
792 2 0.1517491423082581
792 3 0.12128193418555058
792 4 0.11186094275069866
792 5 0.08472855351455513
792 6 0.08106490588374576
792 7 0.08022546867229406
792 8 0.06402537324230204
792 9 0.06348757930515433
792 10 0.05576974284892921
792 11 0.045254217462895145
792 12 0.03653429500732164
792 13 0.03334390317401421
792 14 0.030315592349915398
792 15 0.02884907658788716
792 16 0.027804137444899527
792 17 0.02555357967651042
792 18 0.020311792125384434
792 19 0.020211397158225737
793 0 0.19053779033553156
793 1 0.18856007946452963
793 2 0.1792953346884472
793 3 0.1789117049261101
793 4 0.17496950243010603
793 5 0.17236550714416765
793 6 0.14841805831140298
793 7 0.14733334070670814
793 8 0.14420926768773595
793 9 0.13821918366559394
793 10 0.09797312885730436
793 11 0.0779233581080752
793 12 0.0732320951863419
793 13 0.0730425514199256
793 14 0.07063987800714194
793 15 0.05721685038862696
793 16 0.05315561431677066
793 17 0.04342068087988661
793 18 0.03980619797906286
793 19 0.03896575347917453
795 0 0.17803579406445116
795 1 0.143927045839918
795 2 0.1218757590135628
795 3 0.11131590539108531
795 4 0.10609920007655457
795 5 0.10504629316885472
795 6 0.06605885092105777
795 7 0.057505685632060696
795 8 0.05715488517300283
795 9 0.05401944903503766
795 10 0.05043617698528596
795 11 0.04923209381454257
795 12 0.04236833986456689
795 13 0.04090773390529513
795 14 0.03712407559112387
795 15 0.03661821684729478
795 16 0.030919126004862702
795 17 0.025502081583610746
795 18 0.021151831069067005
795 19 0.016654216519813858
799 0 0.17700220294999305
799 1 0.11610847059409345
799 2 0.10668698117394701
799 3 0.07666436828599582
799 4 0.06787604453212819
799 5 0.058956460154381676
799 6 0.05389842729062326
799 7 0.04436675485144983
799 8 0.040547098236670624
799 9 0.03940472751628824
799 10 0.03050612454168898
799 11 0.02737342355022777
799 12 0.027082662386393664
799 13 0.02471160538088781
799 14 0.022817635264297358
799 15 0.022638004046072992
799 16 0.021935735374948705
799 17 0.021935735374948705
799 18 0.02016156844784744
799 19 0.014738748151702301
801 0 0.14110621568437764
801 1 0.0883906543728588
801 2 0.06638162838945165
801 3 0.05802901158735644
801 4 0.05661712141678206
801 5 0.048394988079697
801 6 0.0440734113320544
801 7 0.038916566113493714
801 8 0.03622089626197444
801 9 0.0333178683519124
801 10 0.031693044196543056
801 11 0.03167542608044171
801 12 0.0315137261054357
801 13 0.02748149013175308
801 14 0.025465898424825294
801 15 0.025305305712576404
801 16 0.022817635264297358
801 17 0.018792733255861213
801 18 0.018696667365410504
801 19 0.01857380269814482
802 0 0.15858694820629693
802 1 0.14261265138120813
802 2 0.12482649542388559
802 3 0.09688227697920891
802 4 0.09311642918454825
802 5 0.09079931115440837
802 6 0.07918071061486807
802 7 0.0785502612320139
802 8 0.0676637292563355
802 9 0.05499318382614159
802 10 0.047730245618607
802 11 0.043437770829766506
802 12 0.03045570164431155
802 13 0.030315592349915398
802 14 0.02477220679587583
802 15 0.02273854048632672
802 16 0.021397575494061846
802 17 0.02104748805940294
802 18 0.021040880322710967
802 19 0.015516193739218798
804 0 0.10675268505189586
804 1 0.08597840606100336
804 2 0.08377949917645656
804 3 0.08175420052890163
804 4 0.0802891881542966
804 5 0.0738958492220746
804 6 0.07357605212021608
804 7 0.055684474185091364
804 8 0.05189204831164397
804 9 0.048517937630819706
804 10 0.046625936819712104
804 11 0.045565578995673886
804 12 0.04486683772038574
804 13 0.03622798123457365
804 14 0.029828417486170232
804 15 0.02856397246154641
804 16 0.025787902506966325
804 17 0.018138654093520782
804 18 0.017423417055351872
804 19 0.013514466395604172
805 0 0.15727606982557557
805 1 0.15008694284748916
805 2 0.12763390261216928
805 3 0.12127719578002097
805 4 0.11303024240314345
805 5 0.10473874197810218
805 6 0.10180594058361363
805 7 0.09806075163344354
805 8 0.08579625662168743
805 9 0.0817570149003388
805 10 0.07952443364655847
805 11 0.07129336298248323
805 12 0.0669906794951052
805 13 0.06425968286860241
805 14 0.05226947966611071
805 15 0.051769117623600605
805 16 0.047978098935871794
805 17 0.04034764003575447
805 18 0.03958585080408821
805 19 0.0339366037624979
807 0 0.19055073795318891
807 1 0.15850681784527065
807 2 0.14726798390941911
807 3 0.09279807322195112
807 4 0.07625539409026069
807 5 0.07244887749654809
807 6 0.06570542472135611
807 7 0.059895445380729814
807 8 0.04754278810876546
807 9 0.040343422251214574
807 10 0.03678614352479014
807 11 0.034020303018134856
807 12 0.031654865323963687
807 13 0.02703230550979391
807 14 0.026373174814806864
807 15 0.021643961263754168
807 16 0.02069889080801171
807 17 0.02013357563811039
807 18 0.019147821292852522
807 19 0.018142879423292412
809 0 0.11773338906485947
809 1 0.08974506119545968
809 2 0.06281452577130818
809 3 0.06077613991930879
809 4 0.05974071908615493
809 5 0.04411565708453897
809 6 0.041761295790554855
809 7 0.03989921182327674
809 8 0.029058419042376233
809 9 0.02760657686976474
809 10 0.026149481329557717
809 11 0.025119147868901216
809 12 0.02426686112780472
809 13 0.021562840591062667
809 14 0.02054628283724644
809 15 0.017926467086667595
809 16 0.017353974515078304
809 17 0.016957998867314736
809 18 0.014356095496874905
809 19 0.0136997829459409
908 0 0.13530455118912338
908 1 0.10382155115362075
908 2 0.07604188666785387
908 3 0.07445003140255085
908 4 0.07385966983590501
908 5 0.06384858846274973
908 6 0.06046239409330177
908 7 0.05047548009739385
908 8 0.03758689256052035
908 9 0.03374512841675743
908 10 0.028230546784866438
908 11 0.025811637919696873
908 12 0.02321666484460569
908 13 0.021918984960496886
908 14 0.021227062688389295
908 15 0.021128569119627832
908 16 0.01887426891629814
908 17 0.018137424220747968
908 18 0.016776460591769335
908 19 0.015583517012528785
910 0 0.13174431850447466
910 1 0.11434163385962279
910 2 0.10703285459668188
910 3 0.07860854060193546
910 4 0.06832783791795975
910 5 0.059625567532030396
910 6 0.056002852783383704
910 7 0.04159328988812627
910 8 0.04157870118256655
910 9 0.03938068463536449
910 10 0.03748570723033741
910 11 0.03335792975980967
910 12 0.032448220032593546
910 13 0.027912934027595204
910 14 0.026204697335394843
910 15 0.025442864718646107
910 16 0.02324077940523092
910 17 0.022954445406117355
910 18 0.02109075619078761
910 19 0.015624476303002526
912 0 0.1616978925220501
912 1 0.15397516675566067
912 2 0.1381075293263786
912 3 0.13609785685374695
912 4 0.12520593003737798
912 5 0.11044484611343199
912 6 0.09651655205177911
912 7 0.08134702209831944
912 8 0.06955021827566064
912 9 0.06533297699245037
912 10 0.046551559697883806
912 11 0.04200511995407313
912 12 0.04156207903705422
912 13 0.03685919268583306
912 14 0.0352835370330652
912 15 0.029425200302248943
912 16 0.02475230813348256
912 17 0.02448999437959754
912 18 0.020741113924801075
912 19 0.017358967572178977
913 0 0.1484601607044846
913 1 0.1348642718269195
913 2 0.103607500474529
913 3 0.0635194050926128
913 4 0.0635194050926128
913 5 0.049463381575533046
913 6 0.04097585603001507
913 7 0.04030382487506901
913 8 0.03749739102167914
913 9 0.03276558756983339
913 10 0.027501028509331005
913 11 0.02601192986871975
913 12 0.023049860520330916
913 13 0.02279074783100949
913 14 0.022354095838962248
913 15 0.02137116906929709
913 16 0.020611000176145935
913 17 0.019627049141272744
913 18 0.017790947179474288
913 19 0.01636100881458966
914 0 0.14503607418126319
914 1 0.09271605655299107
914 2 0.0677464476318469
914 3 0.0674611624199445
914 4 0.061636892410412016
914 5 0.056798022120245845
914 6 0.053116035803704435
914 7 0.05228343834482056
914 8 0.05205415384285574
914 9 0.048600780502654733
914 10 0.04578446616830781
914 11 0.04360928526495189
914 12 0.03195051013903831
914 13 0.02938053441668536
914 14 0.029101349524640756
914 15 0.02902677999940322
914 16 0.02779679216180545
914 17 0.027711436727802654
914 18 0.026938712569044367
914 19 0.024391881845038696
918 0 0.0990011968621324
918 1 0.0975668633997621
918 2 0.09145431272132841
918 3 0.07168103698903032
918 4 0.06799003034794965
918 5 0.06705609665424812
918 6 0.054007221987011
918 7 0.0529213499618607
918 8 0.046636858542648596
918 9 0.041554545123166774
918 10 0.03922572443860582
918 11 0.03916632460177161
918 12 0.037135400983958185
918 13 0.03545779793260214
918 14 0.028420298045155442
918 15 0.02586761222132337
918 16 0.02197248065349842
918 17 0.019416812576823067
918 18 0.017441497316896995
918 19 0.01739113100875758
921 0 0.1583310592172343
921 1 0.0975668633997621
921 2 0.07639124598765035
921 3 0.0722686143651659
921 4 0.06705609665424812
921 5 0.06582973241419113
921 6 0.0578705504030727
921 7 0.05546187098582794
921 8 0.054724267994488394
921 9 0.03192307190383378
921 10 0.03182533474455376
921 11 0.0311643818761027
921 12 0.02988913773855808
921 13 0.02241414833834154
921 14 0.02100191674603115
921 15 0.01971059371965913
921 16 0.019599778787474327
921 17 0.019218920011491936
921 18 0.01404538002456348
921 19 0.012725851978811861
922 0 0.19192759184020158
922 1 0.1564534282999661
922 2 0.14114196499233833
922 3 0.12588688720146662
922 4 0.11918365051142248
922 5 0.10924814217932548
922 6 0.08709968031345452
922 7 0.07593793601024003
922 8 0.06236570143416435
922 9 0.0524812252769074
922 10 0.04937298215411536
922 11 0.043925381430644374
922 12 0.043309754655533717
922 13 0.040889361266020274
922 14 0.032690139025098715
922 15 0.024754877284888344
922 16 0.02346001365852465
922 17 0.02037942758265746
922 18 0.01582662909480206
922 19 0.013979725190620906
926 0 0.1595148909860008
926 1 0.15029399909676253
926 2 0.1267445763284854
926 3 0.09003987603504345
926 4 0.08479252198920492
926 5 0.07064076834448668
926 6 0.05533536385794215
926 7 0.050138449686252466
926 8 0.042405183231129163
926 9 0.04235189503200034
926 10 0.035934720712727304
926 11 0.03483584070806577
926 12 0.03358386040626826
926 13 0.033083962395509856
926 14 0.03170038947963713
926 15 0.0314464999769843
926 16 0.027535183887087658
926 17 0.023625495680937855
926 18 0.017300165694959766
926 19 0.014374035228478962
929 0 0.17051671410259084
929 1 0.11949358599540329
929 2 0.09093647592211991
929 3 0.08574714470832395
929 4 0.0747414207069269
929 5 0.05954506368203324
929 6 0.04815609095250172
929 7 0.047329729627646866
929 8 0.045229782229921175
929 9 0.03936380217935731
929 10 0.03852115447180234
929 11 0.037196887077367145
929 12 0.03255901044277521
929 13 0.03255901044277521
929 14 0.03255901044277521
929 15 0.03153418877390116
929 16 0.028727741716355757
929 17 0.02490035689797192
929 18 0.02267217640060105
929 19 0.019445586318044696
932 0 0.1896428051280464
932 1 0.11716810030326923
932 2 0.1108929272452499
932 3 0.09684478472271743
932 4 0.06701392635408092
932 5 0.0615210655580472
932 6 0.05955045475010794
932 7 0.05632407970665603
932 8 0.05453153636766404
932 9 0.03884727070523898
932 10 0.03477783296648668
932 11 0.03277532846400334
932 12 0.03049391447043373
932 13 0.030456637253046696
932 14 0.023478991802646246
932 15 0.019301662909006475
932 16 0.01830379658050591
932 17 0.017958919128360062
932 18 0.017776034028949953
932 19 0.01641208437451217
935 0 0.14076307363553087
935 1 0.13700301303361098
935 2 0.12761523570885677
935 3 0.09832824518891467
935 4 0.08859461707712078
935 5 0.08801739175892569
935 6 0.08240413170009571
935 7 0.07989607403566855
935 8 0.07918589418907006
935 9 0.07120435942893653
935 10 0.06086103886679162
935 11 0.05948751619958998
935 12 0.053624716464202436
935 13 0.04867818703502465
935 14 0.0418528383145804
935 15 0.04070948294145659
935 16 0.037927073105911126
935 17 0.03761293115523802
935 18 0.030744833038090887
935 19 0.023809650265587387
938 0 0.14762781601086383
938 1 0.13855813056559602
938 2 0.09670369643450366
938 3 0.08837926861817061
938 4 0.059507975095439584
938 5 0.05812987624519064
938 6 0.053972306427157044
938 7 0.0464812268202655
938 8 0.04444723606575178
938 9 0.04136818921715854
938 10 0.03834124973892758
938 11 0.03763254498513329
938 12 0.03514121132684688
938 13 0.025320452765284523
938 14 0.022871513877809443
938 15 0.02221099108756728
938 16 0.02131829963052957
938 17 0.021312959492769082
938 18 0.016356470357701023
938 19 0.016093188927845982
1053 0 0.0625728972702248
1053 1 0.06213041847297016
1053 2 0.05855243940328061
1053 3 0.04732908073771765
1053 4 0.04377958491782793
1053 5 0.03912661404715002
1053 6 0.032553079890631456
1053 7 0.028665338877290992
1053 8 0.026809475953578427
1053 9 0.019559715493269122
1054 0 0.08537844695959054
1054 1 0.0690967498483839
1054 2 0.05284147613871342
1054 3 0.035783555767531366
1054 4 0.029416044163538456
1054 5 0.02613396078787871
1054 6 0.01924268371884149
1054 7 0.01923253915477371
1054 8 0.01735114693948559
1054 9 0.016755445235079276
1055 0 0.10036512576718291
1055 1 0.07454936437834284
1055 2 0.060371602319833864
1055 3 0.058621229281009095
1055 4 0.050442167899283595
1055 5 0.039740599734358305
1055 6 0.03936546590295489
1055 7 0.03632440929614764
1055 8 0.03516665007564161
1055 9 0.034147760845219255
1055 10 0.02488674341361395
1055 11 0.024462890020897292
1055 12 0.024318610099659587
1055 13 0.02390725161069618
1055 14 0.023504057062470097
1055 15 0.023246915564939453
1055 16 0.021838409430798244
1055 17 0.020526891591687354
1055 18 0.01924268371884149
1055 19 0.01587705199217949
1056 0 0.11085640832365225
1056 1 0.0848544230703593
1056 2 0.07454936437834284
1056 3 0.057155922642366394
1056 4 0.05630988712576239
1056 5 0.04755241205184352
1056 6 0.04316247173206546
1056 7 0.037021977287900985
1056 8 0.03546820657978065
1056 9 0.03516665007564161
1056 10 0.02877421657122782
1056 11 0.02604933535504628
1056 12 0.026024162575670206
1056 13 0.025334181314426454
1056 14 0.023527007771100197
1056 15 0.022572622726780817
1056 16 0.01838963490933975
1056 17 0.017659352679091144
1056 18 0.017545832781329325
1056 19 0.01594475535653813
1059 0 0.13666599771293306
1059 1 0.12929266144726703
1059 2 0.0987082456947872
1059 3 0.09594984478662268
1059 4 0.08352347437322272
1059 5 0.06380693878357223
1059 6 0.05612002268699736
1059 7 0.055189095768142266
1059 8 0.05392583534490084
1059 9 0.05063600490255713
1059 10 0.05019033447227856
1059 11 0.04708625254478841
1059 12 0.04120953562946556
1059 13 0.03798257205793832
1059 14 0.026687590280130367
1059 15 0.02373927211657867
1059 16 0.0220007488641938
1059 17 0.021441767916334058
1059 18 0.0199930060845784
1059 19 0.015465053101672569
1062 0 0.20688758316314707
1062 1 0.1863100008183557
1062 2 0.1701204988937197
1062 3 0.11753488156314194
1062 4 0.10519052027347028
1062 5 0.09410817444380375
1062 6 0.06300030823970454
1062 7 0.04982461331746463
1062 8 0.03546645231340225
1062 9 0.035121691812348296
1062 10 0.032044033286394304
1062 11 0.031039066894831054
1062 12 0.029950506880875142
1062 13 0.026775777062341743
1062 14 0.024530423617541892
1062 15 0.02153947866730301
1062 16 0.021347627946283722
1062 17 0.02100650801954193
1062 18 0.02074534679980444
1062 19 0.018790645112978534
1063 0 0.10182493947712248
1063 1 0.08560848598472887
1063 2 0.0846920421381892
1063 3 0.07225543284532478
1063 4 0.06614706977050402
1063 5 0.051205477495144466
1063 6 0.04024212751517148
1063 7 0.03795011247101412
1063 8 0.029438323346544136
1063 9 0.02530688832493283
1063 10 0.025304505918012487
1063 11 0.024530423617541892
1063 12 0.02262460937343534
1063 13 0.02124781962089243
1063 14 0.02074534679980444
1063 15 0.020528213893548922
1063 16 0.019060787044788675
1063 17 0.01890336898879231
1063 18 0.01678673342477661
1063 19 0.015403101090203973
1066 0 0.11792189158929633
1066 1 0.09733773734766372
1066 2 0.09349292870289572
1066 3 0.07519208985322993
1066 4 0.07225543284532478
1066 5 0.06408742522809112
1066 6 0.05613761816740351
1066 7 0.043295652617420896
1066 8 0.03903441508796352
1066 9 0.03384286557603746
1066 10 0.02869749665494579
1066 11 0.02838296612483833
1066 12 0.026581423210694354
1066 13 0.026520565257827342
1066 14 0.02317516984267876
1066 15 0.02136892247654798
1066 16 0.019201871560386583
1066 17 0.018629695888530164
1066 18 0.013797568206073233
1066 19 0.01324364162032201
1067 0 0.20255379823055716
1067 1 0.10784174116483836
1067 2 0.09708808826524598
1067 3 0.09198556494256183
1067 4 0.06192852316220359
1067 5 0.04265051644099444
1067 6 0.04232667886754179
1067 7 0.03507348532679303
1067 8 0.034874540201634864
1067 9 0.027390287143155615
1067 10 0.02654285764498856
1067 11 0.025924686240475253
1067 12 0.024477654153094858
1067 13 0.023783868208748705
1067 14 0.022495829244489368
1067 15 0.022453074188862686
1067 16 0.02208430476042779
1067 17 0.017548854646639214
1067 18 0.01641244277301959
1067 19 0.013552960281608482
1068 0 0.1540548142218559
1068 1 0.1408363981975321
1068 2 0.09721613084778985
1068 3 0.07051513269086629
1068 4 0.06930379855242552
1068 5 0.06292784383412109
1068 6 0.05990407712583471
1068 7 0.05753624382058766
1068 8 0.055652716304718526
1068 9 0.05437273942056809
1068 10 0.05151980807661095
1068 11 0.03742062206139083
1068 12 0.035774203452795764
1068 13 0.03577305280495617
1068 14 0.03350611433847026
1068 15 0.023213725976844887
1068 16 0.02037554933354564
1068 17 0.017565795578192343
1068 18 0.016808684390201816
1068 19 0.013552960281608482
1069 0 0.17441578805399735
1069 1 0.1197203277542734
1069 2 0.10328070139762034
1069 3 0.09607588788275676
1069 4 0.0874415924895285
1069 5 0.05911870904499641
1069 6 0.055348232250666284
1069 7 0.044831118593351996
1069 8 0.040815025642966525
1069 9 0.036733994655653315
1069 10 0.03178933267132995
1069 11 0.02651317093072699
1069 12 0.025380703326996865
1069 13 0.023968850882581157
1069 14 0.023578045604864036
1069 15 0.022714316519841328
1069 16 0.022407123727596207
1069 17 0.021613131446884738
1069 18 0.021143014465784593
1069 19 0.01688209760867596
1070 0 0.14813010208746638
1070 1 0.04617426038497243
1070 2 0.044831118593351996
1070 3 0.04442715443148894
1070 4 0.04003680289658132
1070 5 0.03995344317637244
1070 6 0.0363470223556576
1070 7 0.03492287872874549
1070 8 0.03378332992503202
1070 9 0.025793333187507633
1070 10 0.02450817461546315
1070 11 0.023578045604864036
1070 12 0.02248447744334398
1070 13 0.018777527727607143
1070 14 0.01767207582610438
1070 15 0.016927038895197876
1070 16 0.01590839111219104
1070 17 0.015895649102098466
1070 18 0.013552960281608482
1070 19 0.013115513210767156
1073 0 0.20116266876510178
1073 1 0.09586147503254172
1073 2 0.08845300816791729
1073 3 0.07963013479793483
1073 4 0.06297170049358108
1073 5 0.05622769314385658
1073 6 0.052402132385244694
1073 7 0.049599965360401
1073 8 0.04850354887390096
1073 9 0.04350577600339455
1073 10 0.04184369726633338
1073 11 0.038868842522769495
1073 12 0.03673936686064867
1073 13 0.03541313393334649
1073 14 0.02846817819943816
1073 15 0.027832554673921674
1073 16 0.02430587563479875
1073 17 0.020928014973802162
1073 18 0.02048103355950963
1073 19 0.019045528699912464
1075 0 0.18611089724333107
1075 1 0.1633960072858779
1075 2 0.09586147503254172
1075 3 0.0956801027520945
1075 4 0.08848481886491227
1075 5 0.08791983191259144
1075 6 0.08444872350519718
1075 7 0.060485131649135354
1075 8 0.059228326171643274
1075 9 0.05700196218881262
1075 10 0.0429169612092544
1075 11 0.025255742971616767
1075 12 0.023917869638055332
1075 13 0.021412941358490284
1075 14 0.018125057585934214
1075 15 0.017801319986802053
1075 16 0.017215300701019745
1075 17 0.01602106028507473
1075 18 0.01544015383694689
1075 19 0.013476957162341284
1076 0 0.18673076821129272
1076 1 0.16758290164704978
1076 2 0.07169850420049696
1076 3 0.04941269270873695
1076 4 0.043136591587214224
1076 5 0.04068635303357278
1076 6 0.04068635303357278
1076 7 0.03729021027608216
1076 8 0.03669679289058363
1076 9 0.0359740238248352
1076 10 0.035968225314246816
1076 11 0.03511200750741635
1076 12 0.03509103930842464
1076 13 0.03297646925159641
1076 14 0.031876434826479415
1076 15 0.02192904086809178
1076 16 0.02014577439151804
1076 17 0.018598747234260908
1076 18 0.01738030548752571
1076 19 0.01580334828228355
1079 0 0.12665178506860772
1079 1 0.11749765338976119
1079 2 0.10987128023262839
1079 3 0.0918588654112668
1079 4 0.07560045288519454
1079 5 0.056404911774233665
1079 6 0.05489883070329473
1079 7 0.05435220884501701
1079 8 0.05424171647148888
1079 9 0.05017855259292427
1079 10 0.03597814352136254
1079 11 0.035858834544552
1079 12 0.03267827037557947
1079 13 0.031962873001236194
1079 14 0.029250613071439464
1079 15 0.0288567048171713
1079 16 0.022641010820919412
1079 17 0.021820440461421214
1079 18 0.01927542247933989
1079 19 0.01791554913634697
1084 0 0.11870941006117912
1084 1 0.08568614150974604
1084 2 0.06879689479400111
1084 3 0.06280155551795562
1084 4 0.049786947520643235
1084 5 0.029047908534569303
1084 6 0.01720151933525567
1084 7 0.016947192209162205
1084 8 0.013561247775515473
1084 9 0.01177630625749655
1191 0 0.19511733855619567
1191 1 0.1742636460012917
1191 2 0.11213053388059215
1191 3 0.09477075142338579
1191 4 0.0907554507223325
1191 5 0.07336573633083318
1191 6 0.05334843271375997
1191 7 0.050769102790363486
1191 8 0.04103018924373919
1191 9 0.03591238682679154
1191 10 0.03369433768933292
1191 11 0.03095457161724605
1191 12 0.029599327273922588
1191 13 0.027568084870068364
1191 14 0.025115846830017132
1191 15 0.02459940967129549
1191 16 0.023655938804680865
1191 17 0.02249212076309159
1191 18 0.019043614097359694
1191 19 0.017277565839605345
1193 0 0.1921008907226923
1193 1 0.14946260510234038
1193 2 0.14813010208746638
1193 3 0.11095119906993973
1193 4 0.10068846158272518
1193 5 0.09381019060689126
1193 6 0.06086252905005929
1193 7 0.04268648456067545
1193 8 0.030274101120604337
1193 9 0.02238290164741875
1194 0 0.2050864307147454
1194 1 0.1950499294558747
1194 2 0.15786511097666778
1194 3 0.13203754130016235
1194 4 0.1200879238991735
1194 5 0.10827094412685517
1194 6 0.09829775490747332
1194 7 0.07878011917159058
1194 8 0.07812954665569903
1194 9 0.0695288350889235
1194 10 0.05738845536659316
1194 11 0.055121377313320154
1194 12 0.05502285167732382
1194 13 0.04732288610246317
1194 14 0.037095271668975305
1194 15 0.033258909911134685
1194 16 0.02760544885762035
1194 17 0.022796695359924648
1194 18 0.02150955805085765
1194 19 0.012144711628500232
1197 0 0.18740259564498193
1197 1 0.10570560306309547
1197 2 0.09309607969455881
1197 3 0.07589174410155804
1197 4 0.06471973073795212
1197 5 0.05554804130485812
1197 6 0.05025252227223888
1197 7 0.04558475897474439
1197 8 0.03922875762176331
1197 9 0.03836210475944327
1197 10 0.03141885047529119
1197 11 0.02737026587074665
1197 12 0.02440207168049689
1197 13 0.0215265895251916
1197 14 0.02005814784276299
1197 15 0.020030739788485408
1197 16 0.019912377738257613
1197 17 0.017911510551060782
1197 18 0.01652551184318524
1197 19 0.016409590675423736
1199 0 0.05138296775386401
1199 1 0.04780164991913169
1199 2 0.04043716798290675
1199 3 0.03587350247504494
1199 4 0.029875682704066542
1199 5 0.02847970542722139
1199 6 0.026956368411304395
1199 7 0.023345803372059073
1199 8 0.02272770930617105
1199 9 0.02216037955939647
1199 10 0.021574352728382425
1199 11 0.02053280893967557
1199 12 0.01878415055476259
1199 13 0.01800978153548606
1199 14 0.017501747878609336
1199 15 0.017106521095095473
1199 16 0.016036639302299687
1199 17 0.014088799060582849
1199 18 0.013898097101095224
1199 19 0.012896161063227567
1201 0 0.0673141058534283
1201 1 0.057413264088538016
1201 2 0.056308208311701344
1201 3 0.03863567599907699
1201 4 0.032965340034787204
1201 5 0.031239407887860206
1201 6 0.03096540657001759
1201 7 0.030202106405696386
1201 8 0.024939643033308413
1201 9 0.024569009932634958
1201 10 0.02446360115898832
1201 11 0.019573123370062312
1201 12 0.017885905807167878
1201 13 0.016770611150866734
1201 14 0.016713454134165768
1201 15 0.01599395215375862
1201 16 0.01579764125762995
1201 17 0.015626366383552158
1201 18 0.015600441910464478
1201 19 0.014976663455618058
1206 0 0.1472253231691891
1206 1 0.14140594246982094
1206 2 0.13743072203974424
1206 3 0.12208556172718772
1206 4 0.10530616604027344
1206 5 0.1003577842567047
1206 6 0.08145534144510787
1206 7 0.05622450151083265
1206 8 0.05184926307509035
1206 9 0.05135042894200659
1206 10 0.044983645452876114
1206 11 0.04436490626967474
1206 12 0.04242033782906902
1206 13 0.03137015166336522
1206 14 0.02907619560834402
1206 15 0.027950369694848678
1206 16 0.021806549689796978
1206 17 0.021361181068787812
1206 18 0.01807269745030881
1206 19 0.017631069377932296
1208 0 0.21419948615202627
1208 1 0.2077196864093523
1208 2 0.20334897511265101
1208 3 0.19050569291973066
1208 4 0.18862973704390765
1208 5 0.17854867364640972
1208 6 0.12278294486076356
1208 7 0.1191146267315102
1208 8 0.10797834004016978
1208 9 0.09969545626976993
1208 10 0.08999631741223697
1208 11 0.07741868773824438
1208 12 0.07473906659462556
1208 13 0.07419739440836604
1208 14 0.07302459376839618
1208 15 0.07228577976736315
1208 16 0.07130747256582778
1208 17 0.06268024328211942
1208 18 0.060706621926717864
1208 19 0.014267903055739726
1209 0 0.19458297015425569
1209 1 0.19186439297918878
1209 2 0.1885945159021684
1209 3 0.1869555708456069
1209 4 0.18598671781943557
1209 5 0.17484247090861466
1209 6 0.14877045081435694
1209 7 0.14743633311989163
1209 8 0.13902679508958718
1209 9 0.13033477867358575
1209 10 0.11814456646826124
1209 11 0.09498277998037254
1209 12 0.08621771063071233
1209 13 0.07699779207636787
1209 14 0.0632126386059607
1209 15 0.04317651718094026
1209 16 0.03580268670259559
1209 17 0.03545239177406398
1209 18 0.03324801836912514
1209 19 0.02509113808239276
1214 0 0.19208193710057384
1214 1 0.15737195463046463
1214 2 0.09494462374348837
1214 3 0.08890206263462903
1214 4 0.07165424387113914
1214 5 0.058477111582253695
1214 6 0.05749020658915623
1214 7 0.04204793159893782
1214 8 0.03658126030225648
1214 9 0.03311736890901681
1214 10 0.03261577322111802
1214 11 0.029765267669163698
1214 12 0.029238831192085177
1214 13 0.027937256082093152
1214 14 0.027686748729565558
1214 15 0.02708945686757108
1214 16 0.02285392028371123
1214 17 0.02034621347255975
1214 18 0.019846424867661507
1214 19 0.014021683281145576
1215 0 0.07249101761578836
1215 1 0.06185531177867836
1215 2 0.03887535405775685
1215 3 0.037153664217372886
1215 4 0.036200195918709314
1215 5 0.03144853718955277
1215 6 0.03042258750853433
1215 7 0.024470688017895467
1215 8 0.02445145710851075
1215 9 0.022971386337670485
1215 10 0.022741028526491354
1215 11 0.021998251392489496
1215 12 0.01884332026202888
1215 13 0.01810965210903917
1215 14 0.017899296707189663
1215 15 0.017850388515083044
1215 16 0.01560903404310277
1215 17 0.015399171910777944
1215 18 0.014982578917298341
1215 19 0.014011397243982763
1219 0 0.17486937720498186
1219 1 0.14704902128446784
1219 2 0.14218894134789442
1219 3 0.09132991448571257
1219 4 0.07264877332090487
1219 5 0.06896604379903756
1219 6 0.0675393385659514
1219 7 0.049447306459321515
1219 8 0.04205255682599141
1219 9 0.03719141301174336
1219 10 0.0335343297325435
1219 11 0.03312074917283411
1219 12 0.03237873599354543
1219 13 0.031065222440640618
1219 14 0.027185351103999812
1219 15 0.023234807354312628
1219 16 0.02198561312933328
1219 17 0.020823492764884394
1219 18 0.019899582911542896
1219 19 0.015372837165714673
1220 0 0.20531241040521025
1220 1 0.20047646011972556
1220 2 0.1913529771721868
1220 3 0.18222471054772804
1220 4 0.17962826049352473
1220 5 0.17382845212527728
1220 6 0.17331736830847166
1220 7 0.16948196102244553
1220 8 0.167232184185541
1220 9 0.15528163872104875
1220 10 0.13383489095176956
1220 11 0.12174167270039916
1220 12 0.09428614382473847
1220 13 0.07897568403293145
1220 14 0.0756334406383402
1220 15 0.06842637109918782
1220 16 0.053531868615086735
1220 17 0.05302587028447054
1220 18 0.04295732065380521
1220 19 0.040331357425670226
1305 0 0.1094557718662107
1305 1 0.057787994250043606
1305 2 0.04319507090577676
1305 3 0.03350898529914545
1305 4 0.02382560088547529
1305 5 0.0210329710335447
1305 6 0.01926358023813172
1305 7 0.018579606867657007
1305 8 0.01404802934405645
1305 9 0.012901596459538707
1306 0 0.14148177204875823
1306 1 0.14084576937534704
1306 2 0.08136264827324273
1306 3 0.07577576634455852
1306 4 0.0723815740294714
1306 5 0.06689830322297294
1306 6 0.049833675140778425
1306 7 0.049321433130901475
1306 8 0.04228005688065089
1306 9 0.038880635719971385
1306 10 0.03610822708909074
1306 11 0.03610822708909074
1306 12 0.029935710681442698
1306 13 0.028769236718282687
1306 14 0.027228745618016043
1306 15 0.027080036645749865
1306 16 0.02666787836222254
1306 17 0.020749109984132298
1306 18 0.02060122532843317
1306 19 0.016251874582773836
1310 0 0.17436814746082221
1310 1 0.09471025375533412
1310 2 0.0761974919819259
1310 3 0.04848871494830984
1310 4 0.03513040655500228
1310 5 0.03264484877160905
1310 6 0.023424803834633023
1310 7 0.022754821210103034
1310 8 0.0180780715416121
1310 9 0.016063775728234808
1311 0 0.1962504814581661
1311 1 0.13738668806733847
1311 2 0.10739058157847253
1311 3 0.09974077293157066
1311 4 0.09803753495539477
1311 5 0.09000144062458508
1311 6 0.07226772402782117
1311 7 0.059497581538724545
1311 8 0.05625288290000406
1311 9 0.053830124080341685
1311 10 0.05177126046941336
1311 11 0.03623918213108434
1311 12 0.03147651868144222
1311 13 0.02940758973137933
1311 14 0.02357404285942859
1311 15 0.02186169778854849
1311 16 0.018406721086603784
1311 17 0.01579154376723406
1311 18 0.01473517359816782
1311 19 0.013254683123812295
1314 0 0.10885710299942457
1314 1 0.07520971551456303
1314 2 0.05784708473237668
1314 3 0.053584941775111104
1314 4 0.051544631889019275
1314 5 0.050976724932016965
1314 6 0.045018877912462944
1314 7 0.04038395523609529
1314 8 0.03580583306422911
1314 9 0.03320602915451956
1314 10 0.03199900711601537
1314 11 0.02955167347659192
1314 12 0.025953969284838996
1314 13 0.02320416050931277
1314 14 0.02320416050931277
1314 15 0.023198599673524035
1314 16 0.022545425938991812
1314 17 0.020679095892554795
1314 18 0.01923774725097883
1314 19 0.01846360836127022
1316 0 0.12403197497695266
1316 1 0.0839490556240067
1316 2 0.07402319009806711
1316 3 0.06946842041842093
1316 4 0.0636692609401027
1316 5 0.0613854173819144
1316 6 0.05881435325988367
1316 7 0.05851081613241418
1316 8 0.04920215433501787
1316 9 0.04637374122158379
1316 10 0.04443413754345973
1316 11 0.03457484736973439
1316 12 0.0345278292581774
1316 13 0.03443460037485907
1316 14 0.03350332637534416
1316 15 0.028093566875332397
1316 16 0.023774306513832458
1316 17 0.023518206258281254
1316 18 0.02252524055779261
1316 19 0.020958233626901055
1317 0 0.1362134347134645
1317 1 0.1105451976955082
1317 2 0.10424620434090133
1317 3 0.10307731213097023
1317 4 0.08777912843119615
1317 5 0.08641065729664113
1317 6 0.062196484522042295
1317 7 0.06123708944385084
1317 8 0.056128654432102264
1317 9 0.05241094144329537
1317 10 0.05198247414137273
1317 11 0.05023048265034079
1317 12 0.04673882857693198
1317 13 0.04581795190674798
1317 14 0.04540339046691303
1317 15 0.04057723389222043
1317 16 0.030461754806470998
1317 17 0.02713867064156297
1317 18 0.023314192623705064
1317 19 0.02010135183967791
1321 0 0.18836704225582
1321 1 0.17970452769590264
1321 2 0.1566457713473561
1321 3 0.11894412712999318
1321 4 0.11640437949227879
1321 5 0.11090556550840612
1321 6 0.10435467459232446
1321 7 0.07916533343259204
1321 8 0.06052853182207538
1321 9 0.059098627410733566
1321 10 0.056800806310756076
1321 11 0.05498697032780777
1321 12 0.04846458529722114
1321 13 0.047022555698481086
1321 14 0.04680902186776319
1321 15 0.045810738665209266
1321 16 0.04011248157088391
1321 17 0.03582716720695998
1321 18 0.033329703047888834
1321 19 0.02346317133800577
1323 0 0.15989616663603656
1323 1 0.1487225536833028
1323 2 0.12378904869601087
1323 3 0.11972302894723455
1323 4 0.11691998290289371
1323 5 0.1005792066272016
1323 6 0.09062761186104548
1323 7 0.0736970474563194
1323 8 0.06968670397251604
1323 9 0.06383333200418144
1323 10 0.04463773430398256
1323 11 0.03809111021644707
1323 12 0.03788731727989913
1323 13 0.03483664050262969
1323 14 0.026830595057204844
1323 15 0.024313430298073473
1323 16 0.024302538756063922
1323 17 0.022897512860060507
1323 18 0.021872996773071734
1323 19 0.017099785089464
1325 0 0.21726870533628462
1325 1 0.198717138436063
1325 2 0.19864422131657544
1325 3 0.19122048290291926
1325 4 0.17717308735832854
1325 5 0.17196194287958655
1325 6 0.15971595632127653
1325 7 0.1394714355957339
1325 8 0.0988668615563215
1325 9 0.09010130176659852
1325 10 0.0620621718519266
1325 11 0.05412775329136262
1325 12 0.05252006058464772
1325 13 0.048299408856693204
1325 14 0.047956821382378945
1325 15 0.030781561339869194
1325 16 0.024323904966029663
1325 17 0.021647752742701032
1325 18 0.019474971223036864
1325 19 0.017594295804763575
1330 0 0.21429979246271208
1330 1 0.21143133680446008
1330 2 0.1880772148144131
1330 3 0.16009403279305662
1330 4 0.11709922742799166
1330 5 0.11679204595359413
1330 6 0.10659824170351104
1330 7 0.10160876104268146
1330 8 0.07769829139065028
1330 9 0.07151475517205319
1330 10 0.05552299868072948
1330 11 0.05234326071463194
1330 12 0.04478373831067172
1330 13 0.026310519210478975
1330 14 0.023292852822050396
1330 15 0.021260740830238708
1330 16 0.021192439506265065
1330 17 0.01929996145925022
1330 18 0.0192877476153791
1330 19 0.017527733656704864
1333 0 0.1630623571385538
1333 1 0.12755801267137812
1333 2 0.08890110439019867
1333 3 0.06841205779458642
1333 4 0.06108632439593686
1333 5 0.036790289629628554
1333 6 0.03449893479324801
1333 7 0.03366685795535385
1333 8 0.03190762304185626
1333 9 0.030877191493187205
1333 10 0.029883458065369517
1333 11 0.025845831023612202
1333 12 0.025222066716075287
1333 13 0.023754411624055054
1333 14 0.020190178080278832
1333 15 0.01988213267684765
1333 16 0.018796419101563787
1333 17 0.01772034267351352
1333 18 0.016667697962616464
1333 19 0.013919096424167847
1336 0 0.09504947228367867
1336 1 0.05723770163652678
1336 2 0.0569074430708676
1336 3 0.03951640826381464
1336 4 0.038314181220078077
1336 5 0.038124147013599
1336 6 0.03294976290387019
1336 7 0.02918376420457482
1336 8 0.025908899729377585
1336 9 0.025222066716075287
1336 10 0.020830971975841765
1336 11 0.02021227429141494
1336 12 0.020190178080278832
1336 13 0.019907005533262256
1336 14 0.01948256738508613
1336 15 0.019017145424433123
1336 16 0.01773851159153153
1336 17 0.01772034267351352
1336 18 0.016745130903297458
1336 19 0.01597914840909444
1431 0 0.20210897663884878
1431 1 0.1827238728983923
1431 2 0.18152852710599807
1431 3 0.17535633137069878
1431 4 0.15456082764293558
1431 5 0.11983761083636307
1431 6 0.10143549234111768
1431 7 0.05522602590486948
1431 8 0.034049352160314815
1431 9 0.018507936597713666
1433 0 0.20233061027583427
1433 1 0.18712896027087844
1433 2 0.15911740817819817
1433 3 0.0894634806923392
1433 4 0.08868593701681014
1433 5 0.037824193871203664
1433 6 0.03351719451127319
1433 7 0.026655070331352282
1433 8 0.02038241172180867
1433 9 0.016620819437846573
1436 0 0.21759536859902204
1436 1 0.19437941489250737
1436 2 0.1843732454652116
1436 3 0.1542502960856477
1436 4 0.14399843882259508
1436 5 0.1431890769048393
1436 6 0.08957187549144498
1436 7 0.060446847143311694
1436 8 0.055727531049987455
1436 9 0.04214660813956886
1436 10 0.04116647876456948
1436 11 0.0395609779476736
1436 12 0.03303044783942899
1436 13 0.03293392168984244
1436 14 0.0323575489828334
1436 15 0.0243819542063833
1436 16 0.02312367552239495
1436 17 0.022187078361890957
1436 18 0.02043294213873833
1436 19 0.011501533439709022
1437 0 0.1892605335074216
1437 1 0.1426227619917331
1437 2 0.07645502583150675
1437 3 0.060446847143311694
1437 4 0.04856652137796172
1437 5 0.0453159827298783
1437 6 0.041271353713070856
1437 7 0.04094780663104001
1437 8 0.03903328330320326
1437 9 0.022285513455106473
1449 0 0.1434382657281212
1449 1 0.09670396806284612
1449 2 0.07891810636956126
1449 3 0.05340797968261301
1449 4 0.04525639426225071
1449 5 0.04385967000746379
1449 6 0.035290365467785426
1449 7 0.030810125700910178
1449 8 0.029119376969563734
1449 9 0.022113657598185083
1450 0 0.14195423936954382
1450 1 0.13742672306692466
1450 2 0.09143554773000333
1450 3 0.07126512118009894
1450 4 0.05018283451193392
1450 5 0.04984895423504191
1450 6 0.04659402426208869
1450 7 0.03675795453902798
1450 8 0.03205508705088616
1450 9 0.027983721505425548
1451 0 0.16600341301656052
1451 1 0.14583039090693925
1451 2 0.13677256656595896
1451 3 0.121895859510905
1451 4 0.07478371173080188
1451 5 0.06411183405275403
1451 6 0.055136109378282845
1451 7 0.054172024938568056
1451 8 0.045534571865858686
1451 9 0.04123995423120543
1451 10 0.040883509938809744
1451 11 0.03617058465676509
1451 12 0.035876218758469566
1451 13 0.03464108318652056
1451 14 0.02998004834942581
1451 15 0.027981669202393613
1451 16 0.024857013314269902
1451 17 0.02457000213060812
1451 18 0.018916177019662563
1451 19 0.013647029515111302
1453 0 0.16926183643180706
1453 1 0.12973733213434072
1453 2 0.1250185592977014
1453 3 0.1027670295663296
1453 4 0.09425492165581882
1453 5 0.07250005680340696
1453 6 0.06774006436579905
1453 7 0.061095865341465834
1453 8 0.058523880701163426
1453 9 0.05382578179947816
1453 10 0.04413209059925791
1453 11 0.035290365467785426
1453 12 0.03246731701411496
1453 13 0.031117427899015455
1453 14 0.027983721505425548
1453 15 0.02435475364597843
1453 16 0.022113657598185083
1453 17 0.021812866935067152
1453 18 0.019080740410112026
1453 19 0.01681491675161497
1454 0 0.19113946220454825
1454 1 0.10276835752711497
1454 2 0.0896586456563981
1454 3 0.0832237853139381
1454 4 0.05348664249606682
1454 5 0.04818403849084836
1454 6 0.04356344420954557
1454 7 0.0434811521396272
1454 8 0.04152559406899937
1454 9 0.03228139118631563
1454 10 0.031111457734405094
1454 11 0.02564161744039503
1454 12 0.024648498948963753
1454 13 0.022698260266709135
1454 14 0.02116333188853916
1454 15 0.018401654463493695
1454 16 0.017820086864435068
1454 17 0.017208494901994727
1454 18 0.014183946319069813
1454 19 0.011398402382892404
1455 0 0.19897634732708905
1455 1 0.18661988348571437
1455 2 0.1639586401258974
1455 3 0.14356246024248018
1455 4 0.1016891630320502
1455 5 0.09626877418683168
1455 6 0.09044428536557887
1455 7 0.07653095349845661
1455 8 0.07413282986040917
1455 9 0.05549699403955461
1455 10 0.053392493094476814
1455 11 0.051333535168151805
1455 12 0.04567829343994799
1455 13 0.04361099803255575
1455 14 0.037807503818605724
1455 15 0.03632202500291937
1455 16 0.0257342785450253
1455 17 0.021512672345256292
1455 18 0.020667832747882295
1455 19 0.020269997200496034
1458 0 0.1717170699288571
1458 1 0.09763910144839351
1458 2 0.09017812731612483
1458 3 0.08562596828665898
1458 4 0.08048787674157577
1458 5 0.06917463927558486
1458 6 0.06869805225827191
1458 7 0.06696348647993208
1458 8 0.047505156265486875
1458 9 0.046300597745144174
1458 10 0.045765320142780105
1458 11 0.03906144210803849
1458 12 0.03823891376090505
1458 13 0.031136843666577683
1458 14 0.029613546263127295
1458 15 0.022141573069296847
1458 16 0.021973931224299484
1458 17 0.019487147340749307
1458 18 0.015678425653062128
1458 19 0.014729222296636797
1464 0 0.1738997847461005
1464 1 0.16634462348608312
1464 2 0.14360057875320567
1464 3 0.12215556638722555
1464 4 0.11479370641902854
1464 5 0.09008009966542302
1464 6 0.08145437565544579
1464 7 0.05463446464637778
1464 8 0.0475923904621917
1464 9 0.04700036894456416
1464 10 0.04552055659791082
1464 11 0.044107787407839306
1464 12 0.04316074010138227
1464 13 0.04223296708939242
1464 14 0.040140323475986256
1464 15 0.03290477068703406
1464 16 0.019997689787177936
1464 17 0.019997689787177936
1464 18 0.01742549010777108
1464 19 0.014628116191387073
1465 0 0.18447343105218966
1465 1 0.16124143618300626
1465 2 0.13722159839697548
1465 3 0.13276612396696263
1465 4 0.09875673135391665
1465 5 0.08874414847964608
1465 6 0.08677465436600361
1465 7 0.07398947045744315
1465 8 0.07031381836294331
1465 9 0.055860564803324055
1465 10 0.04046127877091612
1465 11 0.040330335046770124
1465 12 0.03822153709221921
1465 13 0.03760700060309427
1465 14 0.0370625102727817
1465 15 0.03216906154886001
1465 16 0.02636078743060584
1465 17 0.025172913303937276
1465 18 0.024369646047115494
1465 19 0.02148978011217214
1481 0 0.16828355186596688
1481 1 0.14961871594693865
1481 2 0.12200503146887949
1481 3 0.06127726780284
1481 4 0.04403762052531917
1481 5 0.039844754113228985
1481 6 0.032585562113250865
1481 7 0.03248241879543268
1481 8 0.0241287984775167
1481 9 0.019054852720029054
1506 0 0.1651454447159675
1506 1 0.13896783664880946
1506 2 0.09553389125153262
1506 3 0.09116845407181415
1506 4 0.07986242230213021
1506 5 0.03812471290597913
1506 6 0.032814099637273914
1506 7 0.03194420609792367
1506 8 0.02993689339651717
1506 9 0.022295642928710783
1537 0 0.10617994914658312
1537 1 0.053627938278153306
1537 2 0.03362303902205253
1537 3 0.030550679135084476
1537 4 0.02634873958183289
1537 5 0.020381983529907707
1537 6 0.01952238357295201
1537 7 0.018368370560002435
1537 8 0.017464287689352726
1537 9 0.017142509964163746
1541 0 0.13153125625074022
1541 1 0.055310645678778116
1541 2 0.04758755019603367
1541 3 0.04676708546977976
1541 4 0.04262866922250559
1541 5 0.04138527539442257
1541 6 0.028676592590423825
1541 7 0.023435797237270996
1541 8 0.022882395988279326
1541 9 0.02086186026825714
1543 0 0.21017740983287492
1543 1 0.18177512036956311
1543 2 0.1768096788170414
1543 3 0.16891760786959042
1543 4 0.15975614222549742
1543 5 0.14395100949590853
1543 6 0.13265056119770854
1543 7 0.12413189648081999
1543 8 0.11799671010718113
1543 9 0.0843032212564184
1543 10 0.0572772688317454
1543 11 0.05397738436811473
1543 12 0.048395504928070855
1543 13 0.0374953047651044
1543 14 0.037159855080011496
1543 15 0.032014538975541976
1543 16 0.027152221877759126
1543 17 0.02404132094708842
1543 18 0.021561712578918278
1543 19 0.021338728345452227
1544 0 0.07406166323468415
1544 1 0.05757132537553979
1544 2 0.05322759205490721
1544 3 0.0457259717592818
1544 4 0.026963792919331687
1544 5 0.021659923201489673
1544 6 0.018401330018529085
1544 7 0.017421468499256295
1544 8 0.016717815278108627
1544 9 0.01669987837596647
1544 10 0.016159828414529977
1544 11 0.01597221622743786
1544 12 0.015871525109933563
1544 13 0.015604092859470276
1544 14 0.015471724029680323
1544 15 0.015343071226519884
1544 16 0.014680843213905597
1544 17 0.014492110559900823
1544 18 0.01240009697334454
1544 19 0.012075486956793013
1547 0 0.08210933949620715
1547 1 0.0734944579842332
1547 2 0.0734203713538267
1547 3 0.057645974125710556
1547 4 0.026963792919331687
1547 5 0.024070356885112842
1547 6 0.022657333043470267
1547 7 0.022630096643214654
1547 8 0.02251999284912088
1547 9 0.021172003246110672
1547 10 0.016877802485510778
1547 11 0.016717815278108627
1547 12 0.01669987837596647
1547 13 0.0159747325622215
1547 14 0.015871525109933563
1547 15 0.015471724029680323
1547 16 0.014680843213905597
1547 17 0.014492110559900823
1547 18 0.013917892959706106
1547 19 0.012075486956793013
1548 0 0.17922777468349152
1548 1 0.13551008330158626
1548 2 0.08409917555460733
1548 3 0.056416331482464666
1548 4 0.03326331632646796
1548 5 0.02595845681141342
1548 6 0.022630096643214654
1548 7 0.0205126141269367
1548 8 0.01946175763596085
1548 9 0.018713281965691095
1548 10 0.018321380743064455
1548 11 0.017439531784030016
1548 12 0.016733077395600707
1548 13 0.01669987837596647
1548 14 0.016260570462348488
1548 15 0.01597221622743786
1548 16 0.015871525109933563
1548 17 0.015470773330481706
1548 18 0.01526252682090215
1548 19 0.013215257401688704
1551 0 0.16881414765203936
1551 1 0.1673036677109989
1551 2 0.1437842296936369
1551 3 0.0827703697032835
1551 4 0.08154434499865457
1551 5 0.05786305798795979
1551 6 0.05033806633703505
1551 7 0.04226768647322127
1551 8 0.03913918440322062
1551 9 0.03264055930736767
1552 0 0.20227210454896064
1552 1 0.1381953105523842
1552 2 0.12668131710561872
1552 3 0.12645274185543698
1552 4 0.12206369564561953
1552 5 0.1078666555200275
1552 6 0.0884637299422128
1552 7 0.08065965903248776
1552 8 0.07663368182852937
1552 9 0.06658416504491571
1552 10 0.05149874178960668
1552 11 0.045462005599646804
1552 12 0.04440239475355036
1552 13 0.04245675866265412
1552 14 0.038054546023459
1552 15 0.035922255989900995
1552 16 0.028773250781565732
1552 17 0.018461099571718317
1552 18 0.01804675505729576
1552 19 0.017841383281007258
1554 0 0.20655901850201241
1554 1 0.1607482647463397
1554 2 0.15964208850259035
1554 3 0.15952485069189107
1554 4 0.10413258069620315
1554 5 0.07930445241532297
1554 6 0.07089677051202532
1554 7 0.0678479385439151
1554 8 0.06259508025152587
1554 9 0.059155559956790414
1554 10 0.045202951385871326
1554 11 0.037676646864624685
1554 12 0.03679827248480424
1554 13 0.031880045219864636
1554 14 0.024082033131222837
1554 15 0.01959097538834745
1554 16 0.018196218552735444
1554 17 0.017633815842283854
1554 18 0.016410518738927148
1554 19 0.01577733986849282
1557 0 0.09365201991402933
1557 1 0.06429439847981538
1557 2 0.057612850558393665
1557 3 0.04411882230925182
1557 4 0.03638191527981636
1557 5 0.03279563268260237
1557 6 0.031344160226345896
1557 7 0.027503778746298432
1557 8 0.027429746818822015
1557 9 0.02455144840577162
1557 10 0.0228303980237772
1557 11 0.020088217477535114
1557 12 0.019568175584352053
1557 13 0.018636912902684745
1557 14 0.01647259901933524
1557 15 0.015596664578827116
1557 16 0.014821582535151626
1557 17 0.014488304933644456
1557 18 0.01296080860873351
1557 19 0.012688875627540262
1558 0 0.16562990895521187
1558 1 0.09109583121636425
1558 2 0.08079173831400988
1558 3 0.06724496134980827
1558 4 0.04803813257217175
1558 5 0.046039445956946354
1558 6 0.04281415742686429
1558 7 0.04047499977482632
1558 8 0.03907031530055891
1558 9 0.02672254167983507
1558 10 0.024881814490983027
1558 11 0.018133015919106765
1558 12 0.01768516303054883
1558 13 0.016447099908686626
1558 14 0.016322228209779414
1558 15 0.01599775306424515
1558 16 0.015486807891072664
1558 17 0.014360566989831892
1558 18 0.013275489100321705
1558 19 0.012890804891849645
1559 0 0.12407551850929566
1559 1 0.07079399691056215
1559 2 0.06398123363665198
1559 3 0.0504927511328354
1559 4 0.048930450540238576
1559 5 0.04081731184818225
1559 6 0.03483826650006859
1559 7 0.032996124580266226
1559 8 0.031333789305326064
1559 9 0.029733555060181265
1559 10 0.028832454442374835
1559 11 0.02437926810388562
1559 12 0.017991012771545113
1559 13 0.016186334813615224
1559 14 0.01572965683338918
1559 15 0.015510224517762404
1559 16 0.014637601490832002
1559 17 0.01267496882229859
1559 18 0.01238009456401491
1559 19 0.011901152491246656
1561 0 0.12407551850929566
1561 1 0.06398123363665198
1561 2 0.0504927511328354
1561 3 0.048930450540238576
1561 4 0.04081731184818225
1561 5 0.03483826650006859
1561 6 0.032996124580266226
1561 7 0.03142431510937531
1561 8 0.031333789305326064
1561 9 0.029733555060181265
1561 10 0.028832454442374835
1561 11 0.02437926810388562
1561 12 0.017991012771545113
1561 13 0.016186334813615224
1561 14 0.01572965683338918
1561 15 0.015510224517762404
1561 16 0.014637601490832002
1561 17 0.01267496882229859
1561 18 0.01238009456401491
1561 19 0.011901152491246656
1562 0 0.12407551850929566
1562 1 0.07818805992780437
1562 2 0.06398123363665198
1562 3 0.052185508782131296
1562 4 0.0504927511328354
1562 5 0.048930450540238576
1562 6 0.04081731184818225
1562 7 0.03483826650006859
1562 8 0.032996124580266226
1562 9 0.029733555060181265
1562 10 0.028832454442374835
1562 11 0.02437926810388562
1562 12 0.017991012771545113
1562 13 0.016186334813615224
1562 14 0.01572965683338918
1562 15 0.015510224517762404
1562 16 0.014637601490832002
1562 17 0.01267496882229859
1562 18 0.01238009456401491
1562 19 0.011901152491246656
1564 0 0.04699612852432906
1564 1 0.040677457205357155
1564 2 0.033547737609336686
1564 3 0.028223888117860252
1564 4 0.02349665141752214
1564 5 0.023147263803106662
1564 6 0.02225549852326443
1564 7 0.02214623036358531
1564 8 0.021797446367708636
1564 9 0.021405188632882516
1564 10 0.021380051693357185
1564 11 0.020105018822301146
1564 12 0.019822044337617615
1564 13 0.019747563468852963
1564 14 0.017737104405812942
1564 15 0.017544710428108734
1564 16 0.017288057484332937
1564 17 0.016230689458369738
1564 18 0.01364924121116364
1564 19 0.012235453414807893
1566 0 0.104137454915904
1566 1 0.052430310053159256
1566 2 0.04394875278594371
1566 3 0.03450061360730906
1566 4 0.03359446900208775
1566 5 0.03137688578268876
1566 6 0.029628199103156772
1566 7 0.028381711730062376
1566 8 0.025376042260092536
1566 9 0.025106430380811784
1566 10 0.024394113347324338
1566 11 0.021494101643648393
1566 12 0.020780109568715767
1566 13 0.020520395147163473
1566 14 0.019935866044648837
1566 15 0.017867421875724928
1566 16 0.016859150672661725
1566 17 0.01559035676509661
1566 18 0.015573544102482977
1566 19 0.014259973017186183
1567 0 0.06673294946949923
1567 1 0.04907479082333016
1567 2 0.04837821880216584
1567 3 0.04684714792372042
1567 4 0.04683200464362816
1567 5 0.04513981288671239
1567 6 0.039340857129651005
1567 7 0.03870583156374952
1567 8 0.035433253293768015
1567 9 0.0343111000218197
1567 10 0.03397540134407955
1567 11 0.03156360574612821
1567 12 0.02886446320170287
1567 13 0.028218291442220777
1567 14 0.02813886656036173
1567 15 0.021149309075359564
1567 16 0.02056093756358385
1567 17 0.017481336140458083
1567 18 0.016893609745995717
1567 19 0.015638912217619618
1676 0 0.14135185824874405
1676 1 0.10245055991166623
1676 2 0.09737466371177507
1676 3 0.08203219704694796
1676 4 0.05918130428747042
1676 5 0.05620940727474668
1676 6 0.05613485661258848
1676 7 0.05542859274126048
1676 8 0.052224068688913286
1676 9 0.04896669783349378
1676 10 0.04427492938123422
1676 11 0.04037314291901895
1676 12 0.035458499639153505
1676 13 0.031795681983835
1676 14 0.025749252057403513
1676 15 0.02491009024691014
1676 16 0.02123223305843574
1676 17 0.021205494643474643
1676 18 0.01873536308636373
1676 19 0.01781846463961203
1680 0 0.18898347259811044
1680 1 0.1578000258077212
1680 2 0.08101253443027276
1680 3 0.04922717432345131
1680 4 0.041135807397566476
1680 5 0.04037314291901895
1680 6 0.0395926490578815
1680 7 0.03943196957546765
1680 8 0.03322189300424251
1680 9 0.031821113187398
1680 10 0.028991698444451083
1680 11 0.026442411747515653
1680 12 0.025151814949698134
1680 13 0.0249939573839532
1680 14 0.023945136219237884
1680 15 0.022158442321148494
1680 16 0.021827065174884593
1680 17 0.019242125371693095
1680 18 0.01863748256768074
1680 19 0.01632621209213552
1681 0 0.16985872462390372
1681 1 0.16371280138550587
1681 2 0.07115294621989388
1681 3 0.050473895598729494
1681 4 0.04362189334718116
1681 5 0.04320980297073945
1681 6 0.04199601663198478
1681 7 0.04037314291901895
1681 8 0.03406067378053326
1681 9 0.026162019618393442
1681 10 0.025101433551095245
1681 11 0.024998111034023347
1681 12 0.0249939573839532
1681 13 0.024656089452089216
1681 14 0.02415928687265012
1681 15 0.022158442321148494
1681 16 0.021707448729880847
1681 17 0.020614291783490352
1681 18 0.016380788639583102
1681 19 0.015891755762523177
1682 0 0.21351125538454507
1682 1 0.1858390878153075
1682 2 0.08560597342256109
1682 3 0.06473654151425783
1682 4 0.05394530581539315
1682 5 0.044813949418538876
1682 6 0.043036564450102614
1682 7 0.03982769057166016
1682 8 0.036099893380639375
1682 9 0.03554851802636857
1682 10 0.03481338987103812
1682 11 0.03183775796860553
1682 12 0.028227191043052272
1682 13 0.022897824100869577
1682 14 0.021275659639686844
1682 15 0.020688587794077496
1682 16 0.020651116286973283
1686 0 0.10161745314964024
1686 1 0.0814500069662712
1686 2 0.08000371431160083
1686 3 0.05973113286923554
1686 4 0.05949898495182727
1686 5 0.057155907551902925
1686 6 0.056324219293443126
1686 7 0.046819219248453114
1686 8 0.04354278159243912
1686 9 0.042804333535145254
1686 10 0.041552658815233005
1686 11 0.0365529807737135
1686 12 0.03208449459157353
1686 13 0.02989058830935914
1686 14 0.028330922888945793
1686 15 0.025376589289393327
1686 16 0.02159885775474995
1686 17 0.019485345916672562
1686 18 0.018128850951189015
1686 19 0.013880021555319937
1688 0 0.09412825230545073
1688 1 0.07221910255452048
1688 2 0.07221910255452048
1688 3 0.07221910255452048
1688 4 0.07221910255452048
1688 5 0.03675242765678205
1688 6 0.0334450583232702
1688 7 0.033384436158894915
1688 8 0.03030277677381341
1688 9 0.030066626110969687
1688 10 0.01924503971745076
1688 11 0.018930228127461167
1690 0 0.1953210296321152
1690 1 0.18787744725899583
1690 2 0.09377375468284269
1690 3 0.0735874001487456
1690 4 0.06217481461649922
1690 5 0.06176797194872924
1690 6 0.04782546267048752
1690 7 0.0468020727093352
1690 8 0.046779565283069535
1690 9 0.04641006019454047
1690 10 0.03641486530680334
1690 11 0.03485158383408096
1690 12 0.03304164119070794
1690 13 0.030787959696380523
1690 14 0.027814261259580038
1690 15 0.025267409786187096
1690 16 0.02488231247627754
1690 17 0.020846824507717115
1690 18 0.02018430788998896
1690 19 0.016899519548752198
1691 0 0.20848599523482786
1691 1 0.1959611972734441
1691 2 0.15315163489270647
1691 3 0.1306081122384198
1691 4 0.07736793096436267
1691 5 0.06693659527402834
1691 6 0.06365605678456634
1691 7 0.05856500221411947
1691 8 0.05531995649473917
1691 9 0.054982126289033866
1691 10 0.046779565283069535
1691 11 0.04622285922257791
1691 12 0.03083276705503914
1691 13 0.029723970729569813
1691 14 0.02970149537053902
1691 15 0.028451137293564542
1691 16 0.02646896341799131
1691 17 0.024652386629615237
1691 18 0.024459177766883645
1691 19 0.021867469890825806
1692 0 0.2016410364571042
1692 1 0.15865340660741928
1692 2 0.13542320750338885
1692 3 0.12834449744651322
1692 4 0.05740223673235723
1692 5 0.046779565283069535
1692 6 0.044340720029348024
1692 7 0.03767633373750768
1692 8 0.03476161449087218
1692 9 0.03453798136747691
1692 10 0.03397102133705735
1692 11 0.029905499573575543
1692 12 0.02851209710705998
1692 13 0.02687622861873845
1692 14 0.026778448074375953
1692 15 0.025510415292062112
1692 16 0.022661688528489328
1692 17 0.022122391203918408
1692 18 0.018684493134005994
1692 19 0.016042809415551026
1696 0 0.14073595607267508
1696 1 0.09132532698481766
1696 2 0.07137016589631436
1696 3 0.050663073421406635
1696 4 0.04341938687264405
1696 5 0.03937014394663062
1696 6 0.03655181126279457
1696 7 0.03282403670746898
1696 8 0.03262632900031536
1696 9 0.03252082779757997
1696 10 0.030560050312899413
1696 11 0.028732166994768365
1696 12 0.02625588984640925
1696 13 0.0234399037296428
1696 14 0.021363144715346862
1696 15 0.019272728831610474
1696 16 0.014130958986056428
1696 17 0.013688442462643113
1696 18 0.013089292587333877
1696 19 0.012826069633024783
1699 0 0.16562990895521187
1699 1 0.11621709929538301
1699 2 0.07530832414810845
1699 3 0.07322421041917877
1699 4 0.06872613561078979
1699 5 0.06429017315004376
1699 6 0.062454131550099184
1699 7 0.05988894893620593
1699 8 0.05784966520163007
1699 9 0.05617864913757873
1699 10 0.05023120699258735
1699 11 0.04901613796443772
1699 12 0.04403823168908971
1699 13 0.0433797064989494
1699 14 0.043205241878155616
1699 15 0.042105211225654485
1699 16 0.03164779544182794
1699 17 0.026716750714478415
1699 18 0.02602580932249638
1699 19 0.02491125787152114
1700 0 0.1983673414928259
1700 1 0.17084217012825065
1700 2 0.1699078591729624
1700 3 0.12770623120358152
1700 4 0.0795125800875027
1700 5 0.06633001900438389
1700 6 0.06375856630291879
1700 7 0.061375382223706774
1700 8 0.057682670360253985
1700 9 0.05652265134284331
1700 10 0.05342061794576923
1700 11 0.04137725104047234
1700 12 0.04084096992228751
1700 13 0.034500104304166945
1700 14 0.0344803357970211
1700 15 0.026155294930609578
1700 16 0.023113238580597436
1700 17 0.016242441156797086
1700 18 0.015267196376192182
1700 19 0.014228152888651528
1703 0 0.10503695217196672
1703 1 0.09980353416914284
1703 2 0.06216596783228987
1703 3 0.057153496850363576
1703 4 0.05663931194331485
1703 5 0.050788154500494495
1703 6 0.031103784233730544
1703 7 0.02432244496368893
1703 8 0.018141242108005908
1703 9 0.016211335938969326
1704 0 0.14256562949703527
1704 1 0.09066502111998788
1704 2 0.06766976544172354
1704 3 0.044213552693685425
1704 4 0.040605419105366726
1704 5 0.03940891889251706
1704 6 0.03234408074418633
1704 7 0.024110222116985
1704 8 0.019678462350315402
1704 9 0.015668315042537156
1819 0 0.12042866656432853
1819 1 0.11492216398931784
1819 2 0.09569378980246188
1819 3 0.09423341020014217
1819 4 0.06968173166480264
1819 5 0.06064500001913768
1819 6 0.054432946597197954
1819 7 0.050980659770366796
1819 8 0.0406341060764234
1819 9 0.039634872174670856
1819 10 0.0329360758535028
1819 11 0.030613176289545928
1819 12 0.028657046667614167
1819 13 0.025498854110736074
1819 14 0.022872226902208408
1819 15 0.022196072278119143
1819 16 0.021874536000345682
1819 17 0.02178587575484293
1819 18 0.020685124532711104
1819 19 0.017525309751009976
1820 0 0.058115042319599526
1820 1 0.051696924846359606
1820 2 0.03384013420214937
1820 3 0.03047579082380613
1820 4 0.028747238595159135
1820 5 0.025179438043080166
1820 6 0.023101762283128418
1820 7 0.019982769091421868
1820 8 0.017728580180260266
1820 9 0.014958955739889854
1821 0 0.1217511947828488
1821 1 0.11154797408356036
1821 2 0.0692892438004086
1821 3 0.0679377796181844
1821 4 0.047535242877030405
1821 5 0.03894231044417372
1821 6 0.033127426702919634
1821 7 0.03188475721708318
1821 8 0.03047579082380613
1821 9 0.02853435554067839
1821 10 0.026123161674957915
1821 11 0.021448637849828825
1821 12 0.021022609544064534
1821 13 0.021014438058095473
1821 14 0.019772306170020137
1821 15 0.018839411831990123
1821 16 0.018609738750590948
1821 17 0.018460988279550224
1821 18 0.015296149316667517
1821 19 0.01505522157898154
1822 0 0.19281999657843335
1822 1 0.17929192424370297
1822 2 0.17450110953445735
1822 3 0.1714745058190386
1822 4 0.14642522679600398
1822 5 0.07585832627020347
1822 6 0.07438597238512024
1822 7 0.07254503392977961
1822 8 0.04550048250887971
1822 9 0.0443511324491424
1822 10 0.039257365367886765
1822 11 0.03834477713476372
1822 12 0.03753526053975738
1822 13 0.032508740336340415
1822 14 0.024874688019609268
1822 15 0.024861299005895413
1822 16 0.021785502265872045
1822 17 0.017972317573613582
1822 18 0.01793683046245569
1822 19 0.013499967289671299
1824 0 0.15634203049862977
1824 1 0.07204549431752863
1824 2 0.06248147924252289
1824 3 0.05777806849769614
1824 4 0.05777806849769614
1824 5 0.05482509115354805
1824 6 0.05423155304434176
1824 7 0.051501110992371486
1824 8 0.04958017799017582
1824 9 0.045773834936793115
1824 10 0.036193624021868084
1824 11 0.03597564982227411
1824 12 0.023544048676973815
1824 13 0.023333534825257875
1824 14 0.021020894890152745
1824 15 0.020525103371766145
1824 16 0.020027567018540814
1824 17 0.01861310392394478
1824 18 0.01850172309937985
1824 19 0.017630131882889213
1826 0 0.11807046474739127
1826 1 0.11213731704392196
1826 2 0.10852350566872263
1826 3 0.08513138589165793
1826 4 0.07584426950348107
1826 5 0.06156530325170982
1826 6 0.05802486925513389
1826 7 0.053917377140125844
1826 8 0.04958298481638126
1826 9 0.04720096270285644
1826 10 0.0460527896992698
1826 11 0.041085956051492976
1826 12 0.04068504393586675
1826 13 0.03639832238622423
1826 14 0.031282085604861606
1826 15 0.030839154093702862
1826 16 0.030162309080909843
1826 17 0.027829425289059562
1826 18 0.01937830171404735
1826 19 0.01694215765328699
1829 0 0.19953028806014977
1829 1 0.19691707250103116
1829 2 0.18578586375064843
1829 3 0.18210127055654257
1829 4 0.08352206341488826
1829 5 0.07185884037486687
1829 6 0.07136422025370713
1829 7 0.06580653837183757
1829 8 0.06357527753361086
1829 9 0.06128156103969725
1829 10 0.056137210724889815
1829 11 0.05062647527487576
1829 12 0.035440587259014486
1829 13 0.03521600720903647
1829 14 0.028828483764174264
1829 15 0.023860214636059852
1829 16 0.023155220249971277
1829 17 0.01820337520503614
1829 18 0.01752231429401116
1829 19 0.016485491934062513
1830 0 0.10713668453058797
1830 1 0.09569129987598932
1830 2 0.0700576275646113
1830 3 0.06615482626872767
1830 4 0.06578320097008104
1830 5 0.058474765015184095
1830 6 0.05400442647865317
1830 7 0.043993707276621156
1830 8 0.04328964284034393
1830 9 0.0405332527364368
1830 10 0.04052742404492147
1830 11 0.03409175259004995
1830 12 0.03178113100443395
1830 13 0.028835572509389347
1830 14 0.024106934282256447
1830 15 0.023906178301481867
1830 16 0.02183304477103462
1830 17 0.021167198819803376
1830 18 0.019614595736294038
1830 19 0.017244144235634924
1833 0 0.11155725471859447
1833 1 0.0975405380862385
1833 2 0.08481977536623193
1833 3 0.07162411576082106
1833 4 0.06505900962815056
1833 5 0.0534957873169297
1833 6 0.051086028931546824
1833 7 0.043769195133728754
1833 8 0.03809897612053086
1833 9 0.03616352986509282
1833 10 0.032103248265051
1833 11 0.03065327353729394
1833 12 0.030357051511991587
1833 13 0.02404312614378103
1833 14 0.021968127054787293
1833 15 0.02070433469270855
1833 16 0.01924429839843279
1833 17 0.017548550951061878
1833 18 0.015689453952396876
1833 19 0.013506964548951594
1834 0 0.13822650254037694
1834 1 0.11844319164987122
1834 2 0.11149755684510673
1834 3 0.0968099710234919
1834 4 0.09569038690294937
1834 5 0.08864941809521248
1834 6 0.05802552191767898
1834 7 0.03785809837000513
1834 8 0.03764979338487963
1834 9 0.034315314033743737
1834 10 0.03045529608810579
1834 11 0.027004989884605084
1834 12 0.026203259968749316
1834 13 0.024932652376105886
1834 14 0.024277496131935278
1834 15 0.022361658047468706
1834 16 0.022141305213570255
1834 17 0.02138842501427516
1834 18 0.017552785712373176
1834 19 0.017518717104781475
1838 0 0.17495575501788477
1838 1 0.1701295229908748
1838 2 0.0886735930176916
1838 3 0.08766072110957794
1838 4 0.08603857173885868
1838 5 0.07078529725837164
1838 6 0.06920133430546348
1838 7 0.061403178857418715
1838 8 0.054298867829266045
1838 9 0.045367335577067076
1838 10 0.042530909427530364
1838 11 0.02851104077461707
1838 12 0.02850932612070528
1838 13 0.024502323288252616
1838 14 0.020473228017279715
1838 15 0.01750619579271715
1838 16 0.016328875558937996
1838 17 0.014723822740176399
1838 18 0.01460317920050272
1838 19 0.01417545699021391
1839 0 0.0990840435065833
1839 1 0.09183453203892125
1839 2 0.08059758441100347
1839 3 0.05892218593922519
1839 4 0.05514765735545334
1839 5 0.04982045589477861
1839 6 0.04684505034929807
1839 7 0.046138480896084806
1839 8 0.04589688634854424
1839 9 0.045865468003599474
1839 10 0.04541215048095743
1839 11 0.04189485393749705
1839 12 0.03408031401873961
1839 13 0.03299756194691175
1839 14 0.02864939580263482
1839 15 0.02668999155013005
1839 16 0.024142117697837005
1839 17 0.022472771016307045
1839 18 0.022136527195574032
1839 19 0.01399923338727189
1840 0 0.094721164160423
1840 1 0.08738927385267764
1840 2 0.07771322340425395
1840 3 0.07378578692675537
1840 4 0.06732952076186302
1840 5 0.04462824240245986
1840 6 0.04106020040296537
1840 7 0.0392139350140198
1840 8 0.03662939133549439
1840 9 0.0357296337689368
1840 10 0.03351650412256943
1840 11 0.0292906725930288
1840 12 0.028731770870102275
1840 13 0.02842649645302579
1840 14 0.020214928326677744
1840 15 0.017851637250935196
1840 16 0.017838691519585777
1840 17 0.017555411453016975
1840 18 0.016952089064558255
1840 19 0.016491135767400335
1841 0 0.1743756926925573
1841 1 0.13352965614715967
1841 2 0.09897711248243411
1841 3 0.06901130764421615
1841 4 0.060506673285738936
1841 5 0.05962962309408799
1841 6 0.04464606423981806
1841 7 0.04399930961118444
1841 8 0.03590534335296687
1841 9 0.033637616409764655
1841 10 0.030131871616090634
1841 11 0.025125223666755868
1841 12 0.025031791062180696
1841 13 0.02496474224667507
1841 14 0.02495914934365146
1841 15 0.022976666113577092
1841 16 0.020731063676129983
1841 17 0.02024085940184319
1841 18 0.019582898217775077
1841 19 0.013521830541777585
1845 0 0.16690271409659813
1845 1 0.14272934593522246
1845 2 0.10974587093596005
1845 3 0.1070532191771348
1845 4 0.10193982317552042
1845 5 0.0930377475080151
1845 6 0.08092777129696116
1845 7 0.08084586026124542
1845 8 0.06008095999339958
1845 9 0.05566994584138552
1845 10 0.049493087152873955
1845 11 0.038119325610520303
1845 12 0.0318228900894716
1845 13 0.026954765049560694
1845 14 0.021739204723945756
1845 15 0.019660114233043684
1845 16 0.01693681940183444
1845 17 0.01619721503777717
1845 18 0.015149834069169284
1845 19 0.01488612067479741
1846 0 0.19547774409525226
1846 1 0.09613452942380159
1846 2 0.06706958752859041
1846 3 0.0656900550843118
1846 4 0.05182549182250906
1846 5 0.04135606402976031
1846 6 0.03499618442766741
1846 7 0.03455718775485849
1846 8 0.031922838001649995
1846 9 0.030456486348411995
1846 10 0.0276726051926782
1846 11 0.021563791290261286
1846 12 0.0192082359633551
1846 13 0.017263295920086425
1846 14 0.01720138352108444
1846 15 0.017010515566498643
1846 16 0.016192889733685052
1846 17 0.01528764301104021
1846 18 0.014814554151790423
1846 19 0.013788456395599188
1848 0 0.14186624687704963
1848 1 0.14005978258550647
1848 2 0.13828063203284421
1848 3 0.11945670490268234
1848 4 0.11540767701577337
1848 5 0.10621247664059294
1848 6 0.09671219991066907
1848 7 0.08672714204176797
1848 8 0.08060966432701129
1848 9 0.07260950793495564
1848 10 0.05869264112676551
1848 11 0.05674890643426651
1848 12 0.05055604808186076
1848 13 0.030656218063978544
1848 14 0.025291869541164205
1848 15 0.023479312474994986
1848 16 0.02249524826164577
1848 17 0.021024956111134138
1848 18 0.02051025812832743
1848 19 0.014933787676283615
1849 0 0.20980195910173863
1849 1 0.1623751827035155
1849 2 0.09227053325473135
1849 3 0.07780988536801173
1849 4 0.0416048001391381
1849 5 0.040897604431690826
1849 6 0.03959959444369361
1849 7 0.03726221746634511
1849 8 0.03494743845804309
1849 9 0.018197857754329885
1889 0 0.13947354826061972
1889 1 0.13805690082143637
1889 2 0.11190130219524946
1889 3 0.08455132356633045
1889 4 0.08307844151502576
1889 5 0.0566139448742216
1889 6 0.05023495697275967
1889 7 0.04103449757105991
1889 8 0.038779782379984785
1889 9 0.03497677431902898
1889 10 0.02844722131829405
1889 11 0.02715544180540206
1889 12 0.026514170673931886
1889 13 0.024582934657802
1889 14 0.022791947522855367
1889 15 0.02096616555176253
1889 16 0.018023351634761556
1889 17 0.017818277895126588
1889 18 0.01730958968939685
1889 19 0.01549290349516062
1892 0 0.10071514906737207
1892 1 0.09581351753963371
1892 2 0.08029951757654188
1892 3 0.043951736925094916
1892 4 0.038037512662817116
1892 5 0.033309274332966175
1892 6 0.03279164125501453
1892 7 0.02670573656245317
1892 8 0.02634510466644453
1892 9 0.022127216379612975
1892 10 0.02159003171992787
1892 11 0.02128973149687272
1892 12 0.021203538542147328
1892 13 0.020559045596726288
1892 14 0.01954321029884869
1892 15 0.019425423572540696
1892 16 0.01937566088294008
1892 17 0.019109159525442107
1892 18 0.018852097252844684
1892 19 0.017096538753509995
1895 0 0.21411760529723747
1895 1 0.10917917876126709
1895 2 0.06412354425240682
1895 3 0.045713427811522274
1895 4 0.04319768155595709
1895 5 0.04123552518017695
1895 6 0.03597815861182601
1895 7 0.031660497839453905
1895 8 0.025850246870485143
1895 9 0.0235713228033881
1898 0 0.17974063917498662
1898 1 0.14832054373645914
1898 2 0.08995041976759265
1898 3 0.08204649526108589
1898 4 0.060782613728137466
1898 5 0.052079739723669305
1898 6 0.04589593187672976
1898 7 0.04240231604306984
1898 8 0.04224605429383687
1898 9 0.038082636921208605
1898 10 0.032151137850873396
1898 11 0.028040327720209857
1898 12 0.027834584341258406
1898 13 0.026091409453508876
1898 14 0.02336472869955852
1898 15 0.023338846668399353
1898 16 0.02236755464606965
1898 17 0.019092737328570763
1898 18 0.016934125754105023
1898 19 0.016933024150271706
1904 0 0.18849137258435023
1904 1 0.174735781331881
1904 2 0.15305982451295433
1904 3 0.10800765326546045
1904 4 0.07990921782935101
1904 5 0.05585494360568144
1904 6 0.046358020731263806
1904 7 0.04427013815908246
1904 8 0.03730337293284396
1904 9 0.03729992853455691
1904 10 0.03710481638712015
1904 11 0.037016069371452444
1904 12 0.033339998516591314
1904 13 0.03308687862757546
1904 14 0.02624826538974098
1904 15 0.025258359280720896
1904 16 0.023744727319123114
1904 17 0.022000386693070518
1904 18 0.02009045086612869
1904 19 0.015699976721205378
1905 0 0.13131535698987337
1905 1 0.11238311051292307
1905 2 0.1106685320534494
1905 3 0.10439249129378056
1905 4 0.06237019084704671
1905 5 0.06064443789937342
1905 6 0.04805620717479307
1905 7 0.04687303184118752
1905 8 0.0468656337414713
1905 9 0.03713760041900895
1905 10 0.035596320842026
1905 11 0.031970950171808565
1905 12 0.02475443022990804
1905 13 0.024601788305599965
1905 14 0.022067592072134642
1905 15 0.021746542461808096
1905 16 0.017160063945795348
1905 17 0.016852989990950053
1905 18 0.01580048109422423
1905 19 0.012790983362302815
1909 0 0.18018224649797585
1909 1 0.1647470866612836
1909 2 0.1358455744854537
1909 3 0.10420604861760736
1909 4 0.09389090195076114
1909 5 0.07468035714649511
1909 6 0.07189346544329903
1909 7 0.057635158036018354
1909 8 0.046442248153122215
1909 9 0.03970234163684571
1909 10 0.03602206808790816
1909 11 0.0328535083826261
1909 12 0.02972110165520256
1909 13 0.017126310351628586
1909 14 0.01486993615272572
1912 0 0.20702062068909954
1912 1 0.16303970635288517
1912 2 0.14456214308552096
1912 3 0.10526642530472492
1912 4 0.07027374563719845
1912 5 0.06877957094193743
1912 6 0.06709815377593932
1912 7 0.06552968872901496
1912 8 0.059409177831100786
1912 9 0.050280718803232774
1912 10 0.04490852512572192
1912 11 0.043826787887562425
1912 12 0.03727082280313894
1912 13 0.035071538657005394
1912 14 0.027165331717898783
1912 15 0.02632253499201705
1912 16 0.023870817572955536
1912 17 0.022386383771864478
1912 18 0.020005599076344208
1912 19 0.012991089509994216
1915 0 0.20905572059267832
1915 1 0.18937025626731277
1915 2 0.17475734560417977
1915 3 0.1163146893226442
1915 4 0.09147752185414543
1915 5 0.08412272422285244
1915 6 0.07615344291905664
1915 7 0.07204700336387564
1915 8 0.06790303382604447
1915 9 0.06050603948627319
1915 10 0.05822654575418015
1915 11 0.05516029939122543
1915 12 0.0551173519321895
1915 13 0.05074178527886672
1915 14 0.043828428975464795
1915 15 0.04296895540114066
1915 16 0.042441970008453414
1915 17 0.03792549992509437
1915 18 0.036193624021868084
1915 19 0.035541957447374935
1917 0 0.06934631593325255
1917 1 0.05336749574173858
1917 2 0.05205189781856696
1917 3 0.04208723093842985
1917 4 0.03794899577671733
1917 5 0.035154294758675465
1917 6 0.03346666032172767
1917 7 0.030936414017075642
1917 8 0.02956939533962963
1917 9 0.028668685187565487
1917 10 0.02719840624120939
1917 11 0.025986977787371926
1917 12 0.02360900746328883
1917 13 0.022331326215893788
1917 14 0.02161527429269749
1917 15 0.021569665253167024
1917 16 0.021564181756003574
1917 17 0.020367789062706136
1917 18 0.020275214728240825
1917 19 0.020243132402903374
1919 0 0.16562990895521187
1919 1 0.09896130522194917
1919 2 0.09680516471087666
1919 3 0.08148048215724907
1919 4 0.05205189781856696
1919 5 0.045298062804507544
1919 6 0.04368880068959176
1919 7 0.04299319068547366
1919 8 0.03477157796937832
1919 9 0.031905744279154234
1919 10 0.030534079625267357
1919 11 0.029321542022364838
1919 12 0.02745429334396408
1919 13 0.022937544087030835
1919 14 0.021799108204998283
1919 15 0.020481416480020182
1919 16 0.019700896210571653
1919 17 0.018865965388773713
1919 18 0.017758598884718178
1919 19 0.017268081483314383
2034 0 0.19505377752405959
2034 1 0.06535482798355509
2034 2 0.05010748782782767
2034 3 0.04161042510939658
2034 4 0.041292974574607656
2034 5 0.03981752337189718
2034 6 0.03460441713290406
2034 7 0.03239792351784768
2034 8 0.0321260424101226
2034 9 0.032070996171999516
2034 10 0.03045838774680923
2034 11 0.02758362050221084
2034 12 0.02640177312939065
2034 13 0.02603291504448287
2034 14 0.025911278363682063
2034 15 0.025094441007584782
2034 16 0.024167833733898005
2034 17 0.0214682629975717
2034 18 0.020017301730765276
2034 19 0.019802555004045968
2040 0 0.14389642728953714
2040 1 0.09789800853015015
2040 2 0.07516605125851226
2040 3 0.05394392126536977
2040 4 0.047783077331215854
2040 5 0.0459610095004446
2040 6 0.033831279872708286
2040 7 0.028122089737598836
2040 8 0.018930305466086452
2040 9 0.01819763894260957
2041 0 0.16647980385784836
2041 1 0.12861464692355506
2041 2 0.1257446897641878
2041 3 0.09412910491663679
2041 4 0.07453064465840817
2041 5 0.06941447955674702
2041 6 0.06738699279198893
2041 7 0.05299556486120669
2041 8 0.051995263309163646
2041 9 0.04681591443695316
2041 10 0.040758575991740716
2041 11 0.03260268978928944
2041 12 0.031837535384269346
2041 13 0.028415120129877264
2041 14 0.027334990026077338
2041 15 0.025596093284721583
2041 16 0.025501479851379873
2041 17 0.024539594846715848
2041 18 0.02244079055159802
2041 19 0.017115929999069083
2042 0 0.1928278436194378
2042 1 0.1807950853099604
2042 2 0.1449762857649946
2042 3 0.14209359979969027
2042 4 0.11262811927782375
2042 5 0.10075589331874137
2042 6 0.09985683368611926
2042 7 0.07222771166393019
2042 8 0.06648713336480291
2042 9 0.06467776415904175
2042 10 0.061198914343887335
2042 11 0.057460372742875826
2042 12 0.05583570326475706
2042 13 0.05220816711303166
2042 14 0.04814945869380661
2042 15 0.04578546213889683
2042 16 0.029443084387768957
2042 17 0.028471075568424424
2042 18 0.02800164520341217
2042 19 0.027620801517893253
2044 0 0.1494086868763617
2044 1 0.12904259737710388
2044 2 0.07767029858091323
2044 3 0.06738699279198893
2044 4 0.06274487196454602
2044 5 0.05934840098947492
2044 6 0.05725741355443461
2044 7 0.05507807145577681
2044 8 0.05312407524811814
2044 9 0.048414039789828014
2044 10 0.04799814661659183
2044 11 0.045904888066799265
2044 12 0.042569567422324914
2044 13 0.042041857687391104
2044 14 0.032065801279949936
2044 15 0.02952584614836283
2044 16 0.028739400985694347
2044 17 0.025596093284721583
2044 18 0.020992432389740186
2044 19 0.017671130785829565
2047 0 0.17785546302598337
2047 1 0.17025171047359228
2047 2 0.10607795270398866
2047 3 0.10295437767031099
2047 4 0.10117221657018644
2047 5 0.08794567433128399
2047 6 0.07671892031144027
2047 7 0.06961375667210154
2047 8 0.06827682460619905
2047 9 0.06501805411029268
2047 10 0.05370023291602273
2047 11 0.05122912425140212
2047 12 0.043886798888167176
2047 13 0.03786036571214151
2047 14 0.033973594261079
2047 15 0.03375271137465117
2047 16 0.028152072602206007
2047 17 0.0221409109752121
2047 18 0.016042262386250235
2047 19 0.013633471676837377
2049 0 0.19635944969488373
2049 1 0.19626240292430747
2049 2 0.19010179666495322
2049 3 0.14552452230286364
2049 4 0.1451245193876615
2049 5 0.12092730074877131
2049 6 0.06434157126862294
2049 7 0.06312531386647505
2049 8 0.061593465829160914
2049 9 0.061503255038536604
2049 10 0.05699759727225389
2049 11 0.053901709466428006
2049 12 0.051740826777210015
2049 13 0.04409516800776243
2049 14 0.04370394019706814
2049 15 0.04145275617444503
2049 16 0.039361772512020575
2049 17 0.033941157309850006
2049 18 0.02976835555525127
2049 19 0.012996374001670653
2051 0 0.15884236939099197
2051 1 0.12149501152974851
2051 2 0.12020020449262284
2051 3 0.11897814857988655
2051 4 0.11323076448173425
2051 5 0.09857195617395692
2051 6 0.0768264851350552
2051 7 0.07330599318595502
2051 8 0.07130013860058132
2051 9 0.07083284730876595
2051 10 0.05980514404732468
2051 11 0.05266873937598696
2051 12 0.051096916700940506
2051 13 0.043658661261426084
2051 14 0.03822569451490523
2051 15 0.031282911807736596
2051 16 0.027290426001142176
2051 17 0.02725643661848369
2051 18 0.02708401486918217
2051 19 0.019311051063592814
2053 0 0.1847737765466352
2053 1 0.16738892882960502
2053 2 0.16116557642314205
2053 3 0.16063182673020432
2053 4 0.12132416484757168
2053 5 0.11308574512778652
2053 6 0.10689028744304804
2053 7 0.08946013060944884
2053 8 0.07116793859535143
2053 9 0.061509049776509124
2053 10 0.045066401554546186
2053 11 0.044968045686263884
2053 12 0.04346758581296757
2053 13 0.04322635343655029
2053 14 0.041747567241412924
2053 15 0.03941154840577673
2053 16 0.03623788812384177
2053 17 0.030655293773091
2053 18 0.0197361965772441
2053 19 0.014944974425484798
2056 0 0.1583571053571837
2056 1 0.15027293280975826
2056 2 0.14700645108701865
2056 3 0.08385371407580255
2056 4 0.05841268284846807
2056 5 0.0523216096721682
2056 6 0.04641496459516826
2056 7 0.03665750109632333
2056 8 0.036109396600009676
2056 9 0.03606430629516099
2056 10 0.03143824549346615
2056 11 0.029593436334245445
2056 12 0.028657090052696645
2056 13 0.02829578097213978
2056 14 0.027512121886289466
2056 15 0.02529968451493379
2056 16 0.023097770855540576
2056 17 0.02247660776664432
2056 18 0.01908417537685941
2056 19 0.018622143111563377
2057 0 0.0926998116690655
2057 1 0.0728146250596731
2057 2 0.06952259518227862
2057 3 0.06478369166737018
2057 4 0.060289698829349855
2057 5 0.06022181815204544
2057 6 0.05918814404003824
2057 7 0.057943765559213795
2057 8 0.05073969524967611
2057 9 0.03730430099634737
2057 10 0.03657011599498381
2057 11 0.03386427517108567
2057 12 0.031129089054661982
2057 13 0.024986425356373684
2057 14 0.02329384124740769
2057 15 0.022841706439840112
2057 16 0.018930563890273377
2057 17 0.017511984871765873
2057 18 0.014909987185929353
2057 19 0.012629897380529246
2060 0 0.09724971467424258
2060 1 0.0880860609129464
2060 2 0.08463054095431678
2060 3 0.07758836490950227
2060 4 0.06793185661127238
2060 5 0.05045662079067209
2060 6 0.03096503685366257
2060 7 0.027916663258380256
2060 8 0.02751714135170121
2060 9 0.027515232408072243
2060 10 0.02732950652891389
2060 11 0.026981925997498955
2060 12 0.025397631054394458
2060 13 0.023055257247329413
2060 14 0.02276834792429605
2060 15 0.021734364457787717
2060 16 0.019778438557112803
2060 17 0.018309100878415654
2060 18 0.01745717253582657
2060 19 0.014810626858672326
2064 0 0.1882183710097125
2064 1 0.1318147306070262
2064 2 0.10709167722328837
2064 3 0.10619103309200191
2064 4 0.06893874515062014
2064 5 0.05041481266162815
2064 6 0.04729270894813883
2064 7 0.04256527418546767
2064 8 0.035098792034032406
2064 9 0.033309991129981
2064 10 0.03106847066290256
2064 11 0.02364283839608088
2064 12 0.022358936105120283
2064 13 0.021944259600501385
2064 14 0.021923653572632953
2064 15 0.02058441455212747
2064 16 0.02034249933223817
2064 17 0.01728353789052364
2064 18 0.015343392842022591
2064 19 0.01471133066588505
2065 0 0.11712711460448441
2065 1 0.07953893558195324
2065 2 0.06567037711994678
2065 3 0.05357973933782978
2065 4 0.04985701254253495
2065 5 0.04701834923178879
2065 6 0.03598735247669518
2065 7 0.034876369920330615
2065 8 0.031118923741206932
2065 9 0.03030281261366415
2065 10 0.029551665931360185
2065 11 0.028225008584772907
2065 12 0.027384286797618316
2065 13 0.022481493304192766
2065 14 0.02006210343050009
2065 15 0.018587218120169745
2065 16 0.01717585800212475
2065 17 0.016915681435128685
2065 18 0.015518445990891711
2065 19 0.011795599415043084
2066 0 0.11455284753158215
2066 1 0.10111463136158451
2066 2 0.09470307823995408
2066 3 0.04626845128533698
2066 4 0.03399347971931674
2066 5 0.0313758766079442
2066 6 0.028591212634417888
2066 7 0.019886005267035666
2066 8 0.01758792762917919
2066 9 0.013265505815582262
2067 0 0.1599068355937099
2067 1 0.09550949751733319
2067 2 0.055213199010919894
2067 3 0.027918508067539476
2067 4 0.026708690520677446
2067 5 0.02267753917405674
2067 6 0.017074323704974064
2067 7 0.01657772296048388
2067 8 0.016166602146320125
2067 9 0.015854489862983746
2068 0 0.10677180466911249
2068 1 0.06800078984840384
2068 2 0.06165008147548489
2068 3 0.057596401953211245
2068 4 0.043599159563963444
2068 5 0.03666561222043852
2068 6 0.02148337043781321
2068 7 0.020253116630796784
2068 8 0.01794068796218024
2068 9 0.014877939757288678
2179 0 0.09235755241233172
2179 1 0.06306919620544559
2179 2 0.05351110413735186
2179 3 0.050503812442558985
2179 4 0.039204518564814446
2179 5 0.03780113187040547
2179 6 0.03541139475743156
2179 7 0.028742971766612963
2179 8 0.027543527027078695
2179 9 0.026573943999736983
2179 10 0.023460224925013234
2179 11 0.023082819978857565
2179 12 0.022474346083431736
2179 13 0.020065112091654444
2179 14 0.019211135218649294
2179 15 0.017878377552204228
2179 16 0.0167944257885305
2179 17 0.016353239112210486
2179 18 0.015025781971059294
2179 19 0.01315183501318574
2181 0 0.14442961863532647
2181 1 0.13583813488696292
2181 2 0.11726536588556581
2181 3 0.08688919098374173
2181 4 0.07396182472836592
2181 5 0.06434584941501673
2181 6 0.06263414946144998
2181 7 0.057665689816234246
2181 8 0.04526476192424489
2181 9 0.04031873802559335
2181 10 0.03932257503315697
2181 11 0.030240788922494072
2181 12 0.028625128451066954
2181 13 0.02658464879726109
2181 14 0.026307095561579195
2181 15 0.024789685325190082
2181 16 0.023552625719148637
2181 17 0.02064346542199394
2181 18 0.019297545098787068
2181 19 0.014135737004052651
2184 0 0.12664804263366713
2184 1 0.06280881403088474
2184 2 0.05430568494613867
2184 3 0.04880243436600579
2184 4 0.04677784874284981
2184 5 0.043722361880349274
2184 6 0.042506772231209924
2184 7 0.041818820637302904
2184 8 0.040268626369024986
2184 9 0.03498689247478569
2184 10 0.030671423592232613
2184 11 0.028608181860590023
2184 12 0.026540754411642414
2184 13 0.025454901249571452
2184 14 0.02525744442137302
2184 15 0.02328968759733754
2184 16 0.02206161624860048
2184 17 0.021308596462518287
2184 18 0.017145345084988193
2184 19 0.01689413225329337
2189 0 0.20561096013450286
2189 1 0.13509600098396649
2189 2 0.1199188503464544
2189 3 0.08062925174859549
2189 4 0.07623327901604525
2189 5 0.0679130463485569
2189 6 0.06525333707148688
2189 7 0.06113436488639395
2189 8 0.06053615627874366
2189 9 0.056588551396817274
2189 10 0.050078872536472474
2189 11 0.041419775966531104
2189 12 0.040357969457999764
2189 13 0.039453990334286405
2189 14 0.03720506988118381
2189 15 0.03715519967203097
2189 16 0.032230283559158246
2189 17 0.024438873548284612
2189 18 0.023885777881178214
2189 19 0.01426944699878351
2190 0 0.20561096013450286
2190 1 0.16082841019782942
2190 2 0.12037841532097307
2190 3 0.11495880363462327
2190 4 0.08404254104520402
2190 5 0.07930630099709805
2190 6 0.07119170607531686
2190 7 0.051626139254837194
2190 8 0.04496005528585646
2190 9 0.04330852101014503
2190 10 0.042397275828270825
2190 11 0.04204314037678606
2190 12 0.0418246531014341
2190 13 0.04136952472317564
2190 14 0.03363906886687365
2190 15 0.03225675223208481
2190 16 0.029994393721262082
2190 17 0.026266262653737014
2190 18 0.022319250072501833
2190 19 0.021411198409959486
2192 0 0.10771870861616656
2192 1 0.0972791863493997
2192 2 0.07366338063231759
2192 3 0.06174372157393278
2192 4 0.059860575092266256
2192 5 0.05322995371244028
2192 6 0.04982845384041777
2192 7 0.047323512356697184
2192 8 0.044779558252290505
2192 9 0.04041651291103204
2192 10 0.0359839571224144
2192 11 0.03381303927498879
2192 12 0.03284426547375066
2192 13 0.030070804283042974
2192 14 0.02571863350702266
2192 15 0.02418678169709266
2192 16 0.023763784688177927
2192 17 0.02259141978534077
2192 18 0.020521766493031317
2192 19 0.017393724682166503
2193 0 0.0972791863493997
2193 1 0.0849919650996576
2193 2 0.07692040063446141
2193 3 0.0634421343744141
2193 4 0.060509219801449514
2193 5 0.05807807068409776
2193 6 0.053029839076363175
2193 7 0.043803005317133534
2193 8 0.04287728460817562
2193 9 0.04108717460641819
2193 10 0.02651928445474032
2193 11 0.025330714280444196
2193 12 0.02345957792139195
2193 13 0.023372560650099506
2193 14 0.023009572755481596
2193 15 0.020944644664546222
2193 16 0.0206668386636012
2193 17 0.01982223485471892
2193 18 0.01929107128995839
2193 19 0.018276797855049952
2195 0 0.14201404287627586
2195 1 0.1419250845941196
2195 2 0.13938231131847945
2195 3 0.12832503074863677
2195 4 0.08708952443153915
2195 5 0.05089427818484803
2195 6 0.0500430062774199
2195 7 0.04853463900126525
2195 8 0.04617925532838103
2195 9 0.040361791117873566
2195 10 0.039028194044397974
2195 11 0.028648575258683636
2195 12 0.02670924886782584
2195 13 0.024931865785697508
2195 14 0.024234395881956715
2195 15 0.023492980662283038
2195 16 0.021321357335690197
2195 17 0.019547105524731913
2195 18 0.019542651951700296
2195 19 0.018355905837176126
2196 0 0.16151066514177648
2196 1 0.14405460552763083
2196 2 0.10844074956705256
2196 3 0.08820105024458863
2196 4 0.08666115899024493
2196 5 0.06874232013286147
2196 6 0.0684667909055925
2196 7 0.06757920002520769
2196 8 0.056785500808181524
2196 9 0.048744751069391294
2196 10 0.042954909952265856
2196 11 0.040691257434200566
2196 12 0.03925044261776985
2196 13 0.03134302466896977
2196 14 0.03116948999798733
2196 15 0.024234395881956715
2196 16 0.023382082732549145
2196 17 0.022227262379803922
2196 18 0.02078295223477195
2196 19 0.019161080151318947
2199 0 0.1139850386625924
2199 1 0.10760401354856201
2199 2 0.10309609221275878
2199 3 0.0964004686615353
2199 4 0.09168768673889363
2199 5 0.07702821445072361
2199 6 0.06838176368917018
2199 7 0.06117718407649038
2199 8 0.054364567934599026
2199 9 0.05409223411296986
2199 10 0.050035125282872635
2199 11 0.04024066374021488
2199 12 0.032413081888403396
2199 13 0.029946779536398023
2199 14 0.029227932104843892
2199 15 0.021450699584400428
2199 16 0.018384819165184856
2199 17 0.017955640725171182
2199 18 0.017393145585630838
2199 19 0.01596656107625244
2200 0 0.19093658601365612
2200 1 0.16216391621493398
2200 2 0.15654240167258587
2200 3 0.13246294146538468
2200 4 0.12027790528903042
2200 5 0.09712151364183227
2200 6 0.03846700988887159
2200 7 0.030266755837510262
2200 8 0.02375575656161183
2200 9 0.01977279849639085
2201 0 0.19608386765099262
2201 1 0.1954365320395154
2201 2 0.19192074076978616
2201 3 0.1780194209115861
2201 4 0.17246096941607955
2201 5 0.11821492575419063
2201 6 0.10026577770092746
2201 7 0.07576165676121396
2201 8 0.07122350922708011
2201 9 0.05931318362035156
2201 10 0.0507361527633765
2201 11 0.04965783351519299
2201 12 0.044001346823752896
2201 13 0.040112956920483216
2201 14 0.03473997853887191
2201 15 0.03149447821927957
2201 16 0.0299789806991353
2201 17 0.02236975596742835
2201 18 0.020643938885285314
2201 19 0.015960260807753666
2202 0 0.1570783093017998
2202 1 0.1278473421274905
2202 2 0.11725752638979309
2202 3 0.10142609852760753
2202 4 0.09414089056860694
2202 5 0.08753384049272127
2202 6 0.08361714087998168
2202 7 0.08053813553016297
2202 8 0.06666323152826734
2202 9 0.06663137555988194
2202 10 0.06541827583721516
2202 11 0.046554709832133195
2202 12 0.04331595683601993
2202 13 0.03307988797037293
2202 14 0.0273837888123238
2202 15 0.022619918125604068
2202 16 0.022505987012712687
2202 17 0.0222011483327689
2202 18 0.019862779157447236
2202 19 0.012747567155745347
2204 0 0.15303936184448885
2204 1 0.07549177136728281
2204 2 0.07205107024378084
2204 3 0.0464683659727731
2204 4 0.03445821317757392
2204 5 0.029921784069967722
2204 6 0.0222011483327689
2204 7 0.020950977000279866
2204 8 0.020871404986401988
2204 9 0.01778510905641929
2225 0 0.20728112735998402
2225 1 0.09441173420696844
2225 2 0.08509542531720866
2225 3 0.05633441290151719
2225 4 0.05461442451088948
2225 5 0.0429420679678528
2225 6 0.03765297747267182
2225 7 0.02085258717845476
2225 8 0.01796057153411004
2225 9 0.017694947309801264
2316 0 0.08740268927470257
2316 1 0.07575644300608504
2316 2 0.07566950684603375
2316 3 0.07044853847557271
2316 4 0.045356466670752736
2316 5 0.03575189974778695
2316 6 0.030966262953819518
2316 7 0.025923850606060596
2316 8 0.023752566814895834
2316 9 0.018497982550747194
2319 0 0.12395293867452797
2319 1 0.09275578219807613
2319 2 0.07759717019493709
2319 3 0.05907131744446854
2319 4 0.04851294646002697
2319 5 0.04460672340155149
2319 6 0.042943667556980626
2319 7 0.040603385665414125
2319 8 0.03137425815573703
2319 9 0.02811951492726925
2319 10 0.02727307196815155
2319 11 0.024850171675394144
2319 12 0.023733547171999696
2319 13 0.021676532142846462
2319 14 0.021618835642076437
2319 15 0.02116734595182221
2319 16 0.020009824406115838
2319 17 0.01795098908980652
2319 18 0.017371230460056373
2319 19 0.016813247369093592
2320 0 0.07721083923963885
2320 1 0.04959979182007109
2320 2 0.042943667556980626
2320 3 0.03993325213624944
2320 4 0.03861281771953565
2320 5 0.03768441845331179
2320 6 0.036826567103810694
2320 7 0.034160176524039285
2320 8 0.03256493344968723
2320 9 0.03167543739828931
2320 10 0.027167678284968383
2320 11 0.02635033728465279
2320 12 0.02580336834571525
2320 13 0.024689763821322763
2320 14 0.023016338942040006
2320 15 0.019424874656931972
2320 16 0.01835732622705025
2320 17 0.017371230460056373
2320 18 0.015738832778332972
2320 19 0.013268247564163988
2321 0 0.12474256981129658
2321 1 0.11991515318290423
2321 2 0.0675950223761561
2321 3 0.06058292539765339
2321 4 0.045749456293057156
2321 5 0.041962753477880796
2321 6 0.036165902840473496
2321 7 0.03508697242851944
2321 8 0.03219097667443448
2321 9 0.031519501980328886
2321 10 0.031281838498522285
2321 11 0.02991614966816957
2321 12 0.027901902898798556
2321 13 0.027219166946328394
2321 14 0.026212948046297126
2321 15 0.024125712477737062
2321 16 0.017259157360479747
2321 17 0.015980704613139798
2321 18 0.015487003123943808
2321 19 0.013341888082744148
2324 0 0.18760631690182838
2324 1 0.15588951277055163
2324 2 0.14261265138120813
2324 3 0.104336234045964
2324 4 0.09100285887092492
2324 5 0.07760929538233531
2324 6 0.07346374889107153
2324 7 0.06756384547862686
2324 8 0.04334932185075234
2324 9 0.03629370020298597
2324 10 0.03512425341852234
2324 11 0.03018470144239155
2324 12 0.026344276577261606
2324 13 0.02531264156413081
2324 14 0.024700677999027518
2324 15 0.023505398227411
2324 16 0.021758973231091595
2324 17 0.020411770218489767
2324 18 0.02009650968721194
2324 19 0.014466495441314281
2327 0 0.18229208946712208
2327 1 0.16575122119104807
2327 2 0.14468855589801005
2327 3 0.09173797570840776
2327 4 0.08053985584299857
2327 5 0.0751039389108693
2327 6 0.07187820143949901
2327 7 0.07077700504869482
2327 8 0.05238537442556114
2327 9 0.051979882354271735
2327 10 0.03688122853511529
2327 11 0.02747679322499801
2327 12 0.027448832482495834
2327 13 0.023301182757885897
2327 14 0.02116691021468951
2327 15 0.020450364078814568
2327 16 0.02030150420191369
2327 17 0.017741471208679607
2327 18 0.017595014488086338
2327 19 0.016012596421375935
2328 0 0.17262590818180784
2328 1 0.15772534310400763
2328 2 0.08608829481599269
2328 3 0.07586990065568505
2328 4 0.06889164026889819
2328 5 0.06441340187474066
2328 6 0.0621194477060274
2328 7 0.05975045998032488
2328 8 0.057233314084272846
2328 9 0.05641247586904805
2328 10 0.05104915915667348
2328 11 0.0497456864209001
2328 12 0.0489764198645844
2328 13 0.04190358754323037
2328 14 0.02808561231477572
2328 15 0.026366452013330932
2328 16 0.025822546438477825
2328 17 0.02459453167897878
2328 18 0.0220768972291719
2328 19 0.02030150420191369
2332 0 0.18577294631391802
2332 1 0.15491053404339186
2332 2 0.11370068905942515
2332 3 0.10975939199122928
2332 4 0.10841830250264077
2332 5 0.10164642683950284
2332 6 0.08545430671945477
2332 7 0.07175384093004185
2332 8 0.0655106898355061
2332 9 0.0646094119047539
2332 10 0.05136259940079523
2332 11 0.0503201690473595
2332 12 0.04883988135110686
2332 13 0.04860676387142063
2332 14 0.045086215333082436
2332 15 0.039315214659599425
2332 16 0.03624174750987426
2332 17 0.033023095011103176
2332 18 0.026315470768805103
2332 19 0.019199621195021603
2333 0 0.19934775381401534
2333 1 0.17258575245851387
2333 2 0.16504257302649178
2333 3 0.11712229320140571
2333 4 0.11015998343450677
2333 5 0.08074940201874449
2333 6 0.08012298178963682
2333 7 0.07483971998597118
2333 8 0.07269139633497619
2333 9 0.059642540530818404
2333 10 0.054570371675404364
2333 11 0.04997941883697273
2333 12 0.04791300999430935
2333 13 0.038744451832385396
2333 14 0.036580739681266766
2333 15 0.028412820720506004
2333 16 0.024587156214957762
2333 17 0.023602969391592853
2333 18 0.022995295290730938
2333 19 0.018524045667468004
2334 0 0.17435340407801192
2334 1 0.0975415717829862
2334 2 0.08222712056359134
2334 3 0.08107712161392482
2334 4 0.07872059483843274
2334 5 0.07330684579714108
2334 6 0.07228765098483345
2334 7 0.07222986205497467
2334 8 0.06741446498073625
2334 9 0.050278047791198564
2334 10 0.04958995283788858
2334 11 0.04399857395109027
2334 12 0.04031194354441593
2334 13 0.0335085967197111
2334 14 0.030878238394090443
2334 15 0.028318407235805275
2334 16 0.026529717623921964
2334 17 0.02358964639865668
2334 18 0.022200886135966106
2334 19 0.01817565590994949
2336 0 0.20936395839951874
2336 1 0.20905191779588383
2336 2 0.19278447362742474
2336 3 0.19238557231605588
2336 4 0.18794805553757246
2336 5 0.14556128267187682
2336 6 0.1312363885945343
2336 7 0.11009570560535584
2336 8 0.09630587409127293
2336 9 0.08540757909931958
2336 10 0.07296426209544268
2336 11 0.03196973161688336
2336 12 0.029761257378496515
2336 13 0.025606660381766528
2336 14 0.022522577090990138
2336 15 0.02205192817105267
2336 16 0.021186550452895855
2336 17 0.020034127597534444
2336 18 0.016266534968035047
2336 19 0.013701215596816594
2337 0 0.15649080737798157
2337 1 0.1359875153848535
2337 2 0.13560542484979038
2337 3 0.13099341704220208
2337 4 0.10924362258551619
2337 5 0.10319808865535324
2337 6 0.07177181367203475
2337 7 0.06651218353416329
2337 8 0.04272345996879308
2337 9 0.025942521281988987
2337 10 0.025019820552033032
2344 0 0.18888081217512329
2344 1 0.1829274583410675
2344 2 0.17987373706279297
2344 3 0.1488010542742743
2344 4 0.14612326662196712
2344 5 0.11265325244473322
2344 6 0.09203416378016731
2344 7 0.08848926300640422
2344 8 0.07381699400521155
2344 9 0.06751945688032954
2344 10 0.0592663013229658
2344 11 0.05489715566184955
2344 12 0.04764433938268755
2344 13 0.04320011112057578
2344 14 0.0396458693499247
2344 15 0.03578316718809701
2344 16 0.030388882958373845
2344 17 0.02178583425606839
2344 18 0.01871644341778808
2344 19 0.016875133359784505
2345 0 0.15020075512298073
2345 1 0.14822897480412253
2345 2 0.1319550719172982
2345 3 0.128450613585635
2345 4 0.10910881193010598
2345 5 0.10738888390133215
2345 6 0.08500782517676468
2345 7 0.0848611383266035
2345 8 0.07762741902896292
2345 9 0.07760727326023033
2345 10 0.07341142270898893
2345 11 0.06429614142834619
2345 12 0.056303262412299014
2345 13 0.04538799064894179
2345 14 0.03574413947694744
2345 15 0.02859286881278373
2345 16 0.018062552886241028
2345 17 0.01779203557915207
2345 18 0.01776726646967382
2345 19 0.017062711593333814
2346 0 0.13255846409915045
2346 1 0.09955758979550702
2346 2 0.09112024004102716
2346 3 0.048391011742572626
2346 4 0.046694383389396646
2346 5 0.0409084356118465
2346 6 0.032011656697019185
2346 7 0.030723280083639705
2346 8 0.028422982261345188
2346 9 0.02668945772498479
2346 10 0.024671940097656633
2346 11 0.024435900726981003
2346 12 0.02380923150522609
2346 13 0.02178583425606839
2346 14 0.02024085940184319
2346 15 0.019823738242142133
2346 16 0.016542911147566276
2346 17 0.01648830630549969
2346 18 0.015606681817109367
2346 19 0.01414737646715794
2347 0 0.1357892719662467
2347 1 0.10880536534541731
2347 2 0.09478914669835585
2347 3 0.09229496471508945
2347 4 0.08855246941264877
2347 5 0.06933012386594913
2347 6 0.06873780053905218
2347 7 0.06776669903382378
2347 8 0.06443242340394474
2347 9 0.057238388252614666
2347 10 0.05408318360750366
2347 11 0.0502318407920531
2347 12 0.04162815263135809
2347 13 0.039083394959771624
2347 14 0.033556373127057455
2347 15 0.03133648483936341
2347 16 0.0298819207244035
2347 17 0.023300039655278035
2347 18 0.019620918640488014
2347 19 0.016493799234202806
2348 0 0.07217066971201318
2348 1 0.07036042525937075
2348 2 0.06251184502764061
2348 3 0.06080504570208578
2348 4 0.05492512960850726
2348 5 0.05205284474514971
2348 6 0.04300174697826121
2348 7 0.03376903548350996
2348 8 0.032700144002379396
2348 9 0.02244926196052855
2457 0 0.19359003274838604
2457 1 0.1885710955028628
2457 2 0.17660431269967672
2457 3 0.14564518564877063
2457 4 0.12221516617270074
2457 5 0.08325223838281098
2457 6 0.08290462955677705
2457 7 0.037539101062710516
2457 8 0.03752462553562682
2457 9 0.036575186390709766
2457 10 0.03531962964906984
2457 11 0.02905674965985485
2457 12 0.028404579441143392
2457 13 0.028376335752451153
2457 14 0.026049552280458663
2457 15 0.02318552001431132
2457 16 0.0199525183710881
2457 17 0.017031755393832823
2457 18 0.016596801078925964
2457 19 0.01632565940391093
2460 0 0.17496625798045995
2460 1 0.1668398774067086
2460 2 0.11908375164325036
2460 3 0.11899833962000955
2460 4 0.10688759379531863
2460 5 0.1020433513001571
2460 6 0.08666857595304049
2460 7 0.04893797313627843
2460 8 0.045236663481263546
2460 9 0.019385956351642565
2463 0 0.18861429949977773
2463 1 0.1848965072860376
2463 2 0.13846829703655847
2463 3 0.12836326998307002
2463 4 0.12493405270226879
2463 5 0.09611168246210786
2463 6 0.08262135137651619
2463 7 0.08237531646009955
2463 8 0.07589553180788902
2463 9 0.07310984734177055
2463 10 0.07094556552565592
2463 11 0.06461239981652098
2463 12 0.05868402824473995
2463 13 0.052984156470823295
2463 14 0.05025252227223888
2463 15 0.03213072045379834
2463 16 0.027274186776140408
2463 17 0.024756608915571538
2463 18 0.02457176205591032
2463 19 0.023429957227908065
2464 0 0.10615009266460751
2464 1 0.10499943727978003
2464 2 0.10078867735063017
2464 3 0.08910387494784652
2464 4 0.08163136415625495
2464 5 0.07115604731013699
2464 6 0.06144948771719261
2464 7 0.055713843999620066
2464 8 0.05156700727372958
2464 9 0.05109933872032746
2464 10 0.04924262318542884
2464 11 0.038495391278043
2464 12 0.035478871764838146
2464 13 0.03320825877049727
2464 14 0.031993355737445814
2464 15 0.03034851785489924
2464 16 0.027383830311098343
2464 17 0.026908735363360997
2464 18 0.026281888828660314
2464 19 0.019123644484065477
2465 0 0.14310354415789073
2465 1 0.13826440978461385
2465 2 0.13572196849917004
2465 3 0.11842781446759518
2465 4 0.11312869258682244
2465 5 0.1057412090116532
2465 6 0.10497164064606809
2465 7 0.08105773036836574
2465 8 0.07842228655655566
2465 9 0.06431099044440078
2465 10 0.05043467925678655
2465 11 0.05025245813776913
2465 12 0.04946120100356162
2465 13 0.04901742065383268
2465 14 0.045251474771159456
2465 15 0.042756658988427315
2465 16 0.03127453848681862
2465 17 0.02986713018389486
2465 18 0.028728196316567794
2465 19 0.013834300280467409
2466 0 0.0987813665355316
2466 1 0.0955692104812844
2466 2 0.07748187150879372
2466 3 0.05700037391753239
2466 4 0.0517004107434212
2466 5 0.046140050304285696
2466 6 0.04361918083637241
2466 7 0.03891660383965239
2466 8 0.03470276168333876
2466 9 0.029715420095706064
2466 10 0.027164894094458148
2466 11 0.02648938458768223
2466 12 0.026373437011609657
2466 13 0.025873908717206275
2466 14 0.023298034509944446
2466 15 0.022519242098563243
2466 16 0.021901806354144102
2466 17 0.021773052633509208
2466 18 0.019935288834421104
2466 19 0.01704315812529242
2468 0 0.1699028038676999
2468 1 0.13911047170952892
2468 2 0.13440235274009948
2468 3 0.11580338669411827
2468 4 0.10056972981614237
2468 5 0.08727685744505707
2468 6 0.08118378855496328
2468 7 0.07857572638911971
2468 8 0.07400201063258681
2468 9 0.06469870217710652
2468 10 0.059738376291701194
2468 11 0.04806720812266278
2468 12 0.04618482370940151
2468 13 0.04445863313828758
2468 14 0.0403913193822687
2468 15 0.036245799299315984
2468 16 0.03525057191561475
2468 17 0.029158953596322028
2468 18 0.019131155762257723
2468 19 0.01560673840634738
2469 0 0.19983152389194006
2469 1 0.18768128632434788
2469 2 0.17277204423005235
2469 3 0.1655796728023199
2469 4 0.12612246442669847
2469 5 0.10774653543080544
2469 6 0.09407582049012383
2469 7 0.07326161213288943
2469 8 0.07064104751806087
2469 9 0.05700037391753239
2469 10 0.05487424833830193
2469 11 0.04252970973568449
2469 12 0.0401365659505822
2469 13 0.03788769831410175
2469 14 0.03788769831410175
2469 15 0.03770700133189481
2469 16 0.037212234078716246
2469 17 0.034193745260028545
2469 18 0.03183073713047606
2469 19 0.021627456069333736
2470 0 0.18752016544587755
2470 1 0.11127366718383247
2470 2 0.07385466734726467
2470 3 0.06095532785516872
2470 4 0.05692067740733088
2470 5 0.0567386147381799
2470 6 0.04821942940030163
2470 7 0.041819695884184174
2470 8 0.04035461182987766
2470 9 0.03979229966220689
2470 10 0.03906610506125075
2470 11 0.03325429977454457
2470 12 0.0328583411035524
2470 13 0.028166536811442107
2470 14 0.027999634399154778
2470 15 0.024174396199199567
2470 16 0.02373431489932874
2470 17 0.023297783630989256
2470 18 0.022600713624530422
2470 19 0.022051456594069232
2471 0 0.19203171603814534
2471 1 0.1799000699215483
2471 2 0.1737435833587214
2471 3 0.12564227078861617
2471 4 0.11494314727877303
2471 5 0.0876459022744503
2471 6 0.08384700636479009
2471 7 0.07217982207810779
2471 8 0.07145069615462259
2471 9 0.06832282788408768
2471 10 0.06386349784065819
2471 11 0.059996517532436726
2471 12 0.05262320390246591
2471 13 0.03921112441519849
2471 14 0.039012352830370224
2471 15 0.03889191584141529
2471 16 0.036410153309584796
2471 17 0.032301155920845606
2471 18 0.017037667082897237
2471 19 0.01689294010667923
2473 0 0.1469408528423141
2473 1 0.09771690033281365
2473 2 0.08740817465817395
2473 3 0.07672365871696989
2473 4 0.06347563520331774
2473 5 0.058791181853225315
2473 6 0.053986623504374304
2473 7 0.05170029001971344
2473 8 0.039577977354772684
2473 9 0.038049830253624586
2473 10 0.03390946356394691
2473 11 0.030487582134700087
2473 12 0.029469437995911566
2473 13 0.02490295245768878
2473 14 0.023705993872011215
2473 15 0.02152955480126348
2473 16 0.02003332780297053
2473 17 0.019499046171195487
2473 18 0.01617169329143335
2473 19 0.014757831929068188
2475 0 0.20593698959777457
2475 1 0.19243099461110091
2475 2 0.18681933414139879
2475 3 0.15019001071299
2475 4 0.12412328737141029
2475 5 0.11970794602899618
2475 6 0.07181944671997814
2475 7 0.06721254703427447
2475 8 0.05816122291043392
2475 9 0.052932984709196156
2475 10 0.03810771727149592
2475 11 0.036663541054327245
2475 12 0.03665878001310243
2475 13 0.0348100812869223
2475 14 0.03218833207071134
2475 15 0.03100639038249447
2475 16 0.02937763327508323
2475 17 0.023665921146266342
2475 18 0.017719242955988136
2475 19 0.017343754498693173
2477 0 0.20945533115583023
2477 1 0.19358766354562124
2477 2 0.1517693333483811
2477 3 0.0769940119152686
2477 4 0.05599146702869551
2477 5 0.04849515480359571
2477 6 0.044052688353094074
2477 7 0.04346897790822269
2477 8 0.038371460846794735
2477 9 0.03692676400863634
2477 10 0.032105006304045274
2477 11 0.028857280141091096
2477 12 0.027764579681220574
2477 13 0.024868004830599942
2477 14 0.023794978562478572
2477 15 0.023313751227648564
2477 16 0.022076006891827163
2477 17 0.02077263413037426
2477 18 0.016900032624510182
2477 19 0.013231900296588299
2480 0 0.15932616964984364
2480 1 0.118580235693875
2480 2 0.0860895246887655
2480 3 0.07773527811661551
2480 4 0.06896562881129213
2480 5 0.06657397898207339
2480 6 0.06491543141346422
2480 7 0.05031640774933958
2480 8 0.03270304514398152
2480 9 0.030467613678913267
2480 10 0.030464870987177574
2480 11 0.02936108280927239
2480 12 0.02746065397431673
2480 13 0.02411478509587677
2480 14 0.023835577568136965
2480 15 0.02376664244469758
2480 16 0.021825058143243068
2480 17 0.020213204241226284
2480 18 0.018278025841514833
2480 19 0.01718564039506925
2481 0 0.2110600812221685
2481 1 0.16182750451279487
2481 2 0.15349901736178836
2481 3 0.15160810683666648
2481 4 0.15157279515214642
2481 5 0.14607352845436963
2481 6 0.12614906891379626
2481 7 0.1117801257735845
2481 8 0.10259425885006034
2481 9 0.07244975274342935
2481 10 0.06184746096505803
2481 11 0.056596394665205864
2481 12 0.0491009501417556
2481 13 0.04737889813024835
2481 14 0.046866018548289784
2481 15 0.046550944761497404
2481 16 0.03326109048310612
2481 17 0.02192631892574336
2481 18 0.017521539021450382
2481 19 0.013598879618794055
2484 0 0.19841798508823158
2484 1 0.17399284763432063
2484 2 0.1554774374845734
2484 3 0.11709196891506253
2484 4 0.11170017649811986
2484 5 0.10127690666051031
2484 6 0.09595926123582803
2484 7 0.07392115592931398
2484 8 0.05299604398342187
2484 9 0.05027063082840301
2484 10 0.04976658671280619
2484 11 0.03860536680319728
2484 12 0.03613162485270114
2484 13 0.03218771713432494
2484 14 0.03101850613835303
2484 15 0.029610967680181843
2484 16 0.027771762741832344
2484 17 0.02450664481972887
2484 18 0.016322869554476895
2484 19 0.012769952915149286
2485 0 0.2053967510055447
2485 1 0.18772634644826963
2485 2 0.17724039082540524
2485 3 0.1561279270029159
2485 4 0.14452311914698726
2485 5 0.13197343701134132
2485 6 0.12335554495190508
2485 7 0.10445538080029222
2485 8 0.09914685001554589
2485 9 0.08775147515688718
2485 10 0.08141157910104456
2485 11 0.08091006263807898
2485 12 0.06077964467944972
2485 13 0.05291185051510627
2485 14 0.03701132719330696
2485 15 0.03324801836912514
2485 16 0.026892645156685997
2485 17 0.019385130148767575
2485 18 0.018685198613173224
2485 19 0.016135170597219823
2488 0 0.21514464715054957
2488 1 0.21319938077600833
2488 2 0.20536548356523462
2488 3 0.19431010439378918
2488 4 0.18857520010892667
2488 5 0.17108135397425187
2488 6 0.14585974185838863
2488 7 0.13317130291113502
2488 8 0.12812289399045468
2488 9 0.12262428372783885
2488 10 0.11706135790991341
2488 11 0.11015096688258337
2488 12 0.08882169837141897
2488 13 0.07644430405721124
2488 14 0.0655471106690912
2488 15 0.05883115649095763
2488 16 0.05694432793620441
2488 17 0.046181865978561366
2488 18 0.04285757646288366
2488 19 0.021430955599257725
2490 0 0.16708595759451567
2490 1 0.14382372143653818
2490 2 0.05957704791935813
2490 3 0.05948990049281826
2490 4 0.04218347036921047
2490 5 0.0351608779733643
2490 6 0.03396495497074237
2490 7 0.027623781884428596
2490 8 0.0236924841345896
2490 9 0.020079097178675367
2595 0 0.18902299452193866
2595 1 0.15554732142090347
2595 2 0.09927006364977932
2595 3 0.09646323744433923
2595 4 0.0953207309097856
2595 5 0.08783209595797623
2595 6 0.047915952634686024
2595 7 0.04726032481353198
2595 8 0.045933201548885055
2595 9 0.04300000402973041
2596 0 0.15231749443393278
2596 1 0.14062243051598944
2596 2 0.13960826082801736
2596 3 0.11629993084937044
2596 4 0.11482401561490826
2596 5 0.109571983525394
2596 6 0.09568057810169381
2596 7 0.09222552594743175
2596 8 0.06362269931506567
2596 9 0.05374161096685776
2596 10 0.04377353741459228
2596 11 0.033922064100944456
2596 12 0.032906732447285175
2596 13 0.030210064738868933
2596 14 0.028541817774864357
2596 15 0.026791393805725372
2596 16 0.02407362019783825
2596 17 0.02182409235358098
2596 18 0.021026878258918642
2596 19 0.01682564041221842
2601 0 0.19608833442817977
2601 1 0.18412005766911013
2601 2 0.1531220274033781
2601 3 0.1429471164135596
2601 4 0.10487830612950548
2601 5 0.10043259522935777
2601 6 0.09342277313822318
2601 7 0.0887032533236421
2601 8 0.08424349320200371
2601 9 0.07011746879750201
2601 10 0.037833595229945546
2601 11 0.032512833624556675
2601 12 0.03097023929094389
2601 13 0.02761581411971638
2601 14 0.023549030416226885
2601 15 0.023168511175672573
2601 16 0.02190655607752132
2601 17 0.018986017570910157
2601 18 0.018762561760460664
2601 19 0.01811541100716095
2603 0 0.2083983800039204
2603 1 0.1625506697032094
2603 2 0.13082849336693728
2603 3 0.12925550872620362
2603 4 0.12379088218732248
2603 5 0.12207398734170614
2603 6 0.1030508962746658
2603 7 0.09743950743330612
2603 8 0.084524537993671
2603 9 0.07213239275142125
2603 10 0.07192100553913197
2603 11 0.058309924337468365
2603 12 0.057492198530334285
2603 13 0.0494240030111078
2603 14 0.04642026134784626
2603 15 0.041322823511351525
2603 16 0.03414278099227412
2603 17 0.03227383086411711
2603 18 0.029432268298076755
2603 19 0.02002219669985339
2604 0 0.17689317435142152
2604 1 0.15277484111032133
2604 2 0.12008890477929905
2604 3 0.11873015190321878
2604 4 0.11220655963555455
2604 5 0.07911954896642373
2604 6 0.07862163912422751
2604 7 0.07516774139042093
2604 8 0.06867081397170836
2604 9 0.06740264160260742
2604 10 0.06613959999108632
2604 11 0.051141376978939314
2604 12 0.04563693425219229
2604 13 0.04271692957072639
2604 14 0.04042214919913813
2604 15 0.021840654137239422
2604 16 0.020526842547681074
2604 17 0.01886997002051709
2604 18 0.0161580251041453
2604 19 0.013327204118633766
2605 0 0.1487545605563229
2605 1 0.14763886223012396
2605 2 0.14284297712515237
2605 3 0.14015903256374937
2605 4 0.13598517636301566
2605 5 0.1300931501725024
2605 6 0.11645548334682032
2605 7 0.11518293474331305
2605 8 0.11264335310069683
2605 9 0.11189384750629523
2605 10 0.10698462547543142
2605 11 0.10387889491480716
2605 12 0.08027039298204458
2605 13 0.07849876502542216
2605 14 0.07643278248835181
2605 15 0.0762875745036107
2605 16 0.06443182733063767
2605 17 0.036998277715021184
2605 18 0.03677295823233313
2605 19 0.03451516458671011
2609 0 0.19686920555090398
2609 1 0.10262775213373224
2609 2 0.09719726776845222
2609 3 0.08041274886918985
2609 4 0.06853114418706079
2609 5 0.057648505550957664
2609 6 0.054978319719623525
2609 7 0.05044236784792457
2609 8 0.04464737333752409
2609 9 0.04205757817771109
2609 10 0.03871627039185497
2609 11 0.03229711167663562
2609 12 0.031888122390437014
2609 13 0.02255776050657069
2609 14 0.019781598122901856
2609 15 0.018514955549535198
2609 16 0.016020926357211435
2609 17 0.014794293318273869
2609 18 0.01448193958752197
2609 19 0.01426009562720188
2610 0 0.1050934282315036
2610 1 0.10262775213373224
2610 2 0.0570841486254867
2610 3 0.05353577327250962
2610 4 0.05276914377468533
2610 5 0.05085864205536337
2610 6 0.04232313638124218
2610 7 0.04197450894892401
2610 8 0.03976205082818106
2610 9 0.02981695816547262
2610 10 0.029442724102953607
2610 11 0.029305546131086525
2610 12 0.027068143474227483
2610 13 0.02559881711337794
2610 14 0.022610328136068815
2610 15 0.02227475018203642
2610 16 0.021646190879731877
2610 17 0.019781598122901856
2610 18 0.017080725834101255
2610 19 0.01448193958752197
2611 0 0.10262775213373224
2611 1 0.0899799442593719
2611 2 0.0718841621725697
2611 3 0.05620964117693046
2611 4 0.05570649117129425
2611 5 0.03594735143065179
2611 6 0.033761214850816575
2611 7 0.030360718494614823
2611 8 0.030276074198703054
2611 9 0.026973962005402606
2611 10 0.026927770096720607
2611 11 0.026563880546910355
2611 12 0.02640896562154209
2611 13 0.025078492274004813
2611 14 0.022676288551896656
2611 15 0.022093392992052662
2611 16 0.021646190879731877
2611 17 0.0215661887876451
2611 18 0.016940607108165435
2611 19 0.013076324220289252
2614 0 0.19518529091320155
2614 1 0.1810264070244937
2614 2 0.10709160931620275
2614 3 0.10594856707019595
2614 4 0.08452542833101574
2614 5 0.08116013425347389
2614 6 0.06051195872056934
2614 7 0.056828731213407514
2614 8 0.054819488818984775
2614 9 0.04980416573946263
2614 10 0.04953133015992307
2614 11 0.03870956268084251
2614 12 0.03429680558029764
2614 13 0.030242563938259744
2614 14 0.02824547313954631
2614 15 0.027927473689148656
2614 16 0.027610653181209605
2614 17 0.02307387887925153
2614 18 0.022385942375807977
2614 19 0.022036935795595118
2619 0 0.19171621971837577
2619 1 0.18416952420836516
2619 2 0.12903452397914736
2619 3 0.1179999545568272
2619 4 0.0867648380195163
2619 5 0.08496887669054834
2619 6 0.07616793730921968
2619 7 0.0446476977824887
2619 8 0.01989120581800905
2619 9 0.018961463500536357
2620 0 0.06864500927917448
2620 1 0.04642049902264592
2620 2 0.03863779620919454
2620 3 0.03465401948633031
2620 4 0.03095667107797633
2620 5 0.03042675247645208
2620 6 0.027354473700725183
2620 7 0.024854010312039352
2620 8 0.023117863807651025
2620 9 0.022670627741787432
2624 0 0.1428478664353167
2624 1 0.1380117048833434
2624 2 0.11910533855124435
2624 3 0.10652839549333964
2624 4 0.10584813249057065
2624 5 0.10111729482838698
2624 6 0.0938381155095427
2624 7 0.0814721597666453
2624 8 0.0766771046371646
2624 9 0.06884254344599819
2624 10 0.06111652418595641
2624 11 0.051514835768897545
2624 12 0.04587837789509815
2624 13 0.04072838751956877
2624 14 0.039176163583954114
2624 15 0.036836572081091375
2624 16 0.030743291924509003
2624 17 0.030396931834327214
2624 18 0.030377087874864022
2624 19 0.03023954584556572
2625 0 0.1719918521781843
2625 1 0.15940017328270104
2625 2 0.14632753113549848
2625 3 0.1267798578320785
2625 4 0.12648308877747538
2625 5 0.11790413011379201
2625 6 0.11719736071193777
2625 7 0.09724138473840707
2625 8 0.0912245151436056
2625 9 0.06867423196168435
2625 10 0.060739055105330994
2625 11 0.05257514454892948
2625 12 0.05082476019225711
2625 13 0.04994606891270379
2625 14 0.04333053422373205
2625 15 0.04039955877532338
2625 16 0.03786036571214151
2625 17 0.02738211942980242
2625 18 0.02552677901338751
2625 19 0.024355804319497538
2631 0 0.16870267439838568
2631 1 0.09329560580256058
2631 2 0.06807750976468586
2631 3 0.045182349130618756
2631 4 0.04204443438402863
2631 5 0.039201474063809354
2631 6 0.02790580378360558
2631 7 0.027038915132793818
2631 8 0.022172742421594355
2631 9 0.0200997032065438
2639 0 0.20775495282248194
2639 1 0.19488957819104133
2639 2 0.1811073220896204
2639 3 0.17867461865453124
2639 4 0.1328872400267737
2639 5 0.0848889726864741
2639 6 0.04261496330905887
2639 7 0.03489603656684803
2639 8 0.02377023774761933
2639 9 0.018530851466493022
2741 0 0.1728849058063453
2741 1 0.11117289306877909
2741 2 0.10736446753143751
2741 3 0.10712145825294662
2741 4 0.06352653533660241
2741 5 0.05477909542089116
2741 6 0.05227593461186005
2741 7 0.05102189446179887
2741 8 0.048906128485740635
2741 9 0.04715246949849525
2741 10 0.046117029802262045
2741 11 0.030860480691201994
2741 12 0.030443523640291174
2741 13 0.030438251409616302
2741 14 0.02830281690073272
2741 15 0.024655883844524436
2741 16 0.024187887073541844
2741 17 0.023931368057629344
2741 18 0.019873229303400287
2741 19 0.01688121104394709
2742 0 0.1525977092501092
2742 1 0.14109180429176368
2742 2 0.136708175558332
2742 3 0.06691441983795902
2742 4 0.06350411090788584
2742 5 0.05215461483079212
2742 6 0.03958081813452093
2742 7 0.031570560563479996
2742 8 0.02636877217208946
2742 9 0.023693315996388388
2745 0 0.1770303919357552
2745 1 0.16180020586437743
2745 2 0.12807187313346224
2745 3 0.10001567590460562
2745 4 0.07641227454849593
2745 5 0.06041510058078645
2745 6 0.058214413021550185
2745 7 0.05644309819204477
2745 8 0.0548209148677827
2745 9 0.04529768931553666
2745 10 0.03711846571132886
2745 11 0.03511200750741635
2745 12 0.034723043266242586
2745 13 0.03345941689926201
2745 14 0.02830655744936537
2745 15 0.023211673673812952
2745 16 0.019135320730175473
2745 17 0.018068922948133347
2745 18 0.0173947414021428
2746 0 0.07580369124720995
2746 1 0.06837361483889633
2746 2 0.05599666569336096
2746 3 0.05161980503279562
2746 4 0.05116380895288763
2746 5 0.045938373805239435
2746 6 0.04551143441274314
2746 7 0.032165066348656304
2746 8 0.029593366540851894
2746 9 0.027458439448802493
2746 10 0.0263060901594505
2746 11 0.025366912529693118
2746 12 0.022715814248340738
2746 13 0.021931238416834614
2746 14 0.021574779033975457
2746 15 0.02065845213852769
2746 16 0.01853038366212545
2746 17 0.017876964707561838
2746 18 0.017282274064208018
2746 19 0.01634334354078996
2747 0 0.12522696614345533
2747 1 0.057573536128438164
2747 2 0.044113419923329525
2747 3 0.03920278316151539
2747 4 0.038791334129771156
2747 5 0.037472348397550495
2747 6 0.031680190894282395
2747 7 0.02918481299178599
2747 8 0.026149664301427292
2747 9 0.025764910299561683
2747 10 0.02535305948422756
2747 11 0.024041975495941434
2747 12 0.021862857867927753
2747 13 0.0214936998600585
2747 14 0.01950644615721964
2747 15 0.01941471877501659
2747 16 0.01864176260038245
2747 17 0.01712818156909888
2747 18 0.014687674478087722
2747 19 0.013893215336162645
2749 0 0.15824712605941355
2749 1 0.08140490911619078
2749 2 0.08071289064237856
2749 3 0.07609051568638629
2749 4 0.0731903172382249
2749 5 0.061983961752376894
2749 6 0.04656065547474041
2749 7 0.03950956096601508
2749 8 0.03837092513534155
2749 9 0.03756481521246358
2749 10 0.03227434393987509
2749 11 0.03163509115789404
2749 12 0.03029071760719286
2749 13 0.030012768246844873
2749 14 0.028388941948372493
2749 15 0.02711680455999478
2749 16 0.021495448467513098
2749 17 0.019926383574665807
2749 18 0.018260615219286198
2749 19 0.01755077868073165
2751 0 0.11731966137313125
2751 1 0.09486178464426921
2751 2 0.081143670557828
2751 3 0.07733380388122503
2751 4 0.0764191105284479
2751 5 0.057009054706643573
2751 6 0.056372429551614256
2751 7 0.04923652286557104
2751 8 0.046983150725744764
2751 9 0.04468819304121073
2751 10 0.044133128068621484
2751 11 0.04350828479294645
2751 12 0.04189380137767001
2751 13 0.039983295885732184
2751 14 0.03969648276440344
2751 15 0.03296453646760742
2751 16 0.022966389507953947
2751 17 0.020587832542103453
2751 18 0.019978741823983282
2751 19 0.015077925181272317
2756 0 0.131653036290944
2756 1 0.127785244870311
2756 2 0.11990416732549798
2756 3 0.1041259408922763
2756 4 0.08605602385986186
2756 5 0.07863491873208121
2756 6 0.07553308905626398
2756 7 0.06716805280273286
2756 8 0.062049601495856
2756 9 0.05831002619809679
2756 10 0.05227593461186005
2756 11 0.05069479734823667
2756 12 0.04344518024733033
2756 13 0.041334213038655594
2756 14 0.039265397267068736
2756 15 0.03184359797796846
2756 16 0.030442041002255234
2756 17 0.028981650082087924
2756 18 0.025099641558558167
2756 19 0.019832073836901432
2758 0 0.1837903612232152
2758 1 0.15215954255279115
2758 2 0.14514627983598538
2758 3 0.10324544252972244
2758 4 0.08298534090064692
2758 5 0.08296525549376821
2758 6 0.08029061420309452
2758 7 0.07109842437537638
2758 8 0.05824022903193167
2758 9 0.057492198530334285
2758 10 0.052844539502797855
2758 11 0.050715354332098825
2758 12 0.04513814161788308
2758 13 0.04319033250024715
2758 14 0.03491396403745052
2758 15 0.032676353886718766
2758 16 0.029376569397408587
2758 17 0.026938135358816638
2758 18 0.017406632687357246
2758 19 0.016635244034616064
2759 0 0.08471823918277331
2759 1 0.07752970827799396
2759 2 0.07633099731224594
2759 3 0.07018250114982644
2759 4 0.07003004219738794
2759 5 0.06931762896219587
2759 6 0.06560015364818864
2759 7 0.06552034773212696
2759 8 0.06515693919083983
2759 9 0.060959455096927795
2759 10 0.05543606629329405
2759 11 0.05259943264988463
2759 12 0.04786443001978321
2759 13 0.04513814161788308
2759 14 0.043752263633715295
2759 15 0.038993953782784294
2759 16 0.03615771249142509
2759 17 0.026062726255068065
2759 18 0.021700114764634373
2759 19 0.018642120998889865
2762 0 0.17924802608546841
2762 1 0.15763126915473497
2762 2 0.14994018809024237
2762 3 0.1307757823780362
2762 4 0.13069138141584788
2762 5 0.1290383418664053
2762 6 0.09890040765661555
2762 7 0.08512404438117972
2762 8 0.07862206165720467
2762 9 0.06206454859992314
2762 10 0.05677141008791631
2762 11 0.04910540937371101
2762 12 0.045555238255581
2762 13 0.0412920050123297
2762 14 0.029434120652467713
2762 15 0.02425408516416934
2762 16 0.022323796074622204
2762 17 0.021089992236074436
2762 18 0.020116457393611488
2762 19 0.018160246660438573
2763 0 0.1576462539849608
2763 1 0.13690755076169908
2763 2 0.12019677895741512
2763 3 0.09310646947865797
2763 4 0.0812619496105067
2763 5 0.06638720431570386
2763 6 0.05974534054059265
2763 7 0.05448533691375031
2763 8 0.046316050379737565
2763 9 0.04304408704614246
2763 10 0.038455205373822104
2763 11 0.03278980021847117
2763 12 0.02946265860519762
2763 13 0.02856421956788573
2763 14 0.027174284135352424
2763 15 0.026275865847427807
2763 16 0.024557503454239002
2763 17 0.024095254263530586
2763 18 0.020219851590384866
2763 19 0.01729394842401008
2766 0 0.15917429922548046
2766 1 0.14199489307813232
2766 2 0.09246892003274113
2766 3 0.0778713110995668
2766 4 0.07014703856067168
2766 5 0.05860402992526904
2766 6 0.055197584153844195
2766 7 0.05399529297563788
2766 8 0.05244535901785482
2766 9 0.03769641537177053
2766 10 0.037239008333528084
2766 11 0.03699513512600353
2766 12 0.03611206383942801
2766 13 0.03469889475207454
2766 14 0.032792425959114975
2766 15 0.02760942330843679
2766 16 0.022440843368220165
2766 17 0.017903150434298343
2766 18 0.01713169953339535
2766 19 0.016396633626226717
2773 0 0.12444446525067633
2773 1 0.10203026032309678
2773 2 0.08157598215531965
2773 3 0.060836294279316507
2773 4 0.056434866344221825
2773 5 0.045602131870814355
2773 6 0.037124758434595895
2773 7 0.03147242539322595
2773 8 0.027113743082218283
2773 9 0.024484724035230603
2894 0 0.05025252227223888
2894 1 0.03430864404888995
2894 2 0.03154349581724635
2894 3 0.025866836948762593
2894 4 0.021613061653491188
2894 5 0.015528485864869167
2894 6 0.0146729631625123
2894 7 0.013648411235672784
2894 8 0.013376483913403337
2894 9 0.012748121730277874
2896 0 0.1257593350589855
2896 1 0.03691617804851206
2896 2 0.030268055503676623
2896 3 0.028582024428472526
2896 4 0.026534450370527776
2896 5 0.025660139097996658
2896 6 0.023547968424860177
2896 7 0.02251665031146225
2896 8 0.022129110232778474
2896 9 0.0205455037920698
2896 10 0.02043010513160595
2896 11 0.016920472657280444
2896 12 0.016010244195382533
2896 13 0.01600079567894231
2896 14 0.01589294790913732
2896 15 0.015325272024856892
2896 16 0.015053989819900793
2896 17 0.012502018906775617
2896 18 0.012031067234414782
2896 19 0.011507591317638304
2903 0 0.1127207294521398
2903 1 0.08237948897324902
2903 2 0.06822261966141442
2903 3 0.0641726561657703
2903 4 0.0640545506534215
2903 5 0.052675748896268824
2903 6 0.04775119118190352
2903 7 0.03927072042805781
2903 8 0.03868730801983997
2903 9 0.03679405847288021
2903 10 0.03613613312866284
2903 11 0.035950569471986785
2903 12 0.029091333229512472
2903 13 0.02749156867504318
2903 14 0.026012173202443204
2903 15 0.02205086052076216
2903 16 0.02025874160105527
2903 17 0.019426064917238178
2903 18 0.01733730143925177
2903 19 0.01380097487820161
2904 0 0.08066551413231415
2904 1 0.057492198530334285
2904 2 0.050899424032891334
2904 3 0.047847419294836525
2904 4 0.035818659958178706
2904 5 0.034835640759424795
2904 6 0.030324292002105915
2904 7 0.02908336357849232
2904 8 0.028291897064104163
2904 9 0.02593872225781039
2904 10 0.021881283323824757
2904 11 0.021473578613329044
2904 12 0.017754581048819263
2904 13 0.017060853580019058
2904 14 0.016885364694017236
2904 15 0.016567591600571637
2904 16 0.016173292880561182
2904 17 0.016097551958096777
2904 18 0.012881247912703233
2904 19 0.012248725477429853
2906 0 0.08669585951099444
2906 1 0.07624051489327917
2906 2 0.06172818216917443
2906 3 0.05916662881174574
2906 4 0.04721994650590183
2906 5 0.039152384786141095
2906 6 0.03727823222070276
2906 7 0.032016572415494576
2906 8 0.031393058986912845
2906 9 0.030049964352990757
2906 10 0.02968646904153866
2906 11 0.028578930883461154
2906 12 0.028276567039526464
2906 13 0.027598079052523136
2906 14 0.024744628973884207
2906 15 0.02203878626367814
2906 16 0.021881283323824757
2906 17 0.02172571007698761
2906 18 0.020781258330247427
2906 19 0.017060853580019058
2908 0 0.12545594883615074
2908 1 0.112840532641629
2908 2 0.0960122287626081
2908 3 0.09163382132953707
2908 4 0.07894283209395703
2908 5 0.06700899177252619
2908 6 0.043469257081796886
2908 7 0.04139323938651892
2908 8 0.03736345938576606
2908 9 0.029954022958863676
2908 10 0.029895034337159024
2908 11 0.027010844984431483
2908 12 0.02415780800723005
2908 13 0.0229031831017094
2908 14 0.022650893188184397
2908 15 0.020710908475857718
2908 16 0.01655264826912036
2908 17 0.01522256255786347
2908 18 0.015019766535058522
2908 19 0.014937192462104057
2910 0 0.059630366299413894
2910 1 0.04830167997144545
2910 2 0.037753566729547695
2910 3 0.037654339386999996
2910 4 0.03710078346075776
2910 5 0.035962023133760596
2910 6 0.032935094973377245
2910 7 0.03120320209337955
2910 8 0.030457644541483326
2910 9 0.030147495904705997
2910 10 0.029671023952177005
2910 11 0.028747749784609186
2910 12 0.028433475792380716
2910 13 0.02292271582036352
2910 14 0.022775163154860736
2910 15 0.021987388145098954
2910 16 0.020809415248774717
2910 17 0.01835173332402664
2910 18 0.01731218147649784
2910 19 0.013789845661392405
2911 0 0.16360900917775847
2911 1 0.11001916677463545
2911 2 0.10060280056683711
2911 3 0.047722745658262365
2911 4 0.04662445418167616
2911 5 0.0393012182547309
2911 6 0.037208235105896666
2911 7 0.03549786311311528
2911 8 0.032893682968999395
2911 9 0.03158606224207966
2911 10 0.03142820467633473
2911 11 0.029174034628252465
2911 12 0.02812920866374086
2911 13 0.027757547525243502
2911 14 0.021881283323824757
2911 15 0.021780103652565615
2911 16 0.019123106886304354
2911 17 0.018618259203527755
2911 18 0.018139697221808155
2911 19 0.01619113546730665
2912 0 0.18040439321071933
2912 1 0.12766367609659582
2912 2 0.12185966503427194
2912 3 0.12069936684328707
2912 4 0.11612912189335228
2912 5 0.11131425298533533
2912 6 0.101107440755741
2912 7 0.09790077763019692
2912 8 0.07851814118051778
2912 9 0.0760464138068949
2912 10 0.06649895674293174
2912 11 0.054291103785810674
2912 12 0.05379178298528001
2912 13 0.03945313395048448
2912 14 0.03449447556129259
2912 15 0.03360216136584163
2912 16 0.03174345011714909
2912 17 0.029101349524640756
2912 18 0.02608512804808944
2912 19 0.02348177599315648
2913 0 0.10473910414922546
2913 1 0.10234926517562314
2913 2 0.09740365249210114
2913 3 0.07782334606142706
2913 4 0.07207071802721891
2913 5 0.07197813048859807
2913 6 0.07048746432609385
2913 7 0.0668865854780884
2913 8 0.06278100230670933
2913 9 0.06168122064685546
2913 10 0.058818816264454954
2913 11 0.05599661664935469
2913 12 0.04311352204118429
2913 13 0.037154350833460775
2913 14 0.03510605809219326
2913 15 0.023793529877985442
2913 16 0.021141711027002363
2913 17 0.017583660800633016
2913 18 0.015892670621871052
2913 19 0.012780893501165114
2915 0 0.21464845762118895
2915 1 0.16016518432831817
2915 2 0.14137010261907942
2915 3 0.13826605464513209
2915 4 0.1201752297755798
2915 5 0.10128517623449193
2915 6 0.08935839070473336
2915 7 0.07462940419658828
2915 8 0.0709515036230314
2915 9 0.06335176513392336
2915 10 0.05724914775306886
2915 11 0.05269031496613335
2915 12 0.04579060798694014
2915 13 0.043049670517626405
2915 14 0.034810379323575835
2915 15 0.033082528801480195
2915 16 0.03253406213404325
2915 17 0.021525361538726723
2915 18 0.017859576721028406
2915 19 0.01368783224202654
2916 0 0.14241732042205105
2916 1 0.1400972220253758
2916 2 0.1375127839800947
2916 3 0.09383063063966152
2916 4 0.08983367239695615
2916 5 0.08666666700941152
2916 6 0.051330483121914974
2916 7 0.04539439277806898
2916 8 0.043767512547051836
2916 9 0.043749762389395125
2916 10 0.03969658839764773
2916 11 0.0326320520585864
2916 12 0.02990316243804561
2916 13 0.02397545861927313
2916 14 0.022239417748129094
2916 15 0.018535242791362826
2916 16 0.018203776988626033
2916 17 0.01708869171250554
2916 18 0.016555009926653434
2916 19 0.0162211560580725
2917 0 0.21321688571363367
2917 1 0.1374817881681271
2917 2 0.13707745428990903
2917 3 0.1179530307606669
2917 4 0.10326598819573699
2917 5 0.09996811076374784
2917 6 0.09039160455760473
2917 7 0.08131350617895233
2917 8 0.07881134134051024
2917 9 0.07220932393419185
2917 10 0.051290051997662685
2917 11 0.04743836587416818
2917 12 0.0458778157753339
2917 13 0.039636045458205656
2917 14 0.03736345938576606
2917 15 0.03657011599498381
2917 16 0.029576621785323876
2917 17 0.02758316401569087
2917 18 0.022463878960707284
2917 19 0.02155228103924946
2922 0 0.0806328055527427
2922 1 0.06985095612215643
2922 2 0.06488703870644522
2922 3 0.056517184822451265
2922 4 0.04402557456285416
2922 5 0.04337358731601227
2922 6 0.0420414162913346
2922 7 0.03823498269517108
2922 8 0.03634761088373293
2922 9 0.029977428267705813
2922 10 0.02878912594913629
2922 11 0.028685705344051834
2922 12 0.02792155068223664
2922 13 0.027841295824886734
2922 14 0.02744873439448328
2922 15 0.02733348097973033
2922 16 0.025441214199204063
2922 17 0.022515795813968256
2922 18 0.01550398272480958
2922 19 0.015375260128255592
2924 0 0.19633924356429724
2924 1 0.16238570075655415
2924 2 0.14750144846976515
2924 3 0.13854912155890436
2924 4 0.13099928723249196
2924 5 0.09857504217373655
2924 6 0.09177619230714582
2924 7 0.07622264023929883
2924 8 0.06358251341084478
2924 9 0.06326184483472085
2924 10 0.06026553522471834
2924 11 0.056361647415464865
2924 12 0.05516755413153868
2924 13 0.05215227203633838
2924 14 0.03594470682692865
2924 15 0.027309771975310853
2924 16 0.023506105592886163
2924 17 0.022458767066206784
2924 18 0.021775778348473496
2924 19 0.017689012985041642
2928 0 0.208094925874
2928 1 0.17596515611940028
2928 2 0.17537326287071223
2928 3 0.05685628262708806
2928 4 0.05070375353830618
2928 5 0.03742661297538846
2928 6 0.028117949291684225
2928 7 0.022082667445141282
2928 8 0.018168361557169624
2928 9 0.013567545214552343
2950 0 0.1677502397964698
2950 1 0.11119039046117268
2950 2 0.055947248198112226
2950 3 0.053818644010256794
2950 4 0.04557691193373994
2950 5 0.04070091155820557
2950 6 0.04034134731248744
2950 7 0.03717004114285382
2950 8 0.02884651120909724
2950 9 0.01500648598405086
3030 0 0.15607029652292354
3030 1 0.14406115478877685
3030 2 0.0804284957678209
3030 3 0.06893577232931652
3030 4 0.06377582224789687
3030 5 0.06237019084704671
3030 6 0.04462377939788858
3030 7 0.043941747038277704
3030 8 0.034349641065522366
3030 9 0.026943652809522895
3031 0 0.1972916328948227
3031 1 0.11293896018961277
3031 2 0.08592583843150524
3031 3 0.07196652592218955
3031 4 0.03937936044719499
3031 5 0.0384988998107998
3031 6 0.035418449549103836
3031 7 0.0339567495312305
3031 8 0.0330603156392522
3031 9 0.03245880222010196
3031 10 0.032090025246435325
3031 11 0.03136294785336618
3031 12 0.02621362711715328
3031 13 0.023121481746267984
3031 14 0.022522390346504693
3031 15 0.019956315508958766
3031 16 0.019793400751643413
3031 17 0.01976539096513496
3031 18 0.01745988316032739
3031 19 0.017351114872250717
3033 0 0.16012638674673652
3033 1 0.08004205163404664
3033 2 0.07937958783294063
3033 3 0.05740397590827216
3033 4 0.038029163863902274
3033 5 0.032694039909905735
3033 6 0.021285857020376768
3033 7 0.020289139453407868
3033 8 0.01859347500358604
3033 9 0.018445756342985085
3037 0 0.19113520669384967
3037 1 0.179643773489972
3037 2 0.15456082764293558
3037 3 0.13594886870790657
3037 4 0.12733683174829674
3037 5 0.10425640549420712
3037 6 0.1010339124724829
3037 7 0.08922961623471119
3037 8 0.08256897237781144
3037 9 0.07858871927816748
3037 10 0.07569617169498544
3037 11 0.07200025310804524
3037 12 0.05969171657865162
3037 13 0.037330264138747696
3037 14 0.0354102629726713
3037 15 0.033270801196349134
3037 16 0.03019092625857297
3037 17 0.026646987501856106
3037 18 0.02012281425134827
3037 19 0.01791863136351074
3038 0 0.19113520669384967
3038 1 0.10425640549420712
3038 2 0.1010339124724829
3038 3 0.09478216735900093
3038 4 0.08922961623471119
3038 5 0.07219535016501853
3038 6 0.0712820526801124
3038 7 0.05969171657865162
3038 8 0.043313549907096446
3038 9 0.039343075427781114
3038 10 0.037330264138747696
3038 11 0.035187633365096796
3038 12 0.03364793828677821
3038 13 0.030571490770517688
3038 14 0.03019092625857297
3038 15 0.026646987501856106
3038 16 0.026429424517391692
3038 17 0.02012281425134827
3038 18 0.018585243155763095
3038 19 0.01791863136351074
3039 0 0.18202876087956868
3039 1 0.12774069782214725
3039 2 0.10443403533971377
3039 3 0.07399285826649218
3039 4 0.07284001476446154
3039 5 0.03846578001609878
3039 6 0.03673402106396439
3039 7 0.0261536481837834
3039 8 0.024950694911492335
3039 9 0.021082939330710093
3042 0 0.10722171929224203
3042 1 0.08634551931107241
3042 2 0.07614072165835134
3042 3 0.05917928216536542
3042 4 0.058689189183246726
3042 5 0.04821114850847241
3042 6 0.042340663954562714
3042 7 0.03865351669951453
3042 8 0.0376229134968235
3042 9 0.03590315900837957
3042 10 0.03437280869956485
3042 11 0.0329162092583444
3042 12 0.031705395740893344
3042 13 0.028765601802894322
3042 14 0.02534255463534443
3042 15 0.023326163133852728
3042 16 0.0229151724749364
3042 17 0.02278411557231438
3042 18 0.022378608410561503
3042 19 0.021174046117602936
3043 0 0.18866043104660585
3043 1 0.1747855496804054
3043 2 0.15668244117358845
3043 3 0.15596774173318068
3043 4 0.15558485140355363
3043 5 0.13456966070859258
3043 6 0.1261709878119866
3043 7 0.10647572223059723
3043 8 0.1054598397750213
3043 9 0.08496036566915119
3043 10 0.0710294005954641
3043 11 0.06435359836800862
3043 12 0.05935474652936411
3043 13 0.050522890561001066
3043 14 0.050260946523471066
3043 15 0.04058721623380591
3043 16 0.039575234663036994
3043 17 0.03360316865427826
3043 18 0.03173222281232733
3043 19 0.01676285088002723
3044 0 0.20885619448467654
3044 1 0.19158512886221096
3044 2 0.12600304604402776
3044 3 0.0715545562694556
3044 4 0.07097210965089984
3044 5 0.06367854157513682
3044 6 0.05796965702191263
3044 7 0.05141862651904387
3044 8 0.049049872695525146
3044 9 0.0465953710859534
3044 10 0.04289275987846422
3044 11 0.042879001148395345
3044 12 0.04257823689358849
3044 13 0.04052451913070348
3044 14 0.03825079750088775
3044 15 0.033993989022458856
3044 16 0.03155834106068507
3044 17 0.028611739437353102
3044 18 0.022800002057732537
3044 19 0.021275278605484223
3046 0 0.15088740139179757
3046 1 0.14434988062635043
3046 2 0.12509922537018087
3046 3 0.09736332322847728
3046 4 0.09304788829946702
3046 5 0.07518612912015925
3046 6 0.07080157986845588
3046 7 0.06826081362445727
3046 8 0.05662792618862665
3046 9 0.050950078946144624
3046 10 0.0463410590503234
3046 11 0.04608818438133894
3046 12 0.04151810165388646
3046 13 0.03228014245046348
3046 14 0.03156855164553053
3046 15 0.030352314992769906
3046 16 0.03011202011139571
3046 17 0.027314242525113875
3046 18 0.027205651549982977
3046 19 0.020562795576898607
3047 0 0.19645577212321344
3047 1 0.17147494344247924
3047 2 0.16943385262490282
3047 3 0.14368593041459263
3047 4 0.1424131554541333
3047 5 0.08975677139511248
3047 6 0.08762347784573371
3047 7 0.07638875606117777
3047 8 0.06978647457174866
3047 9 0.06335176513392336
3047 10 0.06307402515375601
3047 11 0.0471126721737087
3047 12 0.039477972853356275
3047 13 0.03463184782287685
3047 14 0.03353114941736717
3047 15 0.026397623251936373
3047 16 0.02553276804107721
3047 17 0.021138940040647664
3047 18 0.018456994965654446
3047 19 0.016270639574098918
3050 0 0.1746254096820606
3050 1 0.08485612829273143
3050 2 0.08226676321112732
3050 3 0.07993949684430379
3050 4 0.07132724107297363
3050 5 0.07112198058885322
3050 6 0.06873593686681362
3050 7 0.04620724436550222
3050 8 0.04585470095791355
3050 9 0.04527572514595592
3050 10 0.044101487139340534
3050 11 0.03845645788229012
3050 12 0.03543521505401913
3050 13 0.03407990280361005
3050 14 0.028006821232382417
3050 15 0.02589008569404623
3050 16 0.024283056967724013
3050 17 0.02324030216932368
3050 18 0.017347004607263048
3050 19 0.013055342817142001
3051 0 0.13143161392044708
3051 1 0.12414800555057433
3051 2 0.06972801411626546
3051 3 0.05916163386833713
3051 4 0.043779339697796536
3051 5 0.04346633330449955
3051 6 0.04303748496837429
3051 7 0.041139149935225106
3051 8 0.036128003141468315
3051 9 0.02734485918918679
3051 10 0.026333735888527738
3051 11 0.02599771653843884
3051 12 0.025659665634705283
3051 13 0.025496735786926458
3051 14 0.0242515688293857
3051 15 0.020247593521166726
3051 16 0.018763172924231204
3051 17 0.01774923147951911
3051 18 0.01460011772272622
3051 19 0.013055342817142001
3052 0 0.1246327338729294
3052 1 0.11906913652937956
3052 2 0.11531730777528262
3052 3 0.08514056089344775
3052 4 0.07255558216374522
3052 5 0.0724614931240091
3052 6 0.06931866265894357
3052 7 0.06670819356417652
3052 8 0.061475413133434256
3052 9 0.05958804886722784
3052 10 0.059052311005727935
3052 11 0.058654545251735225
3052 12 0.05729905946099624
3052 13 0.04679143393258878
3052 14 0.04404057448354345
3052 15 0.040468050616398334
3052 16 0.03691053421517424
3052 17 0.03039939535248871
3052 18 0.0271772550703481
3052 19 0.024747939444307962
3053 0 0.1609296370267869
3053 1 0.13340940024376638
3053 2 0.10568447641423732
3053 3 0.0902790674262764
3053 4 0.07088207994583717
3053 5 0.06828762937804364
3053 6 0.052949512539311794
3053 7 0.04875218689526619
3053 8 0.04863341362990884
3053 9 0.04836542586175906
3053 10 0.040938963619446524
3053 11 0.04065750761264967
3053 12 0.04043483650630062
3053 13 0.03992590685315536
3053 14 0.039718024401007024
3053 15 0.03365918822729517
3053 16 0.028586757175078338
3053 17 0.027998489410238983
3053 18 0.021940934039614158
3053 19 0.015700460559190388
3058 0 0.18286905824743818
3058 1 0.17209233957443176
3058 2 0.10735765418718075
3058 3 0.08679080116191662
3058 4 0.07031989981972177
3058 5 0.060711899816316535
3058 6 0.06016951083304218
3058 7 0.05517949068814354
3058 8 0.0487523604355961
3058 9 0.046810032928815686
3058 10 0.04368382083664662
3058 11 0.04172387898638072
3058 12 0.029564777657807774
3058 13 0.02398386400742598
3058 14 0.022650893188184397
3058 15 0.02223473404552956
3058 16 0.021975987299947285
3058 17 0.019211842584124457
3058 18 0.019108080557303994
3058 19 0.014098590885067014
3059 0 0.13881635857649652
3059 1 0.07704604383331354
3059 2 0.04758773882682704
3059 3 0.04377520491080573
3059 4 0.04188723325344464
3059 5 0.041459486521152694
3059 6 0.03817124812270508
3059 7 0.03677412774325207
3059 8 0.03448748867670593
3059 9 0.03446854259981921
3059 10 0.0332734307096088
3059 11 0.03314176641583211
3059 12 0.025164949311840927
3059 13 0.0239197729227605
3059 14 0.0237853036890863
3059 15 0.0209962880031568
3059 16 0.01982631305247172
3059 17 0.018930005543124982
3059 18 0.0153681346000358
3059 19 0.014390364996261553
3178 0 0.10449095656792301
3178 1 0.09697735444430233
3178 2 0.0586719860548908
3178 3 0.05191314855219105
3178 4 0.041636693833682174
3178 5 0.037272275260247935
3178 6 0.031232764311317492
3178 7 0.029081731922129615
3178 8 0.024549671503698016
3178 9 0.02221654060550841
3179 0 0.14316331748369585
3179 1 0.1400000394406283
3179 2 0.13629433468812777
3179 3 0.12032804335390986
3179 4 0.10916463909971363
3179 5 0.07744259103238103
3179 6 0.06211577695078829
3179 7 0.04756660086012129
3179 8 0.038391406666886355
3179 9 0.03683611936718727
3179 10 0.03469042522945195
3179 11 0.024609903202331015
3179 12 0.023731592956980317
3179 13 0.0234976492744191
3179 14 0.02325802969128519
3179 15 0.022285117330440384
3179 16 0.020118258817688233
3179 17 0.01916002947779984
3179 18 0.01844058597293864
3179 19 0.01561868250818397
3180 0 0.12290797689584514
3180 1 0.11366106150235265
3180 2 0.09697735444430233
3180 3 0.0922319922110287
3180 4 0.09127859936468247
3180 5 0.06863079406258564
3180 6 0.06121252594193737
3180 7 0.05816069474421247
3180 8 0.05057752935661046
3180 9 0.050153438289094146
3180 10 0.0404366171809901
3180 11 0.04032179384444604
3180 12 0.03550826421506205
3180 13 0.032137982739343325
3180 14 0.025488079519818418
3180 15 0.02172120368733385
3180 16 0.016778018682122624
3180 17 0.015846097678986433
3180 18 0.014901794950573017
3180 19 0.01435318398057914
3181 0 0.17623142734733035
3181 1 0.12630479495157604
3181 2 0.08533620120710597
3181 3 0.08369137841502287
3181 4 0.07760160679119729
3181 5 0.07010828625048045
3181 6 0.05888716474612694
3181 7 0.05749921936846375
3181 8 0.045818110356614414
3181 9 0.04384454936306674
3181 10 0.03717247070747251
3181 11 0.03546392088815514
3181 12 0.0307678346770352
3181 13 0.028085208644877895
3181 14 0.027182012338957052
3181 15 0.02588444374701634
3181 16 0.024612943930720242
3181 17 0.02239193894872941
3181 18 0.021711924938607668
3181 19 0.019454146383448116
3184 0 0.14540732976355478
3184 1 0.14531983525635508
3184 2 0.13917442509371522
3184 3 0.13499818459975324
3184 4 0.09172085557760093
3184 5 0.08805994686591138
3184 6 0.0811956949306412
3184 7 0.08060841181854327
3184 8 0.07113388696453113
3184 9 0.060622854763995294
3184 10 0.05157603514350057
3184 11 0.05132030460430439
3184 12 0.05047835105806905
3184 13 0.046192761293186786
3184 14 0.036130002627878105
3184 15 0.03249537773093763
3184 16 0.031420289728244656
3184 17 0.029448009537784012
3184 18 0.02892713578280216
3184 19 0.015974202509692115
3186 0 0.09120574260704878
3186 1 0.08922014696888371
3186 2 0.07277203977176044
3186 3 0.07093915207868112
3186 4 0.06516815895042985
3186 5 0.06484443078283736
3186 6 0.04356407046377958
3186 7 0.040133751579145026
3186 8 0.036051739711706256
3186 9 0.03217750843578741
3186 10 0.030792111460142733
3186 11 0.027543411962294737
3186 12 0.024576802270709335
3186 13 0.023549852846486006
3186 14 0.023303642503431525
3186 15 0.020251962210341323
3186 16 0.018358369355337623
3186 17 0.018021597368383154
3186 18 0.014228072720564342
3186 19 0.012986617073883261
3187 0 0.1793256816104856
3187 1 0.13480028826180623
3187 2 0.07456424357532436
3187 3 0.05812497938979459
3187 4 0.05781155423613631
3187 5 0.0538582602494817
3187 6 0.05347316671218801
3187 7 0.04400786967658785
3187 8 0.0404635461130525
3187 9 0.03953823284660828
3187 10 0.03642447415941793
3187 11 0.03535047078378687
3187 12 0.033627803835893214
3187 13 0.03355096319590342
3187 14 0.031939252653289604
3187 15 0.031368989697678026
3187 16 0.03121661940171241
3187 17 0.02321023442085949
3187 18 0.02288492364091057
3187 19 0.017141255569387795
3189 0 0.11113151501794405
3189 1 0.09197381701675035
3189 2 0.08530694079843743
3189 3 0.0593221247199576
3189 4 0.05129925340776358
3189 5 0.04587924182413182
3189 6 0.03945972093778918
3189 7 0.03910887143472504
3189 8 0.03305821051959812
3189 9 0.025040347354968247
3189 10 0.023433988267962516
3189 11 0.021772037799840844
3189 12 0.019669802310591494
3189 13 0.019125653402014935
3189 14 0.019017126561353785
3189 15 0.018552089407519266
3189 16 0.018428224997048687
3189 17 0.01723836836074174
3189 18 0.017222134794663772
3189 19 0.015094158747350286
3190 0 0.1729557857132644
3190 1 0.09477278863595424
3190 2 0.09348850719709897
3190 3 0.05458330042998238
3190 4 0.051408372549115934
3190 5 0.048111306229538305
3190 6 0.044563557130795246
3190 7 0.0434435693403549
3190 8 0.03629422082397569
3190 9 0.03369521670883006
3190 10 0.03136023722886536
3190 11 0.030685919868703584
3190 12 0.02819605941691344
3190 13 0.02713971942877414
3190 14 0.026838549617761526
3190 15 0.02168462440388231
3190 16 0.02089063400947877
3190 17 0.019475357916163286
3190 18 0.01833845937509675
3190 19 0.014272284949069859
3193 0 0.08371894869178276
3193 1 0.08282364658456472
3193 2 0.061617772793195386
3193 3 0.04651636873707152
3193 4 0.04575228952757367
3193 5 0.04229384201903084
3193 6 0.0381574554390934
3193 7 0.03565697318732823
3193 8 0.03173060436012016
3193 9 0.02901198379997078
3193 10 0.02871126481655433
3193 11 0.02805281507873137
3193 12 0.027424199187188816
3193 13 0.026759117190670745
3193 14 0.02334049907414933
3193 15 0.0228507229917635
3193 16 0.022000079224877313
3193 17 0.02027821395785551
3193 18 0.019363803551268446
3193 19 0.01622767325198365
3195 0 0.17443145195507934
3195 1 0.0845348447802211
3195 2 0.07593859244540098
3195 3 0.0751259785327674
3195 4 0.06453713612996381
3195 5 0.06433544454045409
3195 6 0.06029867765511457
3195 7 0.059839787978836184
3195 8 0.05509501804625374
3195 9 0.04280822310210467
3195 10 0.04186342050208881
3195 11 0.041579485886666996
3195 12 0.038940016693726265
3195 13 0.03795861971979539
3195 14 0.03496520747877914
3195 15 0.030100375932520584
3195 16 0.026591050926388284
3195 17 0.02652686552632611
3195 18 0.021608874049878234
3195 19 0.016448456164091
3200 0 0.1506835895921703
3200 1 0.12035433848650652
3200 2 0.11349402516220203
3200 3 0.10077709541991686
3200 4 0.09306758889952725
3200 5 0.0769897262236431
3200 6 0.07108291892416084
3200 7 0.05518715664358635
3200 8 0.048759151144157645
3200 9 0.045866829917927655
3200 10 0.040866891565913284
3200 11 0.03987938672689289
3200 12 0.035663420587845836
3200 13 0.03502501098551118
3200 14 0.034495060316752056
3200 15 0.033559262950811984
3200 16 0.033047609469010364
3200 17 0.03130224457774974
3200 18 0.02907774992608144
3200 19 0.019850759603293296
3201 0 0.21021928586900446
3201 1 0.17471112351457083
3201 2 0.11354066223955639
3201 3 0.10195759974148821
3201 4 0.054991870955819686
3201 5 0.05481153614473603
3201 6 0.052726509442766405
3201 7 0.04152559406899937
3201 8 0.03393215962100596
3201 9 0.029756245458316507
3201 10 0.028671439197148783
3201 11 0.02464994197453308
3201 12 0.024543735292630462
3201 13 0.02100834716977735
3201 14 0.02067957312846204
3201 15 0.019748448147273896
3201 16 0.018787378027637257
3201 17 0.01703241182899377
3201 18 0.016034032424735223
3201 19 0.01583417621284505
3207 0 0.14780476678551432
3207 1 0.10311867509134179
3207 2 0.06990799052884171
3207 3 0.04661825200118995
3207 4 0.03836151245875207
3207 5 0.03402044637753782
3207 6 0.026903855484736353
3207 7 0.026073702680934636
3207 8 0.02569917058176209
3207 9 0.024133748149534895
3208 0 0.08931770681521795
3208 1 0.07127892895417408
3208 2 0.05845217836398521
3208 3 0.04898398773201466
3208 4 0.03684910093838743
3208 5 0.03545759043872943
3208 6 0.035227804178854225
3208 7 0.029829752992187337
3208 8 0.026433953542740658
3208 9 0.020595428704152718
3209 0 0.10677864819429618
3209 1 0.08931770681521795
3209 2 0.06341089711503098
3209 3 0.05712833350252717
3209 4 0.04498499227674082
3209 5 0.027506827019919394
3209 6 0.020746938843700536
3209 7 0.020595428704152718
3209 8 0.02012131652284886
3209 9 0.014220087035926754
3313 0 0.11314025942707227
3313 1 0.07248603021761149
3313 2 0.04555483458568317
3313 3 0.039227312709886046
3313 4 0.03399856520550617
3313 5 0.028498125224194593
3313 6 0.02753803221206764
3313 7 0.018140115982169448
3313 8 0.016845827679725554
3313 9 0.01605926179334931
3316 0 0.03413248552357164
3316 1 0.026901482509355677
3316 2 0.024322748659266265
3316 3 0.0216989150727885
3316 4 0.02087998202857681
3316 5 0.01930055375994142
3316 6 0.01921755809716376
3316 7 0.018821154257499226
3316 8 0.018117557625589573
3316 9 0.01809076828031426
3316 10 0.017927936520547996
3316 11 0.01628749373548709
3316 12 0.015325815281541815
3316 13 0.015206721343835723
3316 14 0.014620750158905725
3316 15 0.014208432482357997
3316 16 0.014109673887331841
3316 17 0.012993750147334789
3316 18 0.012813047506204047
3316 19 0.010630850480488497
3317 0 0.052883959565997646
3317 1 0.03959989248034715
3317 2 0.03449463401115903
3317 3 0.03182316171781407
3317 4 0.02665047717153357
3317 5 0.02536481306896284
3317 6 0.024910712728528284
3317 7 0.024277999776153594
3317 8 0.02393091534372524
3317 9 0.023402098346034312
3317 10 0.022861295747732248
3317 11 0.021832205364004098
3317 12 0.021248711844545097
3317 13 0.02119810220268222
3317 14 0.021108736478012244
3317 15 0.019626053170683718
3317 16 0.018821154257499226
3317 17 0.013895816554803304
3317 18 0.012813047506204047
3317 19 0.012691433461098446
3319 0 0.10255175655969677
3319 1 0.03266307427886508
3319 2 0.026901482509355677
3319 3 0.02437731200255831
3319 4 0.0219599706592817
3319 5 0.021673663068479208
3319 6 0.021227754963400985
3319 7 0.019542187919948592
3319 8 0.018821154257499226
3319 9 0.018117557625589573
3319 10 0.0177227439435132
3319 11 0.017183944604236796
3319 12 0.01712940012402409
3319 13 0.01673081382608019
3319 14 0.015325815281541815
3319 15 0.014995092684130927
3319 16 0.014918041720806524
3319 17 0.014208432482357997
3319 18 0.012993750147334789
3319 19 0.011517597238072953
3324 0 0.18992523824235294
3324 1 0.16561813839370518
3324 2 0.1343795359593327
3324 3 0.07578166671577533
3324 4 0.06958367383317388
3324 5 0.0681121499235815
3324 6 0.06681747115539531
3324 7 0.06246577761528224
3324 8 0.0553178853286279
3324 9 0.05400836886223473
3324 10 0.05177505572097609
3324 11 0.0507361527633765
3324 12 0.034865685872193776
3324 13 0.031813122786990576
3324 14 0.026901482509355677
3324 15 0.026850273021569865
3324 16 0.02640583246406411
3324 17 0.026325494609165122
3324 18 0.016849441845726645
3324 19 0.016592570090230532
3326 0 0.18628694259017337
3326 1 0.10713326654061199
3326 2 0.038536422248218224
3326 3 0.03608820958929764
3326 4 0.034521332813653514
3326 5 0.03340213727254535
3326 6 0.0329963245289072
3326 7 0.02982528432869225
3326 8 0.028009718601368676
3326 9 0.027039558363799232
3326 10 0.027039558363799232
3326 11 0.024741665584120266
3326 12 0.024557827899203608
3326 13 0.023114630675852555
3326 14 0.023001206979795352
3326 15 0.02131401582521199
3326 16 0.021220541721862274
3326 17 0.018654481974779816
3326 18 0.017405925321882086
3326 19 0.015809446715833408
3327 0 0.0797457579290428
3327 1 0.07465188898715874
3327 2 0.07104824103910654
3327 3 0.06813809797551834
3327 4 0.0668925235754639
3327 5 0.04853138700638744
3327 6 0.03878771241853833
3327 7 0.0339488496736039
3327 8 0.0280744151908809
3327 9 0.02604933535504628
3327 10 0.02513254254153887
3327 11 0.022983851060496795
3327 12 0.021298568849542402
3327 13 0.01989696471613083
3327 14 0.018660118262885904
3327 15 0.01775763309505609
3327 16 0.017482018983930103
3327 17 0.017294318140365098
3327 18 0.015683296100147105
3327 19 0.014774381451725061
3330 0 0.15612364131129036
3330 1 0.11879027985491543
3330 2 0.08792362716415417
3330 3 0.08177809627780655
3330 4 0.06928098931689045
3330 5 0.06601579782877756
3330 6 0.06214505999515203
3330 7 0.05744558786129099
3330 8 0.04815454417999603
3330 9 0.04451677669403791
3330 10 0.04424367703138763
3330 11 0.028253025916513096
3330 12 0.02703581781516658
3330 13 0.024142359145252527
3330 14 0.020108442471200926
3330 15 0.01986505215850742
3330 16 0.018742904545482917
3330 17 0.01776056441758516
3330 18 0.017457774268057443
3330 19 0.015877821605816467
3334 0 0.21864497069522193
3334 1 0.11229890572675988
3334 2 0.10413402183546454
3334 3 0.09904034152437387
3334 4 0.08753329723603635
3334 5 0.06010424080591809
3334 6 0.060093907611056936
3334 7 0.057371256010853106
3334 8 0.053945766074528986
3334 9 0.05052928891751239
3334 10 0.050395025291402974
3334 11 0.045726175480538644
3334 12 0.043216635178075544
3334 13 0.040914584975710565
3334 14 0.027770244263945667
3334 15 0.02747578593656138
3334 16 0.02655047644273303
3334 17 0.019152799259489726
3334 18 0.018278972768097583
3334 19 0.015538853956427099
3340 0 0.1878349072424736
3340 1 0.15786511097666778
3340 2 0.1488840518233599
3340 3 0.08825659069539037
3340 4 0.060602927806983016
3340 5 0.04315047858622259
3340 6 0.04285788959000067
3340 7 0.034541199408811916
3340 8 0.03283260054548827
3340 9 0.012326714878951305
3345 0 0.1439852497575222
3345 1 0.11644528973874625
3345 2 0.1158974983695496
3345 3 0.08118058183147588
3345 4 0.05447635808798559
3345 5 0.05183378403218589
3345 6 0.0426323512955923
3345 7 0.03290413688756832
3345 8 0.03094030735665093
3345 9 0.020773149092440178
3348 0 0.09242804751243233
3348 1 0.07227055348972182
3348 2 0.05638821794901985
3348 3 0.046776667914083275
3348 4 0.03960994650163411
3348 5 0.03677192453558543
3348 6 0.021108330921806483
3348 7 0.02074425085489492
3348 8 0.019201688588517007
3348 9 0.01759746102947643
3359 0 0.12723358279723426
3359 1 0.06832301651488105
3359 2 0.03708914871342231
3359 3 0.0370251236495345
3359 4 0.028932325015927945
3359 5 0.02849914760309469
3359 6 0.028233732758966564
3359 7 0.02646286309813352
3359 8 0.017478169029437295
3359 9 0.013638264785297071
3452 0 0.1933819050762063
3452 1 0.18423258725520675
3452 2 0.18378974251421296
3452 3 0.17156815723533408
3452 4 0.15701856615692164
3452 5 0.15264796049346466
3452 6 0.14753123704465512
3452 7 0.13743253289536067
3452 8 0.1154257629362423
3452 9 0.11296942783535892
3452 10 0.10857243649652445
3452 11 0.10312374548706775
3452 12 0.1009649264187293
3452 13 0.09302992310270586
3452 14 0.07724563030316918
3452 15 0.04800551830799698
3452 16 0.04048327689403967
3452 17 0.03910354827373596
3452 18 0.027053624562061306
3452 19 0.017577151151953598
3456 0 0.1973112806782608
3456 1 0.18392098427501247
3456 2 0.18363648376721053
3456 3 0.18080189110898542
3456 4 0.18001517997689828
3456 5 0.17867905525079145
3456 6 0.15195900538373688
3456 7 0.14651738425641592
3456 8 0.1416957850016913
3456 9 0.11755989400634365
3456 10 0.0923058449392514
3456 11 0.07724563030316918
3456 12 0.07393081382593485
3456 13 0.06578993886202045
3456 14 0.0643095342146759
3456 15 0.05081732436638221
3456 16 0.0462592008312298
3456 17 0.028833165580465864
3456 18 0.02282660843113827
3456 19 0.01827782400656592
3460 0 0.2022883418876545
3460 1 0.2022883418876545
3460 2 0.20116378545939856
3460 3 0.15420024101831734
3460 4 0.1454292260260499
3460 5 0.11947695630465922
3460 6 0.11409979409205083
3460 7 0.11115641428266973
3460 8 0.10387166658280499
3460 9 0.10154963660680558
3460 10 0.08031031480315474
3460 11 0.07308854715258249
3460 12 0.05663784439574238
3460 13 0.047900511317940236
3460 14 0.033409124157132014
3460 15 0.031460686898954135
3460 16 0.026602774330196623
3460 17 0.025146953934152824
3460 18 0.02067537232069355
3460 19 0.015574115653786908
3461 0 0.20245827559679136
3461 1 0.17971400450696187
3461 2 0.16500403198278912
3461 3 0.16219547037404997
3461 4 0.13976370769222296
3461 5 0.12847406416586754
3461 6 0.12343545650121103
3461 7 0.10696831268442024
3461 8 0.09121858459146184
3461 9 0.08423351840564997
3461 10 0.08034693181276496
3461 11 0.07505294068957208
3461 12 0.06945284706011977
3461 13 0.058827783772372064
3461 14 0.05075025102887345
3461 15 0.030617228078987653
3461 16 0.03050482110290675
3461 17 0.030321575718681295
3461 18 0.03014195015938073
3461 19 0.0205408219757782
3462 0 0.16189005448387847
3462 1 0.09392512712191134
3462 2 0.08069773227182284
3462 3 0.07621754720787766
3462 4 0.07352651767387544
3462 5 0.06559061647527553
3462 6 0.06221415922738166
3462 7 0.05898105383722208
3462 8 0.058363321942457344
3462 9 0.05796915526400225
3462 10 0.053497145458642016
3462 11 0.048303577597226824
3462 12 0.04405425021606323
3462 13 0.04115861286048568
3462 14 0.03909094396412255
3462 15 0.03651832929697026
3462 16 0.03413378707604594
3462 17 0.029083110813229198
3462 18 0.023430800407554457
3462 19 0.022831188386801447
3463 0 0.1632241570878803
3463 1 0.16168317932016674
3463 2 0.09229492698893077
3463 3 0.053756829699267365
3463 4 0.05250292536337742
3463 5 0.048303577597226824
3463 6 0.04736866679601562
3463 7 0.04340903858731942
3463 8 0.0430905996271732
3463 9 0.04183054592741918
3463 10 0.04038984051684863
3463 11 0.03946789996898998
3463 12 0.039461558201716665
3463 13 0.031772740706744566
3463 14 0.0249464526049493
3463 15 0.023896839190901804
3463 16 0.02301594470368185
3463 17 0.02188251885552137
3463 18 0.020497561389625264
3463 19 0.01886681611365184
3464 0 0.21067974118086788
3464 1 0.18287865578220516
3464 2 0.16031103365775676
3464 3 0.15523602024997862
3464 4 0.14797749223039317
3464 5 0.14076382815870436
3464 6 0.13560681317242965
3464 7 0.1307828899863306
3464 8 0.11276530668123051
3464 9 0.09717254204405644
3464 10 0.08168962843571304
3464 11 0.0735506171440372
3464 12 0.05590224843604436
3464 13 0.05589697054644569
3464 14 0.04087385581480474
3464 15 0.034801970162807117
3464 16 0.03341308917640878
3464 17 0.028219643925009284
3464 18 0.026498712380414693
3464 19 0.023303787749142425
3466 0 0.09388940799487759
3466 1 0.08863505197398894
3466 2 0.08851324929808996
3466 3 0.08449546621579584
3466 4 0.07961717963504575
3466 5 0.07947923770846549
3466 6 0.06767308534368696
3466 7 0.06440887473569963
3466 8 0.0480123354248696
3466 9 0.03972579221707826
3466 10 0.038953556612074815
3466 11 0.038953556612074815
3466 12 0.03732543519043726
3466 13 0.03566918514489142
3466 14 0.03490996883724681
3466 15 0.028497078323291354
3466 16 0.02745295972425491
3466 17 0.024779623758671387
3466 18 0.02122085107636341
3466 19 0.017742397385875082
3467 0 0.19897944087210043
3467 1 0.08704310616590509
3467 2 0.08637797889799662
3467 3 0.07101769039581131
3467 4 0.06941862943420131
3467 5 0.054717790413043844
3467 6 0.04714400374848851
3467 7 0.04156776059655072
3467 8 0.038749454321025736
3467 9 0.03840862865832161
3467 10 0.03388741639681708
3467 11 0.032407181517186585
3467 12 0.03205083908541932
3467 13 0.029137972193174776
3467 14 0.028379519840243343
3467 15 0.02720242596341624
3467 16 0.021713307602323116
3467 17 0.018349403733728443
3467 18 0.01514967467614888
3467 19 0.0146738459546253
3471 0 0.12763859574630848
3471 1 0.10726096204249604
3471 2 0.0757479319846879
3471 3 0.055512854116661695
3471 4 0.05434422598984132
3471 5 0.05401584995950004
3471 6 0.05300060507600571
3471 7 0.05186196924533218
3471 8 0.045496381675431706
3471 9 0.04449686105487324
3471 10 0.04389865999245468
3471 11 0.03539673814478622
3471 12 0.034945544604877594
3471 13 0.03493538495034634
3471 14 0.033640811815404445
3471 15 0.0309477639319131
3471 16 0.02892688867646284
3471 17 0.02387279065105425
3471 18 0.02074316622783301
3471 19 0.01490330682638193
3476 0 0.14505193425837026
3476 1 0.1315062211718433
3476 2 0.10936316169189465
3476 3 0.0844226622747843
3476 4 0.07930848156906949
3476 5 0.07685522492273401
3476 6 0.05816308281005661
3476 7 0.05154162134155699
3476 8 0.05005359978277591
3476 9 0.04676061543356695
3476 10 0.043341222044484755
3476 11 0.042603007889374676
3476 12 0.038143277948663235
3476 13 0.03600815090797285
3476 14 0.03199976163918887
3476 15 0.030886428743138843
3476 16 0.029688989148938166
3476 17 0.02492543724825924
3476 18 0.019940832693438437
3476 19 0.015816167631001406
3478 0 0.21141908334812234
3478 1 0.13640328783438194
3478 2 0.10258232983868722
3478 3 0.08935870760446624
3478 4 0.04669233863159644
3478 5 0.045465842349984076
3478 6 0.045094228369185065
3478 7 0.04159768121299608
3478 8 0.041093312652434655
3478 9 0.04068498734662874
3478 10 0.04047158933008207
3478 11 0.0322321359135492
3478 12 0.030524906509785465
3478 13 0.030286786541458895
3478 14 0.028949311218871485
3478 15 0.02578970393104307
3478 16 0.025319751058733166
3478 17 0.02149024225761591
3478 18 0.021475291380932904
3478 19 0.02072318834050652
3480 0 0.10176194433736653
3480 1 0.08304329582560388
3480 2 0.07808839496181605
3480 3 0.07065204846593058
3480 4 0.07062306723083624
3480 5 0.0705192901135523
3480 6 0.04676291295663027
3480 7 0.042765837762833006
3480 8 0.04178146042236679
3480 9 0.039067353797102904
3480 10 0.03654688045385571
3480 11 0.03431495940785219
3480 12 0.03293162039416325
3480 13 0.030515431585034173
3480 14 0.02603605386088465
3480 15 0.025151814949698134
3480 16 0.019573123370062312
3480 17 0.018799108976677335
3480 18 0.018147136820298917
3480 19 0.018089770423417303
3481 0 0.0988719621329744
3481 1 0.07165351198366084
3481 2 0.0623692854192385
3481 3 0.048473831978712446
3481 4 0.04596019084280135
3481 5 0.044624503740135144
3481 6 0.040928604016274295
3481 7 0.03892904592678349
3481 8 0.0353663949953637
3481 9 0.03126094763815585
3481 10 0.030743173087109176
3481 11 0.030199003429145343
3481 12 0.029036918904547196
3481 13 0.027370499772930438
3481 14 0.025319751058733166
3481 15 0.02266421618112057
3481 16 0.022125818625434054
3481 17 0.02149024225761591
3481 18 0.02072318834050652
3481 19 0.01824237273525877
3485 0 0.1855183098333234
3485 1 0.1735230060541788
3485 2 0.11166810926324588
3485 3 0.08768664652581959
3485 4 0.07859018305312407
3485 5 0.07750090058322953
3485 6 0.06920291880412785
3485 7 0.06513367724140065
3485 8 0.06338270058403708
3485 9 0.05871783842814472
3485 10 0.04740601192048827
3485 11 0.03362985613892515
3485 12 0.03212659321203926
3485 13 0.03137114386133838
3485 14 0.028652719477214112
3485 15 0.0273729783815554
3485 16 0.020785521386177733
3485 17 0.01981076421617371
3485 18 0.01763314054404357
3485 19 0.016926282485716437
3601 0 0.11488968176669843
3601 1 0.09459154462444652
3601 2 0.046497815012235016
3601 3 0.045055860865812314
3601 4 0.040875312044529606
3601 5 0.03961001818133559
3601 6 0.034040301654848615
3601 7 0.025409669471627736
3601 8 0.02470871367082535
3601 9 0.015975043803030574
3603 0 0.19507650376204555
3603 1 0.1929710219368422
3603 2 0.14971235227277066
3603 3 0.11978500548070628
3603 4 0.06652811906358773
3603 5 0.061130015060298686
3603 6 0.045901553074372374
3603 7 0.04460565197864511
3603 8 0.04309437224304073
3603 9 0.0332351160228582
3603 10 0.03028663752313213
3603 11 0.025073640689999174
3603 12 0.024796227041104374
3604 0 0.21359822172552329
3604 1 0.15542214602641893
3604 2 0.14015545612390695
3604 3 0.13359866483660848
3604 4 0.1204044237347638
3604 5 0.11518629237143514
3604 6 0.09367743225451299
3604 7 0.09005526076255121
3604 8 0.0857162469843689
3604 9 0.0604351935328969
3604 10 0.05684546653739586
3604 11 0.05619553159358591
3604 12 0.05313543082187939
3604 13 0.04218347036921047
3604 14 0.04073148106458014
3604 15 0.036180940487321456
3604 16 0.025007380351209862
3604 17 0.023507409031668394
3604 18 0.01531677043499942
3604 19 0.014885632121042566
3606 0 0.1680409273942945
3606 1 0.1664016352570732
3606 2 0.12551064422099814
3606 3 0.09529446595811589
3606 4 0.0886584648280628
3606 5 0.061475413133434256
3606 6 0.04254786356323903
3606 7 0.03750670561025606
3606 8 0.031629351122851604
3606 9 0.030283511910885883
3606 10 0.025643613154188956
3606 11 0.025535427735263815
3606 12 0.025427576192842954
3606 13 0.023638703609090067
3606 14 0.022705682888428492
3606 15 0.02190229113528308
3606 16 0.02094871908968315
3606 17 0.020686388359026725
3606 18 0.016910594062631325
3606 19 0.015949278722963298
3612 0 0.13974851159550855
3612 1 0.11834394921686005
3612 2 0.11311211571270052
3612 3 0.09331868666643811
3612 4 0.0716067315469035
3612 5 0.06132893754976165
3612 6 0.06103337195962025
3612 7 0.060835668025082494
3612 8 0.057599389864978326
3612 9 0.052230350094332724
3612 10 0.049286513798431644
3612 11 0.04568800792580687
3612 12 0.04230786105959457
3612 13 0.04181239964509638
3612 14 0.041340252996659506
3612 15 0.04014209283282813
3612 16 0.037799207836313034
3612 17 0.03230384956857502
3612 18 0.020956077576932762
3612 19 0.016730212093849322
3617 0 0.18636933652072016
3617 1 0.16797042474896215
3617 2 0.16590248799687243
3617 3 0.16496112979514363
3617 4 0.16340724968116313
3617 5 0.15687701760957204
3617 6 0.1556760430743035
3617 7 0.1526170401338144
3617 8 0.12776748339480667
3617 9 0.12415359656729
3617 10 0.10497437201995619
3617 11 0.09093647592211991
3617 12 0.07430809050315101
3617 13 0.06791915044103054
3617 14 0.059635368788054234
3617 15 0.05365729300221853
3617 16 0.04848595339349481
3617 17 0.04455176770620922
3617 18 0.03757224726572261
3617 19 0.023711462278711196
3619 0 0.20215978622935263
3619 1 0.17677958843288202
3619 2 0.1714776748163673
3619 3 0.1223813272659701
3619 4 0.0993484510622748
3619 5 0.09755605862791751
3619 6 0.07485559515354173
3619 7 0.05796838565036528
3619 8 0.05490487066129864
3619 9 0.0486797262622986
3619 10 0.0461937006745378
3619 11 0.039896970889451426
3619 12 0.03325677838316953
3619 13 0.03296755833291731
3619 14 0.02944423880822442
3619 15 0.023525508156292854
3619 16 0.02097043049400077
3619 17 0.02004442495254486
3619 18 0.017080320277895498
3619 19 0.01707602138211445
3621 0 0.1487592084190717
3621 1 0.1427788124744775
3621 2 0.14010780044026835
3621 3 0.11743476388324951
3621 4 0.09899826931221921
3621 5 0.0893229054798834
3621 6 0.0763789698956174
3621 7 0.06589989552409539
3621 8 0.06432628462912773
3621 9 0.04912722641127292
3621 10 0.04595167604878834
3621 11 0.037972069095363124
3621 12 0.03543652415172516
3621 13 0.030887615230829182
3621 14 0.030166875832417485
3621 15 0.022693048397888146
3621 16 0.02190528847858983
3621 17 0.01817591810675228
3621 18 0.01719636216936476
3621 19 0.015238888553030192
3622 0 0.13509600098396649
3622 1 0.08977103942832347
3622 2 0.0646707169126012
3622 3 0.054501853426018335
3622 4 0.04498730111765174
3622 5 0.04013562279661532
3622 6 0.03516665007564161
3622 7 0.024418299587651054
3622 8 0.018737668154658788
3622 9 0.016371081698955955
3623 0 0.1643419680789651
3623 1 0.15883625775328658
3623 2 0.13026204263965982
3623 3 0.0987052955091788
3623 4 0.08827829832709211
3623 5 0.07205629154414149
3623 6 0.06936281735505712
3623 7 0.06350000630182197
3623 8 0.04931192236629944
3623 9 0.047072746579982665
3623 10 0.03925249869341766
3623 11 0.03460162539716209
3623 12 0.0320280826665064
3623 13 0.03114652985781756
3623 14 0.02777944378773863
3623 15 0.02680360199067269
3623 16 0.025587593581172047
3623 17 0.025189827827179337
3623 18 0.01835338007085282
3623 19 0.01660736440335504
3625 0 0.15906026059303685
3625 1 0.1584356210386187
3625 2 0.13520605573405398
3625 3 0.12271242712496774
3625 4 0.11387283352146041
3625 5 0.08041744954856078
3625 6 0.07084024918109803
3625 7 0.06213371951185425
3625 8 0.05494431336019364
3625 9 0.05400454720236093
3625 10 0.053951334455549456
3625 11 0.05309524869027436
3625 12 0.04003660672055621
3625 13 0.036262496897145655
3625 14 0.03191958977938806
3625 15 0.028470454973114213
3625 16 0.027372548303346504
3625 17 0.023303766999755154
3625 18 0.017030702834005783
3625 19 0.01478498910439058
3629 0 0.19623419884808183
3629 1 0.18998541901067173
3629 2 0.18986010780201595
3629 3 0.18738765608614652
3629 4 0.16889516835041038
3629 5 0.1440879403614363
3629 6 0.14037464510581027
3629 7 0.1185504244832898
3629 8 0.104346201297086
3629 9 0.0993775530210769
3629 10 0.09377684068262232
3629 11 0.070003128355789
3629 12 0.05939358183710443
3629 13 0.05229516363493684
3629 14 0.039226018702643486
3629 15 0.03620601706499291
3629 16 0.03174487993856288
3629 17 0.03126193229089728
3629 18 0.025642149379232353
3629 19 0.024980607982705957
3631 0 0.1867003911083274
3631 1 0.1861429493877416
3631 2 0.18224884019881674
3631 3 0.16972770922005623
3631 4 0.1613085736549848
3631 5 0.15556137064239414
3631 6 0.1509750769845589
3631 7 0.12161602950154704
3631 8 0.11745380050291705
3631 9 0.08806424764800037
3631 10 0.08647977916456596
3631 11 0.08514244720138152
3631 12 0.08219186924092517
3631 13 0.07391914889767244
3631 14 0.05443869983639593
3631 15 0.04917751160817119
3631 16 0.04917751160817119
3631 17 0.033082577845486474
3631 18 0.03276898292411416
3631 19 0.030336547344751576
3633 0 0.20251130348542534
3633 1 0.17228626712048611
3633 2 0.16043863861686
3633 3 0.15106172642580426
3633 4 0.14215702501765515
3633 5 0.1408206135727424
3633 6 0.12465758032103294
3633 7 0.12161602950154704
3633 8 0.11053506444928803
3633 9 0.10077339071113495
3633 10 0.08932230940657633
3633 11 0.08477361363847687
3633 12 0.07384238371
3633 13 0.07101021307116187
3633 14 0.05525070258525898
3633 15 0.04909317100783676
3633 16 0.048084411251018706
3633 17 0.038259776326652464
3633 18 0.02300139561058873
3633 19 0.01880865558113011
3749 0 0.1566684372234882
3749 1 0.13434980774629657
3749 2 0.08866290896955475
3749 3 0.08765596006835312
3749 4 0.048820807005280645
3749 5 0.04859008890928616
3749 6 0.046108718729505886
3749 7 0.04067376381442284
3749 8 0.03756796911932883
3749 9 0.030204952844368433
3749 10 0.029991266222707903
3749 11 0.02965526384939041
3749 12 0.028498172381892936
3749 13 0.02791883062619615
3749 14 0.026328576836328894
3749 15 0.02530941409125614
3749 16 0.02271859655254304
3749 17 0.021114716074162272
3749 18 0.019843708584236886
3749 19 0.018878305615276394
3750 0 0.18985289456047724
3750 1 0.14454059390368565
3750 2 0.11476784890987252
3750 3 0.08634286338950167
3750 4 0.0715963568532678
3750 5 0.05096654641440638
3750 6 0.04312087864212597
3750 7 0.0401916461422481
3750 8 0.03713749478576466
3750 9 0.031165547614405764
3750 10 0.030772718328275713
3750 11 0.030706474966257804
3750 12 0.028487571331305184
3750 13 0.027327188256463294
3750 14 0.025605462576228588
3750 15 0.021939038300140726
3750 16 0.0183088745214636
3750 17 0.017226643070625467
3750 18 0.016037131628670397
3750 19 0.015658030891682276
3752 0 0.2055916594317246
3752 1 0.17711182007663992
3752 2 0.16774178913692656
3752 3 0.14194316296935677
3752 4 0.14058179189786446
3752 5 0.11930970869802002
3752 6 0.1162700894578583
3752 7 0.07636736532920889
3752 8 0.0627326411439035
3752 9 0.052967813498885165
3752 10 0.04953678913508339
3752 11 0.04820313169975392
3752 12 0.04761910058253379
3752 13 0.04534193078181515
3752 14 0.04162255029679481
3752 15 0.038645846971455844
3752 16 0.03842038790198069
3752 17 0.031947737266375675
3752 18 0.027108746252501745
3752 19 0.01867790614670129
3756 0 0.20726664051505272
3756 1 0.12509931591296167
3756 2 0.08820885955943442
3756 3 0.057488335371685934
3756 4 0.05211567766242337
3756 5 0.051015141479395995
3756 6 0.049667913944791024
3756 7 0.04827377015925749
3756 8 0.03790879478203296
3756 9 0.035270876134213786
3756 10 0.031204348968603277
3756 11 0.0269868002171998
3756 12 0.021701223913699427
3756 13 0.020712294912189035
3756 14 0.02035064818251203
3756 15 0.01988541108003653
3756 16 0.019334324330879588
3756 17 0.018290513200036346
3756 18 0.016193983792286634
3756 19 0.01609043491826269
3757 0 0.21211912994850066
3757 1 0.16001643762989332
3757 2 0.14881133087989745
3757 3 0.1103017507935767
3757 4 0.0966572328974792
3757 5 0.08604116729857554
3757 6 0.08394235545822597
3757 7 0.05631246004978405
3757 8 0.054440378650456984
3757 9 0.050907082443102415
3757 10 0.03077665693924141
3757 11 0.030520164331639985
3757 12 0.029449603467988042
3757 13 0.028140800025993836
3757 14 0.027300985552955383
3757 15 0.02557424795254067
3757 16 0.019095334774595553
3757 17 0.018027967430275474
3757 18 0.01609043491826269
3757 19 0.013943931554423777
3758 0 0.15950923206219952
3758 1 0.10711434309942047
3758 2 0.09687170610954811
3758 3 0.09466938123502533
3758 4 0.08039908445451766
3758 5 0.06307689234181534
3758 6 0.06083382698853914
3758 7 0.05193147592007549
3758 8 0.04727340070012882
3758 9 0.044806905944714204
3758 10 0.04093010551738957
3758 11 0.04030126704151083
3758 12 0.04010448739786062
3758 13 0.038597380175405725
3758 14 0.03572835485215771
3758 15 0.0335131502670632
3758 16 0.025424263836111266
3758 17 0.0198013666300477
3758 18 0.01609043491826269
3758 19 0.013284231194440733
3759 0 0.1723760855590602
3759 1 0.145093719751719
3759 2 0.1402631114903027
3759 3 0.11852123198170687
3759 4 0.11703023382900632
3759 5 0.10767236580284986
3759 6 0.08728653797737314
3759 7 0.08619647834860988
3759 8 0.06760056057624962
3759 9 0.06424282682090629
3759 10 0.06295351271248374
3759 11 0.060384878155071695
3759 12 0.033805561950339354
3759 13 0.030519943633611733
3759 14 0.03003475505212082
3759 15 0.023047544134188254
3759 16 0.021167217682882714
3759 17 0.02098771284728991
3759 18 0.019382843943551855
3759 19 0.017399000685457237
3766 0 0.20481294624527663
3766 1 0.1722749190919566
3766 2 0.1672217868562101
3766 3 0.14764950100687038
3766 4 0.13362771397878845
3766 5 0.12329113130858292
3766 6 0.1025114876579268
3766 7 0.0831834032336921
3766 8 0.06364793811521943
3766 9 0.04653089330816149
3766 10 0.04437981942019908
3766 11 0.04312224055645415
3766 12 0.04256494219527133
3766 13 0.04246594120967568
3766 14 0.04246594120967568
3766 15 0.03847346106200507
3766 16 0.03284913592083564
3766 17 0.026811733864175145
3766 18 0.02577457196879842
3766 19 0.023724053384169067
3768 0 0.20215023396597606
3768 1 0.18790349339894521
3768 2 0.18576251880366018
3768 3 0.15246088401782573
3768 4 0.1473253729419959
3768 5 0.10186372196824067
3768 6 0.08719450124066895
3768 7 0.07843174073191968
3768 8 0.07481304004655603
3768 9 0.07108628409751468
3768 10 0.06261345289080072
3768 11 0.0552763526005423
3768 12 0.051409183661527455
3768 13 0.05025817365080843
3768 14 0.04110674693753892
3768 15 0.03232052075809362
3768 16 0.028946404418345555
3768 17 0.026073702680934636
3768 18 0.024928817512076547
3768 19 0.017428613833709392
3770 0 0.17710030605301222
3770 1 0.1524485852900976
3770 2 0.1034704941566839
3770 3 0.08493994072684441
3770 4 0.0647851177161681
3770 5 0.054429709692783615
3770 6 0.042540016522234575
3770 7 0.03958213100484283
3770 8 0.039390063358411165
3770 9 0.03204267137206612
3770 10 0.030647288282220107
3770 11 0.02956954247164846
3770 12 0.025537336678892783
3770 13 0.025532992511721326
3770 14 0.024168646732617455
3770 15 0.021185424327059398
3770 16 0.020864751978319603
3770 17 0.018157536035937755
3770 18 0.016859565660407153
3770 19 0.013938333935630334
3772 0 0.113884777623297
3772 1 0.07230147384937206
3772 2 0.06789652983628885
3772 3 0.060643966322389976
3772 4 0.04849144632219793
3772 5 0.045759680082058156
3772 6 0.045697050886041334
3772 7 0.032477495531725555
3772 8 0.03147851062262027
3772 9 0.03058129014023359
3772 10 0.029046597550555338
3772 11 0.027799423561373052
3772 12 0.026955672363676835
3772 13 0.02671883131212936
3772 14 0.022178672973738107
3772 15 0.02100045862999835
3772 16 0.02010075199375497
3772 17 0.017600709251738372
3772 18 0.015625762765013353
3772 19 0.014756954795878987
3773 0 0.18830266633865653
3773 1 0.1797822435827737
3773 2 0.1349768014130161
3773 3 0.13141074380946793
3773 4 0.10678423921101186
3773 5 0.09034768376367497
3773 6 0.08417684617008798
3773 7 0.06562086530930136
3773 8 0.059350785282703204
3773 9 0.046791626335998024
3773 10 0.040943683161896796
3773 11 0.03534436669131321
3773 12 0.03340158269801283
3773 13 0.03324815795591224
3773 14 0.0324863309980873
3773 15 0.026318273822394676
3773 16 0.02384511285474214
3773 17 0.019625685340636634
3773 18 0.018499757566512866
3773 19 0.015611744667603589
3774 0 0.1730003629423551
3774 1 0.1686801443364248
3774 2 0.16342958356709889
3774 3 0.1213515917649286
3774 4 0.09771813020558646
3774 5 0.07623510496212513
3774 6 0.06362325766221408
3774 7 0.05223862344093021
3774 8 0.04757334252467656
3774 9 0.04637290747347707
3774 10 0.04462339081845422
3774 11 0.04040785853023194
3774 12 0.0400466456513797
3774 13 0.03825150675267085
3774 14 0.038213146794529834
3774 15 0.027539186632523107
3774 16 0.025867451885149
3774 17 0.022909075927694478
3774 18 0.020254669062226272
3774 19 0.018060091254387466
3887 0 0.18754130718519915
3887 1 0.10599568704238137
3887 2 0.08825287844137672
3887 3 0.08791785506187685
3887 4 0.07397442526536345
3887 5 0.060926972874308385
3887 6 0.05868491858208468
3887 7 0.05788642557064325
3887 8 0.04723413908679547
3887 9 0.046289645841280744
3887 10 0.04431324784060069
3887 11 0.04347933751139492
3887 12 0.03340634373923764
3887 13 0.03055695676788804
3887 14 0.03048172514856575
3887 15 0.03030399910135449
3887 16 0.026064129668170788
3887 17 0.025365126196079845
3887 18 0.021314860891166316
3887 19 0.01855274207006435
3889 0 0.18300850922036546
3889 1 0.17604825930173018
3889 2 0.14886369478813874
3889 3 0.14689292553033304
3889 4 0.12569292192925358
3889 5 0.11291110319404696
3889 6 0.08628075858709044
3889 7 0.06788021704527766
3889 8 0.06612656183064815
3889 9 0.055065512417553815
3889 10 0.05296576874108497
3889 11 0.05075606462992531
3889 12 0.05063881172876257
3889 13 0.047149998435102015
3889 14 0.04510413148583732
3889 15 0.034123306749165944
3889 16 0.024654614359285013
3889 17 0.02014875098543752
3889 18 0.019322068988233927
3889 19 0.01774548904457852
3891 0 0.2008325950576201
3891 1 0.16143530336720677
3891 2 0.09912841701441714
3891 3 0.04901822799362833
3891 4 0.04724798081441343
3891 5 0.04535037389612668
3891 6 0.039189133837306676
3891 7 0.03648218009172762
3891 8 0.03483584070806577
3891 9 0.03359843402136452
3891 10 0.0313390539907692
3891 11 0.025293446494596833
3891 12 0.023203070223327054
3891 13 0.022072238048575502
3891 14 0.021060239501035184
3891 15 0.020416861363602993
3891 16 0.019877447087940182
3891 17 0.019655870040192716
3891 18 0.017791099970416925
3891 19 0.017430535981493897
3893 0 0.1318479447171239
3893 1 0.08442469948735278
3893 2 0.07759612895295764
3893 3 0.07625380959159633
3893 4 0.06439653073658108
3893 5 0.06160582114612706
3893 6 0.05908743783207048
3893 7 0.05737831080252538
3893 8 0.05149565956244291
3893 9 0.04973011306259894
3893 10 0.04965673191135968
3893 11 0.03413023327189873
3893 12 0.028711457219963574
3893 13 0.02618924847341732
3893 14 0.025768765912978296
3893 15 0.023980406404983393
3893 16 0.022635583912993973
3893 17 0.021278583416984177
3893 18 0.019655870040192716
3893 19 0.01855029552867426
3894 0 0.1871234371612484
3894 1 0.17053871599833026
3894 2 0.16623627395836774
3894 3 0.10718161638557021
3894 4 0.08533635965697241
3894 5 0.07365649938097521
3894 6 0.06148892664347174
3894 7 0.05867364223325665
3894 8 0.057470279632143954
3894 9 0.04664759540740757
3894 10 0.04374509943618286
3894 11 0.03766643439347129
3894 12 0.035454527074645
3894 13 0.030376738907896276
3894 14 0.026744707684364724
3894 15 0.025527403381313585
3894 16 0.022006966135143483
3894 17 0.01864940592013006
3894 18 0.017430535981493897
3894 19 0.013119425413421782
3896 0 0.13265336802391398
3896 1 0.10129113696756262
3896 2 0.09100285887092492
3896 3 0.08107781577524445
3896 4 0.07124514140646451
3896 5 0.0447019291355844
3896 6 0.04132338185849992
3896 7 0.040975297682866674
3896 8 0.0350759526175704
3896 9 0.03230009581578683
3896 10 0.027218433172542158
3896 11 0.026397493096688943
3896 12 0.02571578518204268
3896 13 0.024491563787798428
3896 14 0.023081510881151533
3896 15 0.021394323499184038
3896 16 0.01983013659865346
3896 17 0.019247691866405632
3896 18 0.019196770983733687
3896 19 0.01669195399633673
3897 0 0.20613396541744988
3897 1 0.19613911383775667
3897 2 0.1845706890892545
3897 3 0.13458930849203066
3897 4 0.12905916670599404
3897 5 0.12599275434794116
3897 6 0.06997559580518779
3897 7 0.04979343641993538
3897 8 0.048084905463697356
3897 9 0.04595256638613307
3897 10 0.03925183471302497
3897 11 0.038608226446024865
3897 12 0.030210115669183146
3897 13 0.02970100870309211
3897 14 0.028259807193534978
3897 15 0.027236981238454853
3897 16 0.026971340037374676
3897 17 0.02012101471357946
3897 18 0.018098869972889776
3897 19 0.01650658651568579
3898 0 0.13933519889152576
3898 1 0.1223161515542427
3898 2 0.0957911082013806
3898 3 0.09361092858200022
3898 4 0.06581185776021078
3898 5 0.052048989131733094
3898 6 0.04966962671239488
3898 7 0.04375394244777635
3898 8 0.03496928190391607
3898 9 0.03230586037283241
3898 10 0.030764609090468464
3898 11 0.03069246912984961
3898 12 0.02872421997944342
3898 13 0.026346085546570086
3898 14 0.022254095110161708
3898 15 0.02017815286720109
3898 16 0.019216675305050758
3898 17 0.018292627751230098
3898 18 0.016334904199094304
3898 19 0.015631839506021972
3900 0 0.16677305683446297
3900 1 0.13660400608899784
3900 2 0.10318850621104972
3900 3 0.09100285887092492
3900 4 0.062293342661825186
3900 5 0.06049913937185148
3900 6 0.04258239054365864
3900 7 0.04042702341883898
3900 8 0.020827529463862647
3900 9 0.01967945832090443
3900 10 0.019486194755242756
3900 11 0.019214864449434346
3900 12 0.018669391352688285
3900 13 0.018469289920766716
3900 14 0.01811174402453771
3900 15 0.017871019064954616
3900 16 0.017597719453663355
3900 17 0.016379736079756062
3900 18 0.016095886348191264
3900 19 0.015952670304628203
3903 0 0.17608521584676848
3903 1 0.1574256917708817
3903 2 0.08380377973217996
3903 3 0.0763772646732453
3903 4 0.07247465955338676
3903 5 0.06965500645399708
3903 6 0.06568429052726622
3903 7 0.06255758044980264
3903 8 0.05569862149459459
3903 9 0.05554301995313844
3903 10 0.05189275756342707
3903 11 0.050767684286797295
3903 12 0.04479678024372576
3903 13 0.03642305188323587
3903 14 0.0336983479800001
3903 15 0.026956779626433953
3903 16 0.02599340066588639
3903 17 0.023749067713678705
3903 18 0.020721888674340157
3903 19 0.015954681108885597
3904 0 0.15212531738164095
3904 1 0.14765411868869222
3904 2 0.12908202875815125
3904 3 0.11325392834316086
3904 4 0.0825032911355578
3904 5 0.07556548073610256
3904 6 0.06427915711171059
3904 7 0.062392302148646286
3904 8 0.05799921546723471
3904 9 0.05621673369476141
3904 10 0.05508952511755062
3904 11 0.051681766475803886
3904 12 0.0512999136155404
3904 13 0.04443857791233581
3904 14 0.039664592842475234
3904 15 0.039436692890533795
3904 16 0.03794577396276646
3904 17 0.03243211473545507
3904 18 0.027693928017561462
3904 19 0.02270200270164972
3905 0 0.09289776836886639
3905 1 0.07895494219089179
3905 2 0.07769091969924513
3905 3 0.06663676285534077
3905 4 0.062184117887228545
3905 5 0.04601694230329655
3905 6 0.03814880105829329
3905 7 0.035206232361323704
3905 8 0.03294342113659687
3905 9 0.032447167472766505
3905 10 0.032209194636458764
3905 11 0.028041184104011786
3905 12 0.025953261919363837
3905 13 0.024918610699846952
3905 14 0.02394392709585234
3905 15 0.022271750952421735
3905 16 0.02213767407079776
3905 17 0.021594345706172385
3905 18 0.02112863325409758
3905 19 0.0157651203656979
3911 0 0.14835600632561388
3911 1 0.14724527276189658
3911 2 0.1431810487782732
3911 3 0.1324120413321
3911 4 0.12825843653334318
3911 5 0.11595460822855222
3911 6 0.08773585652719561
3911 7 0.07387050478867656
3911 8 0.0730648702153979
3911 9 0.07060527557440499
3911 10 0.06426012049204304
3911 11 0.05826917254086734
3911 12 0.048602942211546825
3911 13 0.03267482597729242
3911 14 0.03148674624305908
3911 15 0.027632805981583724
3911 16 0.021484594651662223
3911 17 0.021339007519026423
3911 18 0.02120974826786528
3911 19 0.020351844101742032
3913 0 0.19077406172208305
3913 1 0.1880286084315759
3913 2 0.1839914869203448
3913 3 0.17986250975797122
3913 4 0.17940327677364887
3913 5 0.17752830177795142
3913 6 0.15356537012966642
3913 7 0.13927198494004947
3913 8 0.13013718414490816
3913 9 0.1271771142829291
3913 10 0.1267334848378349
3913 11 0.10259703549533883
3913 12 0.10079768635732182
3913 13 0.05552214984215928
3913 14 0.045977548648407834
3913 15 0.044532191602472626
3913 16 0.04038658474935495
3913 17 0.02776900873224905
3913 18 0.027632805981583724
3913 19 0.027356127992783093
3914 0 0.09161183452426112
3914 1 0.09008544923472317
3914 2 0.08130762089819898
3914 3 0.06284892825540415
3914 4 0.062495396422458195
3914 5 0.06040827591868209
3914 6 0.05909118403962693
3914 7 0.0485227250803556
3914 8 0.0423911905988765
3914 9 0.035640796210488275
3914 10 0.03449673158558137
3914 11 0.03238039971714301
3914 12 0.031717935916037
3914 13 0.03086860879208858
3914 14 0.027796286631279206
3914 15 0.027632805981583724
3914 16 0.025697787918046642
3914 17 0.021919209431141003
3914 18 0.02120974826786528
3914 19 0.017478425567316283
3915 0 0.17246434967989685
3915 1 0.09082667016467967
3915 2 0.053032404455153094
3915 3 0.04167810583806002
3915 4 0.04046252750676827
3915 5 0.03804285468688553
3915 6 0.03742590749622124
3915 7 0.036759391905673504
3915 8 0.03629405860149339
3915 9 0.03501501355346223
3915 10 0.03234693284178218
3915 11 0.029212588876110657
3915 12 0.026794106316534123
3915 13 0.02544585828933699
3915 14 0.02428920633158808
3915 15 0.022283700713182128
3915 16 0.020241036714788965
3915 17 0.019697017961459833
3915 18 0.016304213969011973
3915 19 0.014021360722488902
4037 0 0.16137906120985365
4037 1 0.12480058509810742
4037 2 0.1246308400197639
4037 3 0.0881480299011864
4037 4 0.0548758667905091
4037 5 0.05479015673061475
4037 6 0.04559330772230021
4037 7 0.04225091342307424
4037 8 0.041933195032558726
4037 9 0.037614078030461746
4037 10 0.037318040863336906
4037 11 0.03722516283329426
4037 12 0.036766759824462786
4037 13 0.03572152264482162
4037 14 0.03397936636335632
4037 15 0.02499124110052858
4037 16 0.02197100178807835
4037 17 0.019748327423566137
4037 18 0.01614278939496429
4037 19 0.015164756651233286
4040 0 0.20777165796554334
4040 1 0.1817348891939518
4040 2 0.15432432989943204
4040 3 0.13420670488120953
4040 4 0.13306011637628726
4040 5 0.09050839719963162
4040 6 0.08128367987790366
4040 7 0.07596552892269512
4040 8 0.07068486267874634
4040 9 0.056106954345632246
4040 10 0.05586809117197977
4040 11 0.055457838059465546
4040 12 0.05162284198856898
4040 13 0.04300316170921153
4040 14 0.0391705197506163
4040 15 0.03046167558153778
4040 16 0.029994908683328
4040 17 0.020629931162569184
4040 18 0.018312777292578557
4040 19 0.015164756651233286
4041 0 0.1686772318769751
4041 1 0.167982874381325
4041 2 0.1594655149895266
4041 3 0.14831944213262582
4041 4 0.1477621060452843
4041 5 0.1364365170349431
4041 6 0.13410825469753057
4041 7 0.11481290903379426
4041 8 0.08903540951508264
4041 9 0.05136571180888594
4041 10 0.0505424742099694
4041 11 0.04602426872331129
4041 12 0.03803058614008433
4041 13 0.0335153232938029
4041 14 0.0330936580182894
4041 15 0.025816742268965635
4041 16 0.025056041436977157
4041 17 0.023735901284301034
4041 18 0.020397932263487677
4041 19 0.018561524719803952
4044 0 0.06883829548053136
4044 1 0.06316134989324167
4044 2 0.05753090179651924
4044 3 0.05277309370349863
4044 4 0.05170479829567513
4044 5 0.04654542919709907
4044 6 0.04376840665701244
4044 7 0.03497254898925735
4044 8 0.03428285067420366
4044 9 0.03385460972923307
4044 10 0.030914091448987487
4044 11 0.029541728861165118
4044 12 0.023120099082552532
4044 13 0.021701633242521053
4044 14 0.021469760726071107
4044 15 0.020736392496042862
4044 16 0.019795113519247273
4044 17 0.018490426001164538
4044 18 0.018224413197421407
4044 19 0.011636025309078427
4046 0 0.13880461819591677
4046 1 0.1295233795432615
4046 2 0.06976026998193281
4046 3 0.06578674722899652
4046 4 0.062063628081651466
4046 5 0.05704371750123441
4046 6 0.055827543096635596
4046 7 0.053104695320406646
4046 8 0.04819710305959761
4046 9 0.04805063502115674
4046 10 0.043367343636751515
4046 11 0.03775366481756025
4046 12 0.03331269232294215
4046 13 0.032166564077155714
4046 14 0.02951451321029678
4046 15 0.0242137181743868
4046 16 0.02413531944404372
4046 17 0.023424803834633023
4046 18 0.018787710017833602
4046 19 0.017812813261042476
4047 0 0.1971537211491694
4047 1 0.12684936450682183
4047 2 0.12308073252165094
4047 3 0.09686664325905389
4047 4 0.06370465562217184
4047 5 0.04961309783623586
4047 6 0.04757785457325412
4047 7 0.0452800372458925
4047 8 0.03743194368160928
4047 9 0.037133118551358334
4047 10 0.03427081980220212
4047 11 0.031679504278194506
4047 12 0.03080356323560861
4047 13 0.023246594892590716
4047 14 0.020388347932876225
4047 15 0.019214298557054216
4047 16 0.01832799036606436
4047 17 0.017301935051801637
4047 18 0.016968190589080858
4047 19 0.013881582475135126
4048 0 0.16196694039525866
4048 1 0.1566230149284432
4048 2 0.13815433994406287
4048 3 0.12149130682096661
4048 4 0.077114720532566
4048 5 0.06632780070625377
4048 6 0.05884017681549689
4048 7 0.04830604866062005
4048 8 0.04447206365077598
4048 9 0.038512998076296746
4048 10 0.034805237248148393
4048 11 0.03357621708652065
4048 12 0.03073774806549167
4048 13 0.03060887550745695
4048 14 0.028674955275137318
4048 15 0.02812624150136105
4048 16 0.02573965263632859
4048 17 0.023519679464777524
4048 18 0.01925889653553219
4048 19 0.01762386368162532
4050 0 0.19018234955895666
4050 1 0.1274419519168295
4050 2 0.11634102972663128
4050 3 0.10753225084952991
4050 4 0.08611225092675148
4050 5 0.07955343751734802
4050 6 0.07572172739487205
4050 7 0.06972658052223579
4050 8 0.05416414394402079
4050 9 0.04163727104390991
4050 10 0.040763555844685856
4050 11 0.04026457457958326
4050 12 0.034527267138413135
4050 13 0.033519918339929546
4050 14 0.031397248476833735
4050 15 0.03080814696388766
4050 16 0.028665970790448803
4050 17 0.019678818862514883
4050 18 0.01867124936600304
4050 19 0.017104902642888303
4051 0 0.1766441967946282
4051 1 0.10465214535347897
4051 2 0.08681038103826909
4051 3 0.0781743125155831
4051 4 0.06887413533127286
4051 5 0.0548815823035484
4051 6 0.05244625690043129
4051 7 0.05196562941152422
4051 8 0.03656735066755291
4051 9 0.03370439171061988
4051 10 0.030202832634250883
4051 11 0.02990277763122712
4051 12 0.029286096409981487
4051 13 0.028506958804248406
4051 14 0.027386071244923656
4051 15 0.02374760205241417
4051 16 0.02147256943858448
4051 17 0.021066762353870137
4051 18 0.020710255813312636
4051 19 0.016267966675756772
4057 0 0.17521194581621677
4057 1 0.15652705467123676
4057 2 0.13224633295273475
4057 3 0.11707998708706727
4057 4 0.09696998275289719
4057 5 0.092401714653677
4057 6 0.08591802911665945
4057 7 0.07118529262834206
4057 8 0.06288595270752806
4057 9 0.048025588624412224
4057 10 0.04554230950100298
4057 11 0.04385877212488732
4057 12 0.04049422125267137
4057 13 0.0395505919361903
4057 14 0.03899667761144065
4057 15 0.02916692890626598
4057 16 0.026854617188741322
4057 17 0.024179296827211483
4057 18 0.022529718652827366
4057 19 0.017620426828570002
4058 0 0.13155001369683356
4058 1 0.12883925338184415
4058 2 0.128210056507458
4058 3 0.09684115546625287
4058 4 0.08156637707532093
4058 5 0.07020277518749853
4058 6 0.06730285591291134
4058 7 0.06269760863295765
4058 8 0.04943341191508141
4058 9 0.04545524507201219
4058 10 0.03975702570384552
4058 11 0.03505028751182361
4058 12 0.031353904893131716
4058 13 0.02875109043595988
4058 14 0.028130845979027368
4058 15 0.02771695417850891
4058 16 0.026565783831615522
4058 17 0.025120360764902625
4058 18 0.024340966621290552
4058 19 0.023370319716274197
4062 0 0.16901921196013467
4062 1 0.1419118502576563
4062 2 0.10619921212320271
4062 3 0.09771484802978171
4062 4 0.0809649768346467
4062 5 0.05328671271816723
4062 6 0.04494036223102797
4062 7 0.04494036223102797
4062 8 0.04041934237293269
4062 9 0.038415502364432245
4062 10 0.031040270359292795
4062 11 0.029251973099459705
4062 12 0.029112386312361207
4062 13 0.028130845979027368
4062 14 0.02501291855130339
4062 15 0.023876540631226573
4062 16 0.02306756917921309
4062 17 0.022318840743680207
4062 18 0.01992709094014097
4062 19 0.018136439568006545
4064 0 0.12144433775341588
4064 1 0.08234349067264109
4064 2 0.05913629698017082
4064 3 0.052845954233748174
4064 4 0.05085800071066589
4064 5 0.04648175121387109
4064 6 0.042051425041231154
4064 7 0.040438458217533446
4064 8 0.04017989067120488
4064 9 0.039313433984909954
4064 10 0.03882633645979007
4064 11 0.0366155307447971
4064 12 0.03558024572581447
4064 13 0.030428091755085054
4064 14 0.026266817228269543
4064 15 0.022455252874526183
4064 16 0.02229748585156207
4064 17 0.020443390398383443
4064 18 0.016295695402383098
4064 19 0.011844616069855896
4068 0 0.12302431682396794
4068 1 0.11408593350135354
4068 2 0.07834126585818464
4068 3 0.06410897440992644
4068 4 0.04119257394852516
4068 5 0.036625467814992166
4068 6 0.035838085157280604
4068 7 0.029654499894677236
4068 8 0.028684792371011895
4068 9 0.016008706854416514
4072 0 0.13496706806407788
4072 1 0.11604645633446303
4072 2 0.07882388906088564
4072 3 0.06640163834401301
4072 4 0.060553027416903236
4072 5 0.03312844530920387
4072 6 0.030936676213878436
4072 7 0.03042477751204543
4072 8 0.022890876828749525
4072 9 0.01977427736181092
4170 0 0.1861229997950341
4170 1 0.09230450188800256
4170 2 0.06303565010515154
4170 3 0.05455503599190287
4170 4 0.048358197529756876
4170 5 0.047808583987096205
4170 6 0.04634472603294664
4170 7 0.03516665007564161
4170 8 0.03065116841763986
4170 9 0.02584525758600034
4170 10 0.025320313178497426
4170 11 0.023810301041824536
4170 12 0.022948882684020688
4170 13 0.02049323231291728
4170 14 0.01972217187775657
4170 15 0.017960745074439944
4170 16 0.016910720445262886
4170 17 0.016003713797315845
4170 18 0.015260731055749207
4170 19 0.014284581790490063
4171 0 0.11211480207242455
4171 1 0.09810222777229112
4171 2 0.07116096680122824
4171 3 0.05777901542427889
4171 4 0.05580718983403028
4171 5 0.055360681883029124
4171 6 0.05040053331056957
4171 7 0.04798352773010517
4171 8 0.044328149673277424
4171 9 0.03821221873102642
4171 10 0.03413557529596714
4171 11 0.033489586508354624
4171 12 0.03293235228164155
4171 13 0.03114874061071593
4171 14 0.030857053269686345
4171 15 0.028424644098634835
4171 16 0.028361216994362035
4171 17 0.026928120949996286
4171 18 0.023282842185845913
4171 19 0.020324800104895666
4172 0 0.18506980616852833
4172 1 0.08551755839708973
4172 2 0.0829207838979218
4172 3 0.07188977582498059
4172 4 0.0701256478287028
4172 5 0.0679761169406302
4172 6 0.06777401790860678
4172 7 0.06482747664712869
4172 8 0.06146634753750459
4172 9 0.049183136578429675
4172 10 0.04740281651484847
4172 11 0.037411009436160374
4172 12 0.03397878160789686
4172 13 0.033324466657064705
4172 14 0.029061455998149594
4172 15 0.02862516240460976
4172 16 0.024538082027752973
4172 17 0.024162446438439174
4172 18 0.023417368008758127
4172 19 0.01965781670998036
4174 0 0.17527091934745798
4174 1 0.14331167183007046
4174 2 0.1347271598758301
4174 3 0.12788553609053332
4174 4 0.11606807342338396
4174 5 0.11575542165597853
4174 6 0.07232878004302123
4174 7 0.06763263535635534
4174 8 0.06500165077650068
4174 9 0.060965427147846085
4174 10 0.057996533137352896
4174 11 0.04775769139904327
4174 12 0.03914790669110634
4174 13 0.030388882958373845
4174 14 0.02693254434210096
4174 15 0.02356943649545434
4174 16 0.02296332425756158
4174 17 0.018886611029108755
4174 18 0.014246144493723764
4174 19 0.013499468361222818
4175 0 0.15227423007516397
4175 1 0.1055415470894802
4175 2 0.10026506844914436
4175 3 0.09519176780897007
4175 4 0.08309773467257228
4175 5 0.053743101150125434
4175 6 0.05154627674953752
4175 7 0.04099225181857534
4175 8 0.040004713026012134
4175 9 0.03411806658572595
4175 10 0.03392663273876003
4175 11 0.03157759837838087
4175 12 0.027075405759772474
4175 13 0.026113243467842186
4175 14 0.024795334817451706
4175 15 0.02210992836740003
4175 16 0.019698315741318265
4175 17 0.01891587898300903
4175 18 0.01879247483167429
4175 19 0.01873823970596272
4178 0 0.11705936596873537
4178 1 0.07965131426341514
4178 2 0.07589517718199748
4178 3 0.06399238548915638
4178 4 0.05343953006911314
4178 5 0.04940144654083586
4178 6 0.04571463504859988
4178 7 0.03305451712866381
4178 8 0.0328616987316745
4178 9 0.03107123787664139
4178 10 0.025339408273710912
4178 11 0.023503500601629635
4178 12 0.023311783808473648
4178 13 0.022765890065058355
4178 14 0.020209925838037403
4178 15 0.018085145196363714
4178 16 0.01652000382401865
4178 17 0.015098511402907445
4178 18 0.01502022962365626
4178 19 0.014702406543050415
4180 0 0.08900052790877148
4180 1 0.08840472623004468
4180 2 0.07853931310076634
4180 3 0.06310604334462372
4180 4 0.05568390452009537
4180 5 0.049825533835736305
4180 6 0.03691827939555027
4180 7 0.0353130577522286
4180 8 0.031818755302480795
4180 9 0.02921078933834185
4180 10 0.029085478129686072
4180 11 0.02864662292997219
4180 12 0.025712174788657456
4180 13 0.025445192422636372
4180 14 0.024928677925289446
4180 15 0.021302184901851425
4180 16 0.01849314228458916
4180 17 0.01812054930997252
4180 18 0.015560236200010276
4180 19 0.01420033173293645
4181 0 0.07212345919704694
4181 1 0.04789435440884443
4181 2 0.039955420027087026
4181 3 0.03232372370896515
4181 4 0.031107985041499038
4181 5 0.029308573655320216
4181 6 0.029174360959525008
4181 7 0.02654943897336946
4181 8 0.02522978737444818
4181 9 0.023610839068292512
4181 10 0.02329576528150013
4181 11 0.02249856627730126
4181 12 0.02132844042198148
4181 13 0.019787711646915184
4181 14 0.017398370658607363
4181 15 0.016561419601012362
4181 16 0.01651080052760982
4181 17 0.016001906714315298
4181 18 0.015171981210619601
4181 19 0.015151331797668692
4182 0 0.1402009085998789
4182 1 0.13388191283594242
4182 2 0.12131538219783208
4182 3 0.10247309751885883
4182 4 0.09631799173343943
4182 5 0.08344791642262787
4182 6 0.08082278694259962
4182 7 0.06772616604894308
4182 8 0.059897678769323386
4182 9 0.04523771226847472
4182 10 0.04167576304360628
4182 11 0.03790461472365174
4182 12 0.03496616572320949
4182 13 0.034094495281785646
4182 14 0.0320889123247544
4182 15 0.0320045453161089
4182 16 0.03111313843477408
4182 17 0.024967948970162468
4182 18 0.022790523360365373
4182 19 0.02205514621238767
4183 0 0.1745815567952165
4183 1 0.15942964495785816
4183 2 0.09968819021160907
4183 3 0.09424137041962266
4183 4 0.09325895861202342
4183 5 0.0891881174601684
4183 6 0.08362953769572237
4183 7 0.07019710117323377
4183 8 0.06681530567388735
4183 9 0.06454999320484035
4183 10 0.0510838823131182
4183 11 0.048228196959577765
4183 12 0.04399341301258349
4183 13 0.03790461472365174
4183 14 0.03591732895357801
4183 15 0.03553302012038476
4183 16 0.03496616572320949
4183 17 0.031168990126384882
4183 18 0.026395586039367907
4183 19 0.02411876897823288
4186 0 0.18279451135789584
4186 1 0.17643508824232293
4186 2 0.13349746818857794
4186 3 0.11643998544083652
4186 4 0.11485027302134625
4186 5 0.10571807533115352
4186 6 0.10184423263466902
4186 7 0.09930081046909967
4186 8 0.09412356671654326
4186 9 0.07876384410673808
4186 10 0.044416474155967965
4186 11 0.036491724809872464
4186 12 0.03437255593430172
4186 13 0.029868780703336904
4186 14 0.029665744176270402
4186 15 0.02499832795943573
4186 16 0.024522291744039436
4186 17 0.02123075419301567
4186 18 0.018345721660641738
4186 19 0.014639348211978667
4190 0 0.10643200515792434
4190 1 0.08119135642239354
4190 2 0.07199920432083406
4190 3 0.05568400260810793
4190 4 0.04611105397872788
4190 5 0.045109235835106086
4190 6 0.04118084865840888
4190 7 0.03587882940864989
4190 8 0.034643607066535936
4190 9 0.03431720788690923
4190 10 0.03230563401588036
4190 11 0.031180172159816232
4190 12 0.029533255565926654
4190 13 0.0280079209499078
4190 14 0.027499253493565332
4190 15 0.02444745624938324
4190 16 0.019978741823983282
4190 17 0.01908592021169814
4190 18 0.017523713934498013
4190 19 0.01395926252215544
4191 0 0.1173569499083659
4191 1 0.11138953176235596
4191 2 0.09036423045686995
4191 3 0.08317265882370138
4191 4 0.05081009603438003
4191 5 0.03677045698801296
4191 6 0.03330491318902331
4191 7 0.032070947127993236
4191 8 0.029380462736983876
4191 9 0.028027523461955473
4191 10 0.027838023080621655
4191 11 0.024877081744377215
4191 12 0.02449765278980862
4191 13 0.022068961531694554
4191 14 0.020184109827655915
4191 15 0.01735172226340539
4191 16 0.017347266804065842
4191 17 0.017226631752777864
4191 18 0.016541511507079422
4191 19 0.016019121160518825
4193 0 0.1727324921252972
4193 1 0.14556128267187682
4193 2 0.1347270995139762
4193 3 0.11339983048922161
4193 4 0.09796925060819253
4193 5 0.0970193210232127
4193 6 0.08178297804273912
4193 7 0.08117385902999995
4193 8 0.07592810457328926
4193 9 0.07430369917828121
4193 10 0.07390968717707669
4193 11 0.062379860061515184
4193 12 0.04552819614504256
4193 13 0.042612541289671915
4193 14 0.040996337561559876
4193 15 0.03951844170376724
4193 16 0.036431374273839634
4193 17 0.03606919183270944
4193 18 0.021040569081901897
4193 19 0.017923813051404787
4195 0 0.18189477265441759
4195 1 0.13032305338346947
4195 2 0.11889961026275636
4195 3 0.0973608936638586
4195 4 0.09655966550591322
4195 5 0.06980367015487285
4195 6 0.05539231903969421
4195 7 0.05349107531971116
4195 8 0.04410934927080846
4195 9 0.039921934288646856
4195 10 0.03981451282443489
4195 11 0.039344418479029954
4195 12 0.03874354640457719
4195 13 0.036431374273839634
4195 14 0.034034450327638084
4195 15 0.0259364435978264
4195 16 0.020581900103651764
4195 17 0.01821479679957508
4195 18 0.017296110132902175
4195 19 0.016718317036019007
4196 0 0.20782613453867044
4196 1 0.19391766180078554
4196 2 0.14439516710722422
4196 3 0.1431847308513599
4196 4 0.13353347403441762
4196 5 0.10883791547512234
4196 6 0.09909106811732864
4196 7 0.09114024245035678
4196 8 0.08018439243072843
4196 9 0.057528151559551814
4196 10 0.05075815465911592
4196 11 0.05015076350444407
4196 12 0.042132491010992576
4196 13 0.03594729484141378
4196 14 0.03577426004203378
4196 15 0.034034450327638084
4196 16 0.03236230625144235
4196 17 0.03133188224800503
4196 18 0.02574866918825198
4196 19 0.016718317036019007
4198 0 0.19045061272806477
4198 1 0.18996144026421774
4198 2 0.18358973351138014
4198 3 0.13478169681081106
4198 4 0.08527730312818214
4198 5 0.08381034408378947
4198 6 0.08138743435949239
4198 7 0.06909346767257915
4198 8 0.04778652172950291
4198 9 0.039817591278982795
4198 10 0.03680081900051482
4198 11 0.03582718607003932
4198 12 0.03205013360625209
4198 13 0.03094132973555103
4198 14 0.02976835555525127
4198 15 0.025890151714823912
4198 16 0.025184057611209953
4198 17 0.020437101447732278
4198 18 0.018557256004949844
4198 19 0.013581651968434994
4199 0 0.19969183147159728
4199 1 0.18251977437995906
4199 2 0.18238527307905
4199 3 0.12906816062222223
4199 4 0.11292381690952052
4199 5 0.09504600902231229
4199 6 0.08799782697303668
4199 7 0.07064371853009509
4199 8 0.06909346767257915
4199 9 0.05391433263912075
4199 10 0.04658022403324528
4199 11 0.04560310897832404
4199 12 0.045519224864509586
4199 13 0.03643413960127053
4199 14 0.03595358001944907
4199 15 0.02475489426165975
4199 16 0.022548683592793422
4199 17 0.021235571823478502
4199 18 0.018612568212491593
4199 19 0.016600705736348854
4200 0 0.21090677720377565
4200 1 0.16189005448387847
4200 2 0.13443555175973373
4200 3 0.11382042434182872
4200 4 0.08381329426939788
4200 5 0.0771244916076629
4200 6 0.06738951289938844
4200 7 0.05540557978446856
4200 8 0.04063833895142677
4200 9 0.040002358913710796
4200 10 0.037860101629030786
4200 11 0.035496331431073065
4200 12 0.03539040392274464
4200 13 0.03378767220589554
4200 14 0.033481290526061934
4200 15 0.033021966998958784
4200 16 0.03083601904991695
4200 17 0.030196477662822033
4200 18 0.02287769719521632
4200 19 0.022098412457464404
4201 0 0.2078435640239784
4201 1 0.19399312920859957
4201 2 0.1598034055570858
4201 3 0.15663332171499325
4201 4 0.15586803904103366
4201 5 0.15475157110119772
4201 6 0.14876550114233875
4201 7 0.0829184373308522
4201 8 0.06522729847676921
4201 9 0.06257712259999644
4201 10 0.057788794044607524
4201 11 0.053066580582297025
4201 12 0.03464397301027509
4201 13 0.026456479832085662
4201 14 0.025884981344777465
4201 15 0.022089746758816697
4201 16 0.0220101011789294
4201 17 0.018774028626390014
4201 18 0.017455505039613125
4201 19 0.017248852460237597
4293 0 0.17720670891093995
4293 1 0.08903367411178358
4293 2 0.06375658190697248
4293 3 0.038928661119965006
4293 4 0.03743367908490834
4293 5 0.02980677587524616
4293 6 0.025276962049563673
4293 7 0.023258446565338552
4293 8 0.020965561933223725
4293 9 0.018471368632109724
4294 0 0.16857265496512722
4294 1 0.0993315120170296
4294 2 0.07296124400274866
4294 3 0.06672657374868311
4294 4 0.0635093774796369
4294 5 0.059682356718684285
4294 6 0.05745926736642664
4294 7 0.053811589218584525
4294 8 0.050199332161122615
4294 9 0.03743367908490834
4294 10 0.03328456369903387
4294 11 0.03314808177479435
4294 12 0.03153426799883438
4294 13 0.02980677587524616
4294 14 0.023258446565338552
4294 15 0.021121578462425305
4294 16 0.020418513769352973
4294 17 0.020201522336192487
4294 18 0.020179950518661966
4294 19 0.02003367865624621
4296 0 0.15326256488967524
4296 1 0.1319550719172982
4296 2 0.09891371744539619
4296 3 0.07146460201671029
4296 4 0.03622255621295615
4296 5 0.0220022126391504
4296 6 0.021814266575554006
4296 7 0.018080238909427993
4296 8 0.013893741616076165
4296 9 0.013767197705185674
4298 0 0.20474049693015664
4298 1 0.20158761621642002
4298 2 0.13902330919252556
4298 3 0.1375060687238505
4298 4 0.13032569421457674
4298 5 0.11709102576109565
4298 6 0.11092239892040703
4298 7 0.10361035257212485
4298 8 0.07186053805200725
4298 9 0.06970079846539712
4298 10 0.06726930981261729
4298 11 0.05975610758627857
4298 12 0.054092562330550334
4298 13 0.0531575383508631
4298 14 0.04393686150072926
4298 15 0.04321267393141464
4298 16 0.029353758275565585
4298 17 0.02207072711592056
4298 18 0.01898953742151456
4298 19 0.016793424159017672
4300 0 0.2012517024995754
4300 1 0.1986241510001602
4300 2 0.18789465038735173
4300 3 0.18420042947755194
4300 4 0.16369387794431436
4300 5 0.16309809135605102
4300 6 0.13416324434641563
4300 7 0.11811388001079479
4300 8 0.10828136409188127
4300 9 0.10088084990150559
4300 10 0.09558082259292465
4300 11 0.06486182254198666
4300 12 0.05797289392632697
4300 13 0.045856624992006
4300 14 0.04300971851558929
4300 15 0.03575733985986792
4300 16 0.02602162360519136
4300 17 0.02407362019783825
4300 18 0.022476319161530454
4300 19 0.016998818571001377
4304 0 0.14691720608605643
4304 1 0.13830369026102654
4304 2 0.09170077771595395
4304 3 0.08899505007053184
4304 4 0.0809592047323694
4304 5 0.07039493714932689
4304 6 0.06613775895454296
4304 7 0.05401867187616895
4304 8 0.04806424284659091
4304 9 0.028193620420755083
4304 10 0.027560154831514822
4304 11 0.027253982531861867
4304 12 0.025888876570660687
4304 13 0.023772374934508286
4304 14 0.02244278626539194
4304 15 0.02136892247654798
4304 16 0.020030935964510516
4304 17 0.019352049966533166
4304 18 0.018434919503905613
4304 19 0.015393296061564272
4309 0 0.18795397099925273
4309 1 0.1656327157814173
4309 2 0.08709255761469664
4309 3 0.08627377924773552
4309 4 0.07885529986059867
4309 5 0.07055298711848106
4309 6 0.06621959453794136
4309 7 0.06000016565198062
4309 8 0.058939038214305434
4309 9 0.050285389301676774
4309 10 0.04634146272022123
4309 11 0.04176986340119001
4309 12 0.03974931070439642
4309 13 0.0306789707102756
4309 14 0.02879578461614247
4309 15 0.02874150799165636
4309 16 0.027929633511732815
4309 17 0.026485600653967104
4309 18 0.025186485289520708
4309 19 0.02049525254871434
4310 0 0.2070142223325882
4310 1 0.2025503877858129
4310 2 0.12507506553816522
4310 3 0.11189247427411946
4310 4 0.06886652973768394
4310 5 0.06520370453713369
4310 6 0.06047469282102991
4310 7 0.05900871088414692
4310 8 0.05183777168715786
4310 9 0.050921048667044
4310 10 0.04758958740860213
4310 11 0.040805507333132755
4310 12 0.0401668072393763
4310 13 0.03217124589344731
4310 14 0.03089812007971231
4310 15 0.02879526210884482
4310 16 0.024223940077079866
4310 17 0.0216888421884222
4310 18 0.02151170844190214
4310 19 0.01657361269549621
4311 0 0.16559225824885396
4311 1 0.14230949906055712
4311 2 0.13710630725606388
4311 3 0.11681675658752644
4311 4 0.10250559483194172
4311 5 0.07235379248622294
4311 6 0.062381746369448945
4311 7 0.05904983239710297
4311 8 0.052656470829185766
4311 9 0.04763684319495877
4311 10 0.04355389194616899
4311 11 0.04128711570216539
4311 12 0.03614637955335904
4311 13 0.03580449001298027
4311 14 0.03462601913136153
4311 15 0.02892255959975485
4311 16 0.028646189079147424
4311 17 0.02858894340597357
4311 18 0.026564991582283343
4311 19 0.02038333224008035
4312 0 0.16606149621045696
4312 1 0.15389527784204993
4312 2 0.06784698784471649
4312 3 0.059317476857208805
4312 4 0.05228613953778171
4312 5 0.04237635667328539
4312 6 0.03995499749410986
4312 7 0.03669924131828165
4312 8 0.034533952213730394
4312 9 0.03279040006439411
4312 10 0.02983639656873005
4312 11 0.027230399910073953
4312 12 0.024772710440094145
4312 13 0.02424449706094202
4312 14 0.023857647370962
4312 15 0.023103946627715716
4312 16 0.02280511583854097
4312 17 0.022368103561678374
4312 18 0.019505957603464796
4312 19 0.01407106776600547
4313 0 0.10887400431851109
4313 1 0.06777180715570841
4313 2 0.06399467923960384
4313 3 0.05127410137777478
4313 4 0.05102796460072972
4313 5 0.04988802344496602
4313 6 0.049878678675462154
4313 7 0.04237635667328539
4313 8 0.040677076171154535
4313 9 0.03669924131828165
4313 10 0.034533952213730394
4313 11 0.02797395797556039
4313 12 0.027782693896308504
4313 13 0.025750874282226548
4313 14 0.02565256368533466
4313 15 0.024284049165697173
4313 16 0.021160849507298327
4313 17 0.01591691722405165
4313 18 0.014103551874932813
4313 19 0.012922085536315246
4314 0 0.06423368200004341
4314 1 0.05444778052278907
4314 2 0.038926435276603166
4314 3 0.038382752286086244
4314 4 0.0376897038881422
4314 5 0.03669924131828165
4314 6 0.02914819409586784
4314 7 0.02580653922935191
4314 8 0.01958800256704384
4314 9 0.016484224335131022
4317 0 0.07326381534055607
4317 1 0.055395706848743245
4317 2 0.05309393581995246
4317 3 0.04662628012775605
4317 4 0.04135971592192007
4317 5 0.04006997173528862
4317 6 0.03903385674081513
4317 7 0.03238435719118805
4317 8 0.0315848965037766
4317 9 0.026420804090134392
4317 10 0.025685460895699497
4317 11 0.02262258536502241
4317 12 0.02215011427162093
4317 13 0.02064349748922881
4317 14 0.019681491760857026
4317 15 0.019555707088909875
4317 16 0.019079821778148282
4317 17 0.01863305163034433
4317 18 0.017978753656283583
4317 19 0.017350986603311223
4318 0 0.15317214283256234
4318 1 0.12380524830854603
4318 2 0.08407554388881315
4318 3 0.06946833742087184
4318 4 0.04997993568534658
4318 5 0.048931955813969724
4318 6 0.03593300794512345
4318 7 0.03519893612223591
4318 8 0.03428263186248335
4318 9 0.03325308499223523
4318 10 0.032654378399290425
4318 11 0.031864034238122854
4318 12 0.031131756294080323
4318 13 0.02353343064961466
4318 14 0.02339521143576814
4318 15 0.02215011427162093
4318 16 0.02064349748922881
4318 17 0.018025430346104564
4318 18 0.017924226152842282
4318 19 0.015039503918123457
4320 0 0.14045749175026118
4320 1 0.1312010014576969
4320 2 0.10178379532847125
4320 3 0.0906686428312207
4320 4 0.08687395716086865
4320 5 0.07826299916939693
4320 6 0.07385410145488455
4320 7 0.07237166714020328
4320 8 0.0721495807893137
4320 9 0.06828783309930049
4320 10 0.05671024466685609
4320 11 0.05160856263751039
4320 12 0.0431439368703083
4320 13 0.0387286634349798
4320 14 0.037748571786139086
4320 15 0.03693669353359967
4320 16 0.03438626184774845
4320 17 0.032679568155437905
4320 18 0.03198865883069074
4320 19 0.015109083215722224
4321 0 0.21482939227819553
4321 1 0.2043728479686344
4321 2 0.18230109847381373
4321 3 0.1761693451806143
4321 4 0.1761438573878133
4321 5 0.15895806797441728
4321 6 0.15136397331864707
4321 7 0.1498937698246083
4321 8 0.09645527722485873
4321 9 0.09607588788275676
4321 10 0.09298455362428297
4321 11 0.08599491502803966
4321 12 0.06632724235910538
4321 13 0.06256809473022544
4321 14 0.06079511240450658
4321 15 0.05552759749947199
4321 16 0.052292326627804454
4321 17 0.028467397267953585
4321 18 0.02752111014359385
4321 19 0.0175425128793659
4322 0 0.1291294580848378
4322 1 0.10854568110479196
4322 2 0.101500071979538
4322 3 0.09495028266728966
4322 4 0.08686908294116781
4322 5 0.08215477688171564
4322 6 0.07827258161370045
4322 7 0.0526892171349159
4322 8 0.04864894548943545
4322 9 0.045406770730730336
4322 10 0.04248071477341292
4322 11 0.03932420480321174
4322 12 0.03776345475573648
4322 13 0.03565156702879006
4322 14 0.035263636484364
4322 15 0.0246484234966464
4322 16 0.023479112526354005
4322 17 0.023068559490878313
4322 18 0.021880142107524828
4322 19 0.018301834820254798
4324 0 0.16562990895521187
4324 1 0.14073148929548793
4324 2 0.08289679006100432
4324 3 0.07827258161370045
4324 4 0.07801808094727708
4324 5 0.0595666769983383
4324 6 0.05063925689743494
4324 7 0.04819065943169587
4324 8 0.04574069250639689
4324 9 0.04393147420527043
4324 10 0.03442398800642372
4324 11 0.03221056786863455
4324 12 0.027934341736335487
4324 13 0.027867890880444866
4324 14 0.025486698742410902
4324 15 0.023873288636348765
4324 16 0.0238066397181251
4324 17 0.023318648083044614
4324 18 0.023068559490878313
4324 19 0.022259827599972415
4344 0 0.0801802727342011
4344 1 0.07849361917737885
4344 2 0.07130382067366803
4344 3 0.05695462717752276
4344 4 0.054467228357586175
4344 5 0.047945190407659356
4344 6 0.026577820362540867
4344 7 0.023152954794142828
4344 8 0.022319344387898524
4344 9 0.01521315554019779
4387 0 0.20925939657813436
4387 1 0.19389979469203694
4387 2 0.17284435773100112
4387 3 0.15578001636761254
4387 4 0.12137915449645675
4387 5 0.06884651223789083
4387 6 0.04756660086012129
4387 7 0.02422717509518627
4387 8 0.019147008294133072
4387 9 0.01497813006003656
4432 0 0.14165101159657548
4432 1 0.13272370467414815
4432 2 0.1276467747775093
4432 3 0.08260442742173446
4432 4 0.0707898093069492
4432 5 0.05429169985911775
4432 6 0.037980293397954334
4432 7 0.037696664364417785
4432 8 0.03237339774209288
4432 9 0.019781307631480057
4435 0 0.12812844728101166
4435 1 0.10695580269020352
4435 2 0.05737864656533759
4435 3 0.05249972995773762
4435 4 0.048746252570506576
4435 5 0.0464230455383565
4435 6 0.042170428436156426
4435 7 0.03843900576128694
4435 8 0.036120322095562034
4435 9 0.03376085267969329
4435 10 0.03202171449092201
4435 11 0.031590664833438045
4435 12 0.027756442148794316
4435 13 0.027696599029595672
4435 14 0.024529642686057312
4435 15 0.024105242264039862
4435 16 0.021255630822046144
4435 17 0.01896948030925485
4435 18 0.018006340909814875
4435 19 0.015893413827196955
4437 0 0.09874053174138149
4437 1 0.09755796757154647
4437 2 0.0733662795875181
4437 3 0.07060812767200084
4437 4 0.049996897366286985
4437 5 0.04679920929389175
4437 6 0.04611702602964618
4437 7 0.04547584355464889
4437 8 0.044400448083762714
4437 9 0.0358988695441382
4437 10 0.03502307563357114
4437 11 0.03261083486694743
4437 12 0.0317487695055223
4437 13 0.028886616002076988
4437 14 0.019741606508398134
4437 15 0.01969314725757975
4437 16 0.01627600423386254
4437 17 0.015486303303700382
4437 18 0.015411569669672606
4437 19 0.015411569669672606
4439 0 0.1979822479555322
4439 1 0.1978828470726546
4439 2 0.18965923864276535
4439 3 0.1640076539512483
4439 4 0.11550439179615328
4439 5 0.09415144634780429
4439 6 0.09390572833112051
4439 7 0.09035047549941694
4439 8 0.06753063136852915
4439 9 0.053068961102909436
4439 10 0.05193426765581747
4439 11 0.040735121638892306
4439 12 0.038149234909118056
4439 13 0.036590484348052586
4439 14 0.03415996148493484
4439 15 0.029646430269336596
4439 16 0.027088849476416408
4439 17 0.026325830371977332
4439 18 0.02373891183176332
4439 19 0.02210849854598624
4442 0 0.13954934765863006
4442 1 0.1376655447418026
4442 2 0.12639814455860213
4442 3 0.10571545713574146
4442 4 0.078275328078052
4442 5 0.07438613083498667
4442 6 0.07002984602136282
4442 7 0.06971182204896204
4442 8 0.06491130417170514
4442 9 0.061913836368631306
4442 10 0.03117830094234594
4442 11 0.02908388797209791
4442 12 0.028755129021246068
4442 13 0.027391594354553715
4442 14 0.024536520164783814
4442 15 0.02434077044526544
4442 16 0.022730963187356793
4442 17 0.02253083346081622
4442 18 0.022523999367172195
4442 19 0.018529804565589784
4443 0 0.21171401136618215
4443 1 0.18601025894244894
4443 2 0.18210496772009274
4443 3 0.13954934765863006
4443 4 0.10964053195570697
4443 5 0.09308820247262742
4443 6 0.07259579070366132
4443 7 0.06447266212478778
4443 8 0.05867937283675942
4443 9 0.05828407814615994
4443 10 0.05603687800589293
4443 11 0.05520646866421222
4443 12 0.05020542870836454
4443 13 0.0447263492780949
4443 14 0.04008532628186945
4443 15 0.03247851791062565
4443 16 0.029869071194758703
4443 17 0.02908388797209791
4443 18 0.028295867742304734
4443 19 0.024071115180902214
4444 0 0.0933741969363129
4444 1 0.07926096169960212
4444 2 0.07906165440332066
4444 3 0.06393332896036612
4444 4 0.06058833910142329
4444 5 0.05186462516690292
4444 6 0.045566137342822284
4444 7 0.024533718997502178
4444 8 0.024023314251552713
4444 9 0.019800223527439837
4446 0 0.16928916526115143
4446 1 0.1296431827327507
4446 2 0.09449184947753125
4446 3 0.08563355878978444
4446 4 0.07323281198335672
4446 5 0.05587145257271774
4446 6 0.05531401839736368
4446 7 0.05150661146630634
4446 8 0.04951413834941475
4446 9 0.043069929464835024
4446 10 0.03687144991478666
4446 11 0.029076480440842017
4446 12 0.02735431336455081
4446 13 0.02377993525670681
4446 14 0.02307080796993536
4446 15 0.022144689250003426
4446 16 0.022094068290292947
4446 17 0.0196030175781966
4446 18 0.014651410208061117
4446 19 0.013442220801741029
4448 0 0.16442882878669904
4448 1 0.1549082402929444
4448 2 0.10983665516419623
4448 3 0.09793756818013705
4448 4 0.08477568857720401
4448 5 0.06411353172989441
4448 6 0.03564376903179189
4448 7 0.030465517990798854
4448 8 0.028990440277059264
4448 9 0.026216132134089316
4448 10 0.025149753215126528
4448 11 0.02410149228386754
4448 12 0.01943270283485709
4448 13 0.018972141889749394
4448 14 0.01770829859735644
4448 15 0.017494355437816918
4448 16 0.01633719229061796
4448 17 0.014858779584451476
4448 18 0.014530704420225624
4448 19 0.013206742607675695
4449 0 0.13445438465814444
4449 1 0.1126212832978718
4449 2 0.10509760074465309
4449 3 0.06670105577495516
4449 4 0.06292723267035054
4449 5 0.05750677214543054
4449 6 0.05332705707225456
4449 7 0.0463941058020367
4449 8 0.04557114360407849
4449 9 0.04236305820235235
4449 10 0.03677073238897129
4449 11 0.02951317015904794
4449 12 0.029506417176645067
4449 13 0.02566259129831055
4449 14 0.02346317133800577
4449 15 0.020918943718948695
4449 16 0.020297618407570134
4449 17 0.017315250499506073
4449 18 0.016935034954529096
4449 19 0.015946647323395697
4451 0 0.13856627941586988
4451 1 0.11868918129489744
4451 2 0.1101315379108656
4451 3 0.10906882220191019
4451 4 0.10473429783661023
4451 5 0.06037173436138923
4451 6 0.046985976415029544
4451 7 0.04457312071201942
4451 8 0.03842436801172094
4451 9 0.035330125066413295
4451 10 0.03516752532252288
4451 11 0.029710951432210978
4451 12 0.027910376194037023
4451 13 0.027083896031782344
4451 14 0.024954914582340164
4451 15 0.022450738939640686
4451 16 0.021825424086982216
4451 17 0.021257917027261864
4451 18 0.02014969036678853
4451 19 0.01701952645949823
4453 0 0.130617106154648
4453 1 0.1146670672495874
4453 2 0.1015113068295915
4453 3 0.09037371481316091
4453 4 0.07666137282899702
4453 5 0.07071117290180647
4453 6 0.05128918052339729
4453 7 0.042629125709025564
4453 8 0.042358391476524225
4453 9 0.03754600117713223
4453 10 0.037282661271731236
4453 11 0.03284756274001888
4453 12 0.03255356655807837
4453 13 0.021939630600831928
4453 14 0.021538375177161756
4453 15 0.01954329895532158
4453 16 0.019234898925998847
4453 17 0.01644282742121665
4453 18 0.015835473992703478
4453 19 0.014798912886403656
4454 0 0.09037371481316091
4454 1 0.07771666402992514
4454 2 0.0774886018555014
4454 3 0.06312658146540653
4454 4 0.05342817826796775
4454 5 0.05088341305114955
4454 6 0.04668124714094592
4454 7 0.03726718222882677
4454 8 0.03301875650285552
4454 9 0.028832582711314333
4454 10 0.028125934033167845
4454 11 0.022879853245184614
4454 12 0.022800296321770202
4454 13 0.020974584144070916
4454 14 0.019913850944753883
4454 15 0.018799180656378815
4454 16 0.018317925026929797
4454 17 0.017027703604391098
4454 18 0.01564352989944147
4454 19 0.01219365660361156
4457 0 0.19624018976207946
4457 1 0.19296969397605684
4457 2 0.1845795773722384
4457 3 0.17436793619433363
4457 4 0.1696786048519245
4457 5 0.1111214949501999
4457 6 0.1040952468895781
4457 7 0.08161638687126087
4457 8 0.07969383164424217
4457 9 0.05995717669417015
4457 10 0.05472536959832171
4457 11 0.04889821731026643
4457 12 0.04705693554688186
4457 13 0.04559729160465632
4457 14 0.04415604671001671
4457 15 0.03466068569856823
4457 16 0.027562656075834992
4457 17 0.02471575148572622
4457 18 0.024680547320758393
4457 19 0.017962874716097164
4461 0 0.09470307823995408
4461 1 0.08269315180170696
4461 2 0.061221342545219784
4462 0 0.1953819045617536
4462 1 0.12703882527568905
4462 2 0.10835419821381975
4462 3 0.09130131805743671
4462 4 0.08685772736740656
4462 5 0.08428601058283074
4462 6 0.0794684782080113
4462 7 0.07500059187179427
4462 8 0.0699547860560625
4462 9 0.06847109168768148
4462 10 0.0682838718526396
4462 11 0.06539403300765043
4462 12 0.057492198530334285
4462 13 0.049727981534633786
4462 14 0.04749220864782952
4462 15 0.04076360111607626
4462 16 0.03570643218135151
4462 17 0.03516665007564161
4462 18 0.025787936460509135
4462 19 0.023921827112100367
4470 0 0.20708267267488864
4470 1 0.1607482647463397
4470 2 0.10298293637242817
4470 3 0.07852867432401991
4470 4 0.060036631756956144
4470 5 0.05695638144390116
4470 6 0.0454918281280796
4470 7 0.034251100339062555
4470 8 0.022686687767535494
4470 9 0.02082419258512782
4528 0 0.16769872095418287
4528 1 0.10718984823339316
4528 2 0.106522404579342
4528 3 0.07165735250661398
4528 4 0.050699879061810234
4528 5 0.029559079121539874
4528 6 0.02186312195103848
4528 7 0.021594785215920953
4528 8 0.014785529531613604
4528 9 0.014248503321794935
4533 0 0.17631007884293654
4533 1 0.17211157991535614
4533 2 0.16494462082810732
4533 3 0.15969870792153018
4533 4 0.1469706866885945
4533 5 0.13872824536029454
4533 6 0.11222066167366737
4533 7 0.08814726028754943
4533 8 0.08483475265122602
4533 9 0.08046778378946533
4533 10 0.06383233603359242
4533 11 0.0631456859921597
4533 12 0.05662146369764558
4533 13 0.04793715473586153
4533 14 0.047465030723119854
4533 15 0.04519014335500107
4533 16 0.031518847431475865
4533 17 0.02768393247182045
4533 18 0.022863485751243348
4533 19 0.0221040940169609
4534 0 0.17551571684587006
4534 1 0.15564136518924918
4534 2 0.14168931119286263
4534 3 0.13528668408037478
4534 4 0.1087041309712281
4534 5 0.08976021202078366
4534 6 0.07913177224183451
4534 7 0.049701871260214636
4534 8 0.04853139077900331
4534 9 0.03654191191875818
4534 10 0.03185916756365374
4534 11 0.031414926954788966
4534 12 0.030850592665013204
4534 13 0.029215563583722202
4534 14 0.024838210596786148
4534 15 0.0221040940169609
4534 16 0.020165539126048015
4534 17 0.01682967711119667
4534 18 0.016710983070772536
4534 19 0.016536371317959916
4536 0 0.13916611024834322
4536 1 0.09498264416620131
4536 2 0.09123942452151407
4536 3 0.08342340196472069
4536 4 0.07341884721701622
4536 5 0.06518550543818874
4536 6 0.06399925919526701
4536 7 0.0567896393677882
4536 8 0.04953331832848527
4536 9 0.04302901921836756
4536 10 0.03346258212397487
4536 11 0.03337707578533737
4536 12 0.03158922558048458
4536 13 0.029185893846232037
4536 14 0.02091058171587832
4536 15 0.019474746752392746
4536 16 0.016558942878695332
4536 17 0.015953864337550274
4536 18 0.015655676779380942
4536 19 0.013685513026421979
4540 0 0.06507252313818804
4540 1 0.061711107309758005
4540 2 0.0532060655087671
4540 3 0.052424998210017774
4540 4 0.04911552752946772
4540 5 0.045868625683080595
4540 6 0.04574708709029235
4540 7 0.04514278948063187
4540 8 0.036031454356186564
4540 9 0.03482115391449349
4540 10 0.03319823870275312
4540 11 0.0297537366687646
4540 12 0.025603793193707206
4540 13 0.025527578807951427
4540 14 0.02453216279345682
4540 15 0.023824570961343456
4540 16 0.020565119508273003
4540 17 0.019947016010845312
4540 18 0.018521510469605026
4540 19 0.017295804551016904
4541 0 0.16452945199711771
4541 1 0.12904923718103073
4541 2 0.09740393166567535
4541 3 0.06300213041316856
4541 4 0.04436348776610855
4541 5 0.0413948917922689
4541 6 0.04131137739480945
4541 7 0.027598429905798815
4541 8 0.027083639493903352
4541 9 0.025306720443526727
4541 10 0.02528282469462181
4541 11 0.024075280148819964
4541 12 0.023791038065204943
4541 13 0.023311246210712525
4541 14 0.02256900667447179
4541 15 0.019894570991362888
4541 16 0.01827345909000719
4541 17 0.01762886239764979
4541 18 0.015293723524664697
4541 19 0.015167194704237675
4545 0 0.08603636853119204
4545 1 0.07654973358024515
4545 2 0.07158576334791178
4545 3 0.07088955727048661
4545 4 0.05116009669887398
4545 5 0.04532056268554148
4545 6 0.04419154325271427
4545 7 0.04342742254444188
4545 8 0.0368458753518207
4545 9 0.03524650126309369
4545 10 0.0333074936582767
4545 11 0.03258350226498719
4545 12 0.02814210912369987
4545 13 0.02646975566732349
4545 14 0.02487578207821085
4545 15 0.021200199777104568
4545 16 0.020262814139884264
4545 17 0.01970312016762556
4545 18 0.018053870210821915
4545 19 0.017912900760007965
4549 0 0.1793256816104856
4549 1 0.1551170923073707
4549 2 0.07078529725837164
4549 3 0.06387341227515805
4549 4 0.06074435563062487
4549 5 0.05299604398342187
4549 6 0.052444789352858824
4549 7 0.05193679153583284
4549 8 0.05180176584131818
4549 9 0.051509640876847965
4549 10 0.04614149144354709
4549 11 0.03612891988712413
4549 12 0.029234847309729067
4549 13 0.028781767461886678
4549 14 0.02625587098332991
4549 15 0.025307938998451938
4549 16 0.025248327895129142
4549 17 0.024192272739487843
4549 18 0.020429312882273766
4549 19 0.0199601107605215
4551 0 0.15742333765858035
4551 1 0.1150500330315318
4551 2 0.1147576854827254
4551 3 0.09479106318721654
4551 4 0.09074223902156442
4551 5 0.0903552893572639
4551 6 0.06039329108845628
4551 7 0.05018291373686714
4551 8 0.04690934326891247
4551 9 0.03973589905498737
4551 10 0.03832417865212702
4551 11 0.03789438338941901
4551 12 0.034094001069107
4551 13 0.03357512302791907
4551 14 0.0329821168575501
4551 15 0.030071102319696508
4551 16 0.02564867411837524
4551 17 0.024808289980340792
4551 18 0.020667832747882295
4551 19 0.018508476081782722
4552 0 0.19697944138655313
4552 1 0.1524297523916869
4552 2 0.1419196218463434
4552 3 0.10200035102449903
4552 4 0.09654365452417142
4552 5 0.058721328097822184
4552 6 0.05236020730510887
4552 7 0.04706689525277213
4552 8 0.04101054523291698
4552 9 0.036563061203311535
4552 10 0.031140186204236312
4552 11 0.03042452097416644
4552 12 0.029721190311675444
4552 13 0.023042339810599
4552 14 0.02230723994988756
4552 15 0.020321548110017858
4552 16 0.020260522275744743
4552 17 0.01933315670626859
4552 18 0.018648432585236237
4552 19 0.01221937546913446
4554 0 0.1848354361803741
4554 1 0.17912319777164368
4554 2 0.17630930922929958
4554 3 0.0886002156390682
4554 4 0.07701849619224885
4554 5 0.07467902918570973
4554 6 0.07457546333491438
4554 7 0.05733893223810013
4554 8 0.04751942807131373
4554 9 0.04702576996720022
4554 10 0.045077157282384504
4554 11 0.04378007913050657
4554 12 0.041226795347059496
4554 13 0.030885578018260716
4554 14 0.028932511760413386
4554 15 0.027369211424611677
4554 16 0.026854888817083786
4554 17 0.025200785389966566
4554 18 0.020725431160639764
4554 19 0.014267074023402836
4560 0 0.17124529676939113
4560 1 0.1265139563205035
4560 2 0.0972344129442839
4560 3 0.0753411383609242
4560 4 0.06854204704691794
4560 5 0.06334928275268252
4560 6 0.04935510750013502
4560 7 0.04797185525661104
4560 8 0.04649599661138687
4560 9 0.04508609083675881
4560 10 0.037459996853200214
4560 11 0.03326525922363974
4560 12 0.031790272052680965
4560 13 0.02963741560372114
4560 14 0.026376534329236898
4560 15 0.021527217665733546
4560 16 0.019966827903073633
4560 17 0.018401946841223427
4560 18 0.017824372556060578
4560 19 0.01613052839339483
4659 0 0.1521602819855012
4659 1 0.08929209075347744
4659 2 0.04090120727984431
4659 3 0.040502702093141565
4659 4 0.03768879091510226
4659 5 0.035870503245430264
4659 6 0.03444260586572996
4659 7 0.030630075722324516
4659 8 0.02346317133800577
4659 9 0.017491427887903716
4662 0 0.15242259951200207
4662 1 0.10221942682792631
4662 2 0.09663220536381402
4662 3 0.09025917065019105
4662 4 0.0656821552266852
4662 5 0.05910055521744187
4662 6 0.057816696311563755
4662 7 0.054251623360757006
4662 8 0.05144192242202585
4662 9 0.051182883298713844
4662 10 0.043535636257986024
4662 11 0.03716291844409593
4662 12 0.03427555820773173
4662 13 0.027953270836450803
4662 14 0.027754557727168488
4662 15 0.024252266763321192
4662 16 0.022968381449132002
4662 17 0.021341955818326895
4662 18 0.02010487923551405
4662 19 0.014681579817153732
4664 0 0.08182523888568716
4664 1 0.05092415730251884
4664 2 0.05054172345941176
4664 3 0.04973688113546529
4664 4 0.04842262249092664
4664 5 0.047912353559148406
4664 6 0.0474549653839853
4664 7 0.04247478799388504
4664 8 0.042280071971114365
4664 9 0.03365326522038315
4664 10 0.03057657248409125
4664 11 0.02477708856080841
4664 12 0.02346714956143808
4664 13 0.023281589677377895
4664 14 0.021662664006917434
4664 15 0.02098243873030711
4664 16 0.020902996871676658
4664 17 0.017183278737536178
4664 18 0.015570968348999422
4664 19 0.01393900640440872
4665 0 0.1760128570744293
4665 1 0.13689600655714443
4665 2 0.12152146511221161
4665 3 0.10724070309528742
4665 4 0.08737808427401456
4665 5 0.07854081460188161
4665 6 0.06934664792344888
4665 7 0.06839085569341093
4665 8 0.061664689044123956
4665 9 0.057097190558540734
4665 10 0.05398546531130297
4665 11 0.0537638429921651
4665 12 0.05086662113792319
4665 13 0.04503993665423548
4665 14 0.03960775083919921
4665 15 0.03245217750663858
4665 16 0.029832971033522337
4665 17 0.029566909185772927
4665 18 0.022780701354954268
4665 19 0.018200017576914043
4666 0 0.1295561560299186
4666 1 0.12127538492440457
4666 2 0.10526700628756852
4666 3 0.089771907129973
4666 4 0.0635914922366095
4666 5 0.04477820388319406
4666 6 0.031135151648361097
4666 7 0.029453147840595585
4666 8 0.02571487220900274
4666 9 0.022826546182976457
4666 10 0.02117887317960544
4666 11 0.01833086132673955
4666 12 0.018317566628422384
4666 13 0.01798224521226898
4666 14 0.017672234275970818
4666 15 0.01726395046893944
4666 16 0.015225153401810493
4666 17 0.015087838672618212
4666 18 0.014688790229230543
4666 19 0.013670523480426328
4667 0 0.19426181491068484
4667 1 0.12595894416453637
4667 2 0.0724232463443441
4667 3 0.06405393948965095
4667 4 0.06399519231536183
4667 5 0.06263526615574676
4667 6 0.053887343345204466
4667 7 0.049468236932154554
4667 8 0.04409555281458091
4667 9 0.035965520348669795
4667 10 0.035647643508287835
4667 11 0.035286260861721555
4667 12 0.029401874218340025
4667 13 0.02861731724991324
4667 14 0.024684557611425576
4667 15 0.02326477135584046
4667 16 0.018017754959122077
4667 17 0.017676550148523266
4667 18 0.015353209188509897
4667 19 0.015346400560022977
4669 0 0.1046229226709691
4669 1 0.07861839467458144
4669 2 0.06263526615574676
4669 3 0.05029273081215498
4669 4 0.045807645120197894
4669 5 0.03809890444082938
4669 6 0.03774895659295757
4669 7 0.037411009436160374
4669 8 0.036365002642882234
4669 9 0.03627057029510216
4669 10 0.035660659033030805
4669 11 0.03136129167500033
4669 12 0.02829940456968054
4669 13 0.024888343002741783
4669 14 0.02477847688344766
4669 15 0.024684557611425576
4669 16 0.02033991320406098
4669 17 0.01883241174324793
4669 18 0.018332547686032333
4669 19 0.016365798150433482
4671 0 0.20672661318931143
4671 1 0.19745204452150997
4671 2 0.18284061272379704
4671 3 0.15364474596751918
4671 4 0.12547483455118358
4671 5 0.1159927644654364
4671 6 0.10535004156281279
4671 7 0.10103663630113925
4671 8 0.07014663866338973
4671 9 0.06887040798679575
4671 10 0.06454096156245348
4671 11 0.055648019397963454
4671 12 0.05500949661715277
4671 13 0.05209881784211139
4671 14 0.051657312379750575
4671 15 0.04267939581546036
4671 16 0.033321259933577305
4671 17 0.031013043390576853
4671 18 0.02677059726075563
4671 19 0.019278116127069304
4672 0 0.1350224953364036
4672 1 0.10656255275740424
4672 2 0.08640427403059328
4672 3 0.0840196563573516
4672 4 0.07306071279271188
4672 5 0.0635947668671825
4672 6 0.061092854794003545
4672 7 0.05254724228197325
4672 8 0.041434790977683864
4672 9 0.03321163148908284
4672 10 0.0319830640413592
4672 11 0.02770978054943681
4672 12 0.02599500968655389
4672 13 0.025787936460509135
4672 14 0.024804583385250947
4672 15 0.02427092612140198
4672 16 0.02368395236380519
4672 17 0.021914172988957856
4672 18 0.021169584999339585
4672 19 0.019646225347727385
4674 0 0.06357469655076727
4674 1 0.05290991139055036
4674 2 0.05253319683309845
4674 3 0.03501066749998284
4674 4 0.03137977183382742
4674 5 0.02713404541450938
4674 6 0.025708283335390103
4674 7 0.021570883808092235
4674 8 0.020572979753432998
4674 9 0.014228170808576898
4675 0 0.18786113446798464
4675 1 0.15080840281553157
4675 2 0.142212135390248
4675 3 0.1012545425936476
4675 4 0.10119387138526605
4675 5 0.07399339397794538
4675 6 0.06646086086790146
4675 7 0.05162887062872529
4675 8 0.05069824551913959
4675 9 0.04405092276886807
4675 10 0.04238951178481545
4675 11 0.03986740489889762
4675 12 0.03645945008112577
4675 13 0.03225759729803914
4675 14 0.03104640840530926
4675 15 0.029754634551341072
4675 16 0.028719947491973444
4675 17 0.02443075676524563
4675 18 0.021974353757276646
4675 19 0.016713667286962282
4679 0 0.20409652649203325
4679 1 0.1615408460687167
4679 2 0.15944217004253836
4679 3 0.15869926652590494
4679 4 0.13138429022700482
4679 5 0.10463860166251454
4679 6 0.09441915871499573
4679 7 0.09152464182633084
4679 8 0.07267752819904716
4679 9 0.06988600372356575
4679 10 0.05968445806572249
4679 11 0.058406344853810625
4679 12 0.04470305337511292
4679 13 0.03611939403205862
4679 14 0.03323971484160071
4679 15 0.027060962299923646
4679 16 0.023126223924413464
4679 17 0.020182153726328603
4679 18 0.017406002660507368
4679 19 0.014052084906114043
4683 0 0.1921783349812209
4683 1 0.18515962460710242
4683 2 0.16850175996774466
4683 3 0.1428329721478717
4683 4 0.1424387488801786
4683 5 0.1091823251229006
4683 6 0.10598501808470799
4683 7 0.10113818757506135
4683 8 0.07148004710607195
4683 9 0.058163128081447024
4683 10 0.050082199983667634
4683 11 0.045054623447807765
4683 12 0.04154013373055282
4683 13 0.038115934028855394
4683 14 0.03442134340270058
4683 15 0.0342075983054941
4683 16 0.02032414555604265
4683 17 0.01922988323320297
4683 18 0.0183565132283308
4683 19 0.018326439820942807
4686 0 0.16085949655257784
4686 1 0.1567934768038015
4686 2 0.11973589356734281
4686 3 0.07501815717127347
4686 4 0.05744727799319964
4686 5 0.05605204392168039
4686 6 0.04890187297504206
4686 7 0.047667122209911546
4686 8 0.03912206049979791
4686 9 0.03732465425895268
4686 10 0.03535882712793344
4686 11 0.03359319385792452
4686 12 0.03257047919501249
4686 13 0.028463939665510994
4686 14 0.02366042821756322
4686 15 0.023341538429820834
4686 16 0.02277446144830938
4686 17 0.020779117370742606
4686 18 0.01987104684512092
4686 19 0.015355625548973047
4687 0 0.14570255959088396
4687 1 0.10569728821772345
4687 2 0.10487953600227828
4687 3 0.10418395617908713
4687 4 0.09811400587902955
4687 5 0.09803004254028186
4687 6 0.07986242230213021
4687 7 0.07533494372566972
4687 8 0.06505311680216548
4687 9 0.0621925459110766
4687 10 0.062165258580506776
4687 11 0.04979369673043024
4687 12 0.048479498447745475
4687 13 0.04457134380994582
4687 14 0.041185715332877994
4687 15 0.034342556092923145
4687 16 0.03356701567641975
4687 17 0.023934497442491456
4687 18 0.02153161087691128
4687 19 0.019758185268827985
4689 0 0.16277550251845052
4689 1 0.13263497274894392
4689 2 0.12322098328914212
4689 3 0.1037321477027921
4689 4 0.10141403370206319
4689 5 0.06610414494716331
4689 6 0.06403331837131905
4689 7 0.06025944622270815
4689 8 0.05051917076175569
4689 9 0.05046799145489682
4689 10 0.04251506821350262
4689 11 0.03500686847580424
4689 12 0.03237020233645308
4689 13 0.032232905527186176
4689 14 0.02686057414919615
4689 15 0.026286847932218176
4689 16 0.02309474710392275
4689 17 0.02161006619649237
4689 18 0.018908031942004574
4689 19 0.01792048560420963
4690 0 0.12234121681406655
4690 1 0.12062662326412942
4690 2 0.08263528741953083
4690 3 0.07926996316106204
4690 4 0.07111426181678826
4690 5 0.06248559516643436
4690 6 0.05429028512816742
4690 7 0.04921968568095427
4690 8 0.0470239591115838
4690 9 0.046851644881834506
4690 10 0.04268065586916012
4690 11 0.04019622609791128
4690 12 0.03986828769101062
4690 13 0.039000650175949156
4690 14 0.036224340660261485
4690 15 0.03332205972814122
4690 16 0.032346287724468833
4690 17 0.028850087648939655
4690 18 0.022844628330829512
4690 19 0.019802319215554247
4698 0 0.12447213361544877
4698 1 0.09705101854173166
4698 2 0.07581400557899177
4698 3 0.03445114706805404
4698 4 0.03062381883890822
4698 5 0.02605442838646744
4698 6 0.0252012230134072
4698 7 0.02183949594416809
4698 8 0.01864176260038245
4698 9 0.017432211022939077
4733 0 0.20021299571800094
4733 1 0.1062941764098201
4733 2 0.07961717963504575
4733 3 0.06990524406449014
4733 4 0.0492101560532729
4733 5 0.03581945598012675
4733 6 0.0323971652220583
4733 7 0.0239105715126596
4733 8 0.022937508247180095
4733 9 0.019242587517136867
4738 0 0.07237067871484598
4738 1 0.06943549302712915
4738 2 0.031034432236237797
4738 3 0.02470871367082535
4738 4 0.021070484039423455
4738 5 0.018218322309103283
4738 6 0.01710628907921962
4738 7 0.015448300800912815
4738 8 0.014808998031771523
4738 9 0.01280066955354269
4796 0 0.13540422370034344
4796 1 0.10041915717163763
4796 2 0.07206471202275781
4796 3 0.0555019323937252
4796 4 0.043192271624803054
4796 5 0.026249917795490955
4796 6 0.02217353655723447
4796 7 0.02144406543939738
4796 8 0.02043640162748885
4796 9 0.017920540307139708
4799 0 0.10985667266398932
4799 1 0.10045887527149096
4799 2 0.06438194580363722
4799 3 0.06238583588504935
4799 4 0.04135816537679852
4799 5 0.03670685068448646
4799 6 0.030631854510706054
4799 7 0.02898594143263724
4799 8 0.024982130233208503
4799 9 0.01640690645923399
4800 0 0.18140623399003633
4800 1 0.1659646003445154
4800 2 0.1656341342849835
4800 3 0.13179915724872504
4800 4 0.10758303780433856
4800 5 0.09789287777257032
4800 6 0.08515044514702068
4800 7 0.06557114977739908
4800 8 0.05597923998066885
4800 9 0.055963225226311204
4800 10 0.053109445043783864
4800 11 0.05116097949098698
4800 12 0.04513653825613938
4800 13 0.04500937092047678
4800 14 0.03183546799077394
4800 15 0.02790754295952051
4800 16 0.02499616247792777
4800 17 0.024138729888787964
4800 18 0.019423588194921144
4800 19 0.019084539434290625
4803 0 0.08241555518094258
4803 1 0.07827332104641048
4803 2 0.05937429622478963
4803 3 0.04917709284780989
4803 4 0.04721574003920954
4803 5 0.0317654293771933
4803 6 0.031279535316535156
4803 7 0.030869682101302892
4803 8 0.030377431182907966
4803 9 0.028833165580465864
4803 10 0.02834514565076637
4803 11 0.025439656108850774
4803 12 0.024266206578951705
4803 13 0.02309569780312137
4803 14 0.022224455553598484
4803 15 0.02158817747922898
4803 16 0.019049408835332213
4803 17 0.01718553098920909
4803 18 0.01713755651952968
4803 19 0.016903950486088608
4804 0 0.07610353121112926
4804 1 0.0634404140615785
4804 2 0.051283910179030355
4804 3 0.04722194221969576
4804 4 0.03928754629482698
4804 5 0.035312276820744025
4804 6 0.03361269450934377
4804 7 0.029770383336280064
4804 8 0.02834514565076637
4804 9 0.023058963842419258
4804 10 0.02297941257792865
4804 11 0.022871694963371086
4804 12 0.022259827599972415
4804 13 0.021814332596331688
4804 14 0.021588864095316868
4804 15 0.02123105977490094
4804 16 0.019049408835332213
4804 17 0.01790089818262543
4804 18 0.017843854344400487
4804 19 0.017233182900231823
4805 0 0.0567263688270739
4805 1 0.052560669021845786
4805 2 0.050730490066959344
4805 3 0.04844581276066433
4805 4 0.04041450965200639
4805 5 0.04016390609777417
4805 6 0.034998002828515555
4805 7 0.03491575225737173
4805 8 0.032545753470616716
4805 9 0.030020047509161266
4805 10 0.029647147066351427
4805 11 0.02737144292689732
4805 12 0.027245658254950168
4805 13 0.026832779401792142
4805 14 0.025553679650830913
4805 15 0.025006965363464435
4805 16 0.02302342957356302
4805 17 0.020785291256609814
4805 18 0.020166987810541145
4805 19 0.018655402493051493
4807 0 0.12093834696803143
4807 1 0.09263639399633238
4807 2 0.0741415521482949
4807 3 0.06778928945763853
4807 4 0.06657397898207339
4807 5 0.05608574092660914
4807 6 0.05511025186912682
4807 7 0.050522000223656334
4807 8 0.040788613559277966
4807 9 0.03985738483115347
4807 10 0.037227166092319915
4807 11 0.03675667939486475
4807 12 0.03661771886200026
4807 13 0.03338800882612146
4807 14 0.030816314677240855
4807 15 0.029004976165996846
4807 16 0.028996325557812605
4807 17 0.02896167785368524
4807 18 0.020951065656752754
4807 19 0.01867331298688258
4808 0 0.17990868657618975
4808 1 0.13836299578246405
4808 2 0.13494477944953254
4808 3 0.11077814918009626
4808 4 0.10252245842486955
4808 5 0.10235832699893693
4808 6 0.08622343746159923
4808 7 0.06515020129890042
4808 8 0.05245969873076729
4808 9 0.03932250335345549
4808 10 0.03837031397157101
4808 11 0.03675667939486475
4808 12 0.03007832122015902
4808 13 0.028996325557812605
4808 14 0.025796834175032698
4808 15 0.023278677217928163
4808 16 0.02326687081657074
4808 17 0.023023320167702862
4808 18 0.021529473690022324
4808 19 0.019562329916065317
4809 0 0.18382013470764175
4809 1 0.17442650228306114
4809 2 0.1670668530677625
4809 3 0.09521814593911582
4809 4 0.09282179543052613
4809 5 0.09232193137331053
4809 6 0.07846630543849796
4809 7 0.07204553958891904
4809 8 0.070336695505564
4809 9 0.06118332212250684
4809 10 0.06100226674179249
4809 11 0.05844901691188822
4809 12 0.04452686844148354
4809 13 0.04452478595752467
4809 14 0.04408030390124437
4809 15 0.041085884371791496
4809 16 0.0247997091655501
4809 17 0.020755783741601953
4809 18 0.020397932263487677
4809 19 0.01764311722670524
4810 0 0.08223798569728982
4810 1 0.08015317780704051
4810 2 0.07399074560160637
4810 3 0.06778681462162943
4810 4 0.06374877259212669
4810 5 0.05706281071013996
4810 6 0.03955222547886094
4810 7 0.037186331298169804
4810 8 0.03675667939486475
4810 9 0.03620061090645474
4810 10 0.03456451417487323
4810 11 0.03450789475593338
4810 12 0.03058319342493876
4810 13 0.029843617355500496
4810 14 0.02666768407250536
4810 15 0.02578094768961454
4810 16 0.02432482548430134
4810 17 0.023185563399393795
4810 18 0.02034280491412344
4810 19 0.016138164167910706
4812 0 0.16790514340399046
4812 1 0.1385582361988403
4812 2 0.08259190233705427
4812 3 0.08184485648819831
4812 4 0.07559225876353026
4812 5 0.06544875102819304
4812 6 0.06544875102819304
4812 7 0.06312216750484154
4812 8 0.056919711617668796
4812 9 0.05466272908445729
4812 10 0.04636015980446069
4812 11 0.04259408942546384
4812 12 0.03633501789196713
4812 13 0.03521893853156554
4812 14 0.029929448139102605
4812 15 0.029392665263007392
4812 16 0.024390393548078957
4812 17 0.016117039405360488
4812 18 0.016054421527191273
4812 19 0.013681676276084704
4813 0 0.13540422370034344
4813 1 0.10412763856941669
4813 2 0.10041915717163763
4813 3 0.089744140677188
4813 4 0.07869166641996055
4813 5 0.07206471202275781
4813 6 0.06306391454323104
4813 7 0.0555019323937252
4813 8 0.05252167903685489
4813 9 0.04724138250926112
4813 10 0.043192271624803054
4813 11 0.04053192100303556
4813 12 0.029886291299886028
4813 13 0.02931652632956896
4813 14 0.026249917795490955
4813 15 0.02600028191722876
4813 16 0.02217353655723447
4813 17 0.02144406543939738
4813 18 0.020493668050049978
4813 19 0.02043640162748885
4816 0 0.14784991745221687
4816 1 0.14784991745221687
4816 2 0.13260174354838272
4816 3 0.09890676074173646
4816 4 0.08393677953197376
4816 5 0.06273655711917399
4816 6 0.05340405616211078
4816 7 0.044712156697201265
4816 8 0.0438638047944546
4816 9 0.0414172558591316
4816 10 0.0414172558591316
4816 11 0.03957127341637609
4816 12 0.033373476709799746
4816 13 0.033373476709799746
4816 14 0.03044929196995262
4816 15 0.03044929196995262
4816 16 0.01821189943058882
4816 17 0.01821189943058882
4816 18 0.01640690645923399
4816 19 0.016342475839140433
4817 0 0.1659646003445154
4817 1 0.1656341342849835
4817 2 0.13179915724872504
4817 3 0.12926364248601402
4817 4 0.10758303780433856
4817 5 0.10648259593670786
4817 6 0.09789287777257032
4817 7 0.0885208548916789
4817 8 0.06557114977739908
4817 9 0.05597923998066885
4817 10 0.055963225226311204
4817 11 0.053109445043783864
4817 12 0.05116097949098698
4817 13 0.04513653825613938
4817 14 0.03183546799077394
4817 15 0.02790754295952051
4817 16 0.02790754295952051
4817 17 0.024138729888787964
4817 18 0.019423588194921144
4817 19 0.019084539434290625
4822 0 0.053211384897140314
4822 1 0.050990178080200566
4822 2 0.04532639137705681
4822 3 0.04499853974032111
4822 4 0.04469443294785563
4822 5 0.03817516409797557
4822 6 0.031937132443172055
4822 7 0.027749102524624043
4822 8 0.02753387478938163
4822 9 0.02423069305948274
4822 10 0.023248294456039036
4822 11 0.02185251524152693
4822 12 0.019443054892797584
4822 13 0.018589955152981636
4822 14 0.018121179336822398
4822 15 0.018070869617920992
4822 16 0.01783223280122057
4822 17 0.01703354361375403
4822 18 0.016915928541468006
4822 19 0.015716070700496246
4826 0 0.07690137910525735
4826 1 0.0765398644171357
4826 2 0.07598516916090146
4826 3 0.06298704372231431
4826 4 0.06212367680841489
4826 5 0.05150499678671504
4826 6 0.04110265742193852
4826 7 0.040995186913720276
4826 8 0.0402388491119826
4826 9 0.03669132637019158
4826 10 0.030242935540922694
4826 11 0.027950369694848678
4826 12 0.022086308019453445
4826 13 0.021054063728860043
4826 14 0.020130553772800503
4826 15 0.017738089058554368
4826 16 0.017555154915137983
4826 17 0.016509991301506235
4826 18 0.01595282498187877
4826 19 0.015091479246930375
4828 0 0.05830472567280291
4828 1 0.04421514473758152
4828 2 0.040175469165408144
4828 3 0.03233750130211336
4828 4 0.031358567846343985
4828 5 0.027638945913908124
4828 6 0.0276024458553898
4828 7 0.02732950652891389
4828 8 0.026866793306453765
4828 9 0.023524697043881337
4828 10 0.023400713796010927
4828 11 0.022989540165225027
4828 12 0.022989540165225027
4828 13 0.02158994683607085
4828 14 0.019915365650024695
4828 15 0.018206410274501567
4828 16 0.017710392399162916
4828 17 0.015553959510360676
4828 18 0.01454844797580457
4828 19 0.014260037151655932
4829 0 0.19446272934132586
4829 1 0.06114162339932307
4829 2 0.05247680754372652
4829 3 0.05004105583501638
4829 4 0.048866440566814245
4829 5 0.04673192846251027
4829 6 0.04128534257270765
4829 7 0.03951844170376724
4829 8 0.03923735164070954
4829 9 0.03581432144993105
4829 10 0.034802136157905283
4829 11 0.03059946283086747
4829 12 0.026295308023301107
4829 13 0.02316912045313518
4829 14 0.021816401876135025
4829 15 0.020860090911415274
4829 16 0.020536960703437784
4829 17 0.01831205106402406
4829 18 0.014188748859069174
4829 19 0.014158187841080305
4831 0 0.09754048526961635
4831 1 0.07144509759267517
4831 2 0.055746446945947235
4831 3 0.05072755874443027
4831 4 0.028069689989506822
4831 5 0.028019146368421628
4831 6 0.028001152877041458
4831 7 0.027950814863521044
4831 8 0.026978719274011558
4831 9 0.026696686056986975
4831 10 0.02580057472366535
4831 11 0.02194655335094884
4831 12 0.020703934795426596
4831 13 0.020050206486361844
4831 14 0.01939608393893894
4831 15 0.019254684409916095
4831 16 0.01753737080393846
4831 17 0.017454929715693325
4831 18 0.01738622660812979
4831 19 0.014659108230738807
4876 0 0.11477187806361903
4876 1 0.11423294479647933
4876 2 0.10489020495995166
4876 3 0.097498888407061
4876 4 0.08716110604500961
4876 5 0.0853920208314819
4876 6 0.0732320951863419
4876 7 0.06577878700951605
4876 8 0.06553342361872382
4876 9 0.059750882513302045
4876 10 0.05495428438393151
4876 11 0.029460621392629154
4876 12 0.024655998909308394
4876 13 0.0246488648927029
4876 14 0.0246488648927029
4876 15 0.021741845555053024
4876 16 0.021396605931783892
4876 17 0.021376954375729944
4876 18 0.020852059012233307
4876 19 0.017935455343971975
4878 0 0.12704492182293098
4878 1 0.10850077943073665
4878 2 0.06777401790860678
4878 3 0.04481782389503483
4878 4 0.03977050148772432
4878 5 0.03686336519898255
4878 6 0.034215339713254266
4878 7 0.031930024834877634
4878 8 0.02914020935438422
4878 9 0.016795823542709417
4881 0 0.2014362286868879
4881 1 0.18008461119932426
4881 2 0.14697476111373142
4881 3 0.13755844772255524
4881 4 0.12465368698145765
4881 5 0.11011989561829842
4881 6 0.08751002774136545
4881 7 0.08555486202278784
4881 8 0.07265579793165021
4881 9 0.05673490248416625
4881 10 0.04274600889383329
4881 11 0.03074365786824815
4881 12 0.030291949366273607
4881 13 0.03012489793565951
4881 14 0.024962273069589775
4881 15 0.02326455065781221
4881 16 0.02321856058407912
4881 17 0.022707493744044908
4881 18 0.016922855064200788
4881 19 0.016032255522661618
4886 0 0.15039854582768342
4886 1 0.14512605861493544
4886 2 0.11641005350654356
4886 3 0.0891707257010191
4886 4 0.08301583872732002
4886 5 0.08129999266891484
4886 6 0.07265623555509083
4886 7 0.07199792163143912
4886 8 0.07080741233258708
4886 9 0.05723228793275688
4886 10 0.05686217168045728
4886 11 0.055740203266686474
4886 12 0.04413392409056953
4886 13 0.0325877766387651
4886 14 0.02586729154897463
4886 15 0.025567851482337277
4886 16 0.024814139421243393
4886 17 0.02308777908241543
4886 18 0.022958163319054804
4886 19 0.021227062688389295
4890 0 0.14404852407085236
4890 1 0.13772835125076519
4890 2 0.09569000209613089
4890 3 0.09396261937840282
4890 4 0.09396261937840282
4890 5 0.07083831005654213
4890 6 0.056728911570168614
4890 7 0.055424959712180054
4890 8 0.04377784574191299
4890 9 0.043526102857688785
4890 10 0.036717270649512565
4890 11 0.02462632917181823
4890 12 0.01564614243592973
4891 0 0.20857949574648865
4891 1 0.19427553214197915
4891 2 0.16861119600882987
4891 3 0.15451637113755262
4891 4 0.13002762738011517
4891 5 0.11753626234054945
4891 6 0.11234347541061884
4891 7 0.08893435622645506
4891 8 0.0842250677461067
4891 9 0.08421720561463879
4891 10 0.05963109064166046
4891 11 0.051349934729327945
4891 12 0.04804722080379663
4891 13 0.047571146862241655
4891 14 0.033821403164367096
4891 15 0.030749805345804286
4891 16 0.025835135657627763
4891 17 0.025110285994228397
4891 18 0.024047906048085186
4891 19 0.023650453421209482
4893 0 0.20236121373575164
4893 1 0.18206822244154303
4893 2 0.15878436164941287
4893 3 0.13537983751137575
4893 4 0.11547195484492428
4893 5 0.10333265031811618
4893 6 0.07577124675074921
4893 7 0.06982275959116253
4893 8 0.0616055495177846
4893 9 0.05721153854548548
4893 10 0.054432946597197954
4893 11 0.05001013170275027
4893 12 0.03707904564812907
4893 13 0.03213902398132276
4893 14 0.03130431385755308
4893 15 0.031243084302023112
4893 16 0.029663274999185103
4893 17 0.028686161830571807
4893 18 0.02173964989261812
4893 19 0.021697956828358147
4897 0 0.15822702556207138
4897 1 0.113104811928381
4897 2 0.10355463103576149
4897 3 0.07282841774328477
4897 4 0.0553826535978416
4897 5 0.05224241869249294
4897 6 0.04612705741523793
4897 7 0.041118113829147776
4897 8 0.03576932168786319
4897 9 0.03576932168786319
4897 10 0.03549110635809654
4897 11 0.0320454970613509
4897 12 0.028685705344051834
4897 13 0.028207590417312536
4897 14 0.02715111084238614
4897 15 0.02549360828837228
4897 16 0.022224165062176685
4897 17 0.020068877162290236
4897 18 0.017547532344777645
4897 19 0.01402323665572903
4898 0 0.13206197276052045
4898 1 0.13121413016091588
4898 2 0.1303842301223773
4898 3 0.10848835997930074
4898 4 0.07025981713941554
4898 5 0.06764576405957434
4898 6 0.06549963607101425
4898 7 0.05147053016814931
4898 8 0.05120597170782311
4898 9 0.04633086544224935
4898 10 0.03218419728372053
4898 11 0.026425055828217095
4898 12 0.025849166016039097
4898 13 0.025107894155768383
4898 14 0.024005250966778992
4898 15 0.023966758967082613
4898 16 0.023671251852487158
4898 17 0.023596961500823816
4898 18 0.021205807770591646
4898 19 0.017470406872289856
4899 0 0.1303842301223773
4899 1 0.06813802252320099
4899 2 0.05932214358303694
4899 3 0.05932214358303694
4899 4 0.05828293504355208
4899 5 0.05828293504355208
4899 6 0.04843673961950292
4899 7 0.029622210075467073
4899 8 0.029622210075467073
4899 9 0.027539186632523107
4899 10 0.026425055828217095
4899 11 0.026425055828217095
4899 12 0.02536061226119435
4899 13 0.025107894155768383
4899 14 0.023799215210097806
4899 15 0.0224015364834964
4899 16 0.0224015364834964
4899 17 0.0206184510924843
4899 18 0.0206184510924843
4899 19 0.017470406872289856
4907 0 0.1867608133240617
4907 1 0.16970179889427806
4907 2 0.14226591780205544
4907 3 0.12565570130110457
4907 4 0.06712913449744345
4907 5 0.04502649859651535
4907 6 0.04332227219498217
4907 7 0.024996181341007107
4907 8 0.02024085940184319
4907 9 0.017791235784588154
4974 0 0.1523853260672309
4974 1 0.13092839223510938
4974 2 0.10464837273761143
4974 3 0.0767867519447384
4974 4 0.07466263339714946
4974 5 0.07272547060149169
4974 6 0.025390627193036395
4974 7 0.017223709861788464
4974 8 0.016687394790060824
4974 9 0.01623523734679804
4978 0 0.18667354517381407
4978 1 0.049581143779837904
4978 2 0.04744496417932048
4978 3 0.04346060270099678
4978 4 0.030548523085116186
4978 5 0.029733424904933834
4978 6 0.025948955478351052
4978 7 0.02540238455038754
4978 8 0.020823673850446034
4978 9 0.016532119579877214
4979 0 0.17930094834085808
4979 1 0.17655359365195367
4979 2 0.13221367718978544
4979 3 0.07097903617363262
4979 4 0.06732818525584591
4979 5 0.06041484027029159
4979 6 0.05859168215353462
4979 7 0.05609962415300164
4979 8 0.055488200071967406
4979 9 0.048554984718638824
4979 10 0.03445726247837531
4979 11 0.030412725890656616
4979 12 0.02824171561414225
4979 13 0.022369729559117278
4979 14 0.021813844042576844
4979 15 0.021108528984139528
4979 16 0.019820772966070255
4979 17 0.01772849718271118
4979 18 0.01674262588636142
4979 19 0.015203921119708051
4986 0 0.1846956984886409
4986 1 0.17533199045312148
4986 2 0.1599830726151609
4986 3 0.14937633292268176
4986 4 0.12978233189640856
4986 5 0.12978233189640856
4986 6 0.12363503542583494
4986 7 0.1213224671704313
4986 8 0.10417874996918994
4986 9 0.10396618570075
4986 10 0.08138963002192728
4986 11 0.0789069017004347
4986 12 0.06640461871054835
4986 13 0.06346072582540928
4986 14 0.055826973431639594
4986 15 0.051861576893281955
4986 16 0.040885064256547164
4986 17 0.03842305136878317
4986 18 0.020279689050659713
4986 19 0.019716141351292328
4987 0 0.19445376560602462
4987 1 0.13998072364738656
4987 2 0.1378638334317998
4987 3 0.1340746180544557
4987 4 0.12978350895255925
4987 5 0.12954695084720183
4987 6 0.12848127740740625
4987 7 0.09257750346264028
4987 8 0.09033964809187714
4987 9 0.08052383731602504
4987 10 0.07504327524771948
4987 11 0.06610372241418615
4987 12 0.047875200838085
4987 13 0.04750479409436359
4987 14 0.04330907181206169
4987 15 0.03740038197726155
4987 16 0.03585423949842535
4987 17 0.02641666175791185
4987 18 0.02065333647141132
4987 19 0.01858788210056243
4988 0 0.1991236906124112
4988 1 0.19631319742434786
4988 2 0.16752238888853466
4988 3 0.15801918460869757
4988 4 0.15667115350691282
4988 5 0.15349059688317204
4988 6 0.15220375761075858
4988 7 0.14075818432536655
4988 8 0.12808249681974518
4988 9 0.0835941581041167
4988 10 0.08012988567667441
4988 11 0.07761728578274274
4988 12 0.06169546227175537
4988 13 0.05647658770310081
4988 14 0.0561631889577536
4988 15 0.05033867750080559
4988 16 0.048382044234655516
4988 17 0.04094177044565196
4988 18 0.02875871300632022
4988 19 0.02426759867420682
4989 0 0.19126748969662866
4989 1 0.13147893761388935
4989 2 0.12140623433315387
4989 3 0.11392454853977248
4989 4 0.08613843288087211
4989 5 0.0797309466391469
4989 6 0.07950065107612958
4989 7 0.0710923580090614
4989 8 0.0710923580090614
4989 9 0.06946756026200313
4989 10 0.05363772821632954
4989 11 0.04917139619784993
4989 12 0.044635576367706334
4989 13 0.04421612939032295
4989 14 0.043098744704831195
4989 15 0.03702329015822289
4989 16 0.0350664607160477
4989 17 0.024148783910074925
4989 18 0.019568268013440807
4989 19 0.01602934306321189
4990 0 0.19557107861181489
4990 1 0.18753546717583622
4990 2 0.15746720563588795
4990 3 0.1524796263734556
4990 4 0.11800069398953723
4990 5 0.11455250799615407
4990 6 0.07969539350721132
4990 7 0.07805212503286564
4990 8 0.07783745564477161
4990 9 0.07678884951916075
4990 10 0.06795059896690225
4990 11 0.059511445902037705
4990 12 0.0474808719371476
4990 13 0.04393718594569387
4990 14 0.03973981125764199
4990 15 0.030960617234173763
4990 16 0.02722810238701063
4990 17 0.018533911057961587
4990 18 0.017974683003762523
4990 19 0.01425301159775663
4993 0 0.2000621212642268
4993 1 0.18394627589178839
4993 2 0.16976258328113566
4993 3 0.1373147820089034
4993 4 0.1295561560299186
4993 5 0.11371710748368064
4993 6 0.09676946821953812
4993 7 0.09602708532389442
4993 8 0.07868793907548344
4993 9 0.07714871180153242
4993 10 0.05217167837236094
4993 11 0.04891895915230609
4993 12 0.045425637582683843
4993 13 0.03969901418965055
4993 14 0.0361672383464906
4993 15 0.030960617234173763
4993 16 0.030944825064152293
4993 17 0.018952256431511657
4993 18 0.018484625604268216
4993 19 0.018315193653041708
4995 0 0.09855509258102907
4995 1 0.0752219161542786
4995 2 0.06425001742674981
4995 3 0.06175329647300456
4995 4 0.05839598902325426
4995 5 0.057911106023648615
4995 6 0.05095268205109321
4995 7 0.036602413359425705
4995 8 0.03540585655733803
4995 9 0.03349993856629512
4995 10 0.03205953873760984
4995 11 0.030371449700450002
4995 12 0.027553982831955547
4995 13 0.023701278102176804
4995 14 0.02304192859546944
4995 15 0.02255892247225789
4995 16 0.022153254974330645
4995 17 0.020050751629354702
4995 18 0.019463659034358084
4995 19 0.016396597786375974
5005 0 0.20956371086447256
5005 1 0.20683497780749027
5005 2 0.19976957753939528
5005 3 0.19845261770189548
5005 4 0.1932422579272539
5005 5 0.18795688345870246
5005 6 0.178839315972844
5005 7 0.167154951193501
5005 8 0.1559488937443065
5005 9 0.10644807650152
5005 10 0.0946886593021084
5005 11 0.08646005592881054
5005 12 0.0855389038576682
5005 13 0.08378621443270076
5005 14 0.07488948078926387
5005 15 0.06317694965985389
5005 16 0.05313285789785774
5005 17 0.043469234446101686
5005 18 0.033178398515905795
5005 19 0.02406541475832638
5007 0 0.16207669333607674
5007 1 0.1612747408358848
5007 2 0.1291305747791346
5007 3 0.12095405614050382
5007 4 0.09907501186419644
5007 5 0.08322863689794374
5007 6 0.07281808832103949
5007 7 0.0700866012544739
5007 8 0.05835834208951221
5007 9 0.04480581188611262
5007 10 0.03935190334891113
5007 11 0.03720557541171006
5007 12 0.035997621537086584
5007 13 0.030258859752499527
5007 14 0.02971810053927994
5007 15 0.027868964189659177
5007 16 0.02544277040324942
5007 17 0.02376184744992995
5007 18 0.023108232319341226
5007 19 0.022578583459851507
5009 0 0.1670257013738795
5009 1 0.15681899477752947
5009 2 0.12168926352076748
5009 3 0.10008079879971088
5009 4 0.07912988593390076
5009 5 0.059847665200767584
5009 6 0.05000931681772288
5009 7 0.046402522508037156
5009 8 0.039603484010653035
5009 9 0.025787936460509135
5095 0 0.19926545042624938
5095 1 0.07242473275499592
5095 2 0.05784682819449769
5095 3 0.04480139792554762
5095 4 0.035618092608197496
5095 5 0.0314352368323118
5095 6 0.030294426088590638
5095 7 0.029241007991440738
5095 8 0.020037030625444506
5095 9 0.01961075709964883
5100 0 0.05682812004963698
5100 1 0.04215919358610293
5100 2 0.03861281771953565
5100 3 0.03440200120114777
5100 4 0.030508535243228333
5100 5 0.028592419871495495
5100 6 0.02855022504932514
5100 7 0.026270944470028618
5100 8 0.025581163157425847
5100 9 0.02435746992940305
5100 10 0.02276913451470443
5100 11 0.02217823912291334
5100 12 0.022001343051192935
5100 13 0.021770300510233848
5100 14 0.021573015336057388
5100 15 0.020349557896526312
5100 16 0.017117363593098744
5100 17 0.01702497788942681
5100 18 0.016121066672799073
5100 19 0.014518156699850229
5103 0 0.1446666747259784
5103 1 0.06298335410399587
5103 2 0.044489459182541144
5103 3 0.038391331214569
5103 4 0.037603160080141126
5103 5 0.0310766968518017
5103 6 0.0266675633487976
5103 7 0.02223538104915084
5103 8 0.022231936650863787
5103 9 0.02182796117115313
5103 10 0.019734381949011823
5103 11 0.017205672985325816
5103 12 0.01713613047073176
5103 13 0.017022855793001324
5103 14 0.016105489541882054
5103 15 0.015554900778019626
5103 16 0.013869727029771422
5103 17 0.013432556303042392
5103 18 0.013031864885444415
5103 19 0.012157244258412157
5105 0 0.12707792466654008
5105 1 0.08924151506515737
5105 2 0.08203762206856546
5105 3 0.06177375159623829
5105 4 0.04349119107045069
5105 5 0.04334608117372213
5105 6 0.03739598310716001
5105 7 0.036172425693308446
5105 8 0.03532187812812688
5105 9 0.0348982473197464
5105 10 0.029769551474481272
5105 11 0.02851983662851221
5105 12 0.02776532854547028
5105 13 0.027581656855651792
5105 14 0.027306337008563473
5105 15 0.025277063910192098
5105 16 0.02067021138218677
5105 17 0.02054008065676023
5105 18 0.017428485564769895
5105 19 0.016855204516464294
5109 0 0.11316018638408455
5109 1 0.11316018638408455
5109 2 0.05170557168192798
5109 3 0.038416068256812375
5109 4 0.036950539033833496
5109 5 0.026887272951690636
5109 6 0.02416748099431439
5109 7 0.023676369405911456
5109 8 0.023676369405911456
5109 9 0.023079777364160406
5109 10 0.022634750164887252
5109 11 0.020849797329020727
5109 12 0.02067021138218677
5109 13 0.020387059584557464
5109 14 0.019756774310493528
5109 15 0.01690359020127326
5109 16 0.016709089217607036
5109 17 0.016709089217607036
5109 18 0.014735248107331204
5109 19 0.014301185072923049
5112 0 0.08562678317168637
5112 1 0.07025674623009937
5112 2 0.05911146184991489
5112 3 0.055549278722862666
5112 4 0.051334297236557046
5112 5 0.04008532628186945
5112 6 0.028210016209315354
5112 7 0.024487832670705444
5112 8 0.021850759088840595
5112 9 0.020608257484410242
5112 10 0.019978758800754684
5112 11 0.019127186970365084
5112 12 0.016683846644837415
5112 13 0.01612652376165145
5112 14 0.01600086547233586
5112 15 0.01516546307355448
5112 16 0.014846007393431962
5112 17 0.014830249176953301
5112 18 0.014811205955207992
5112 19 0.013947018497357381
5113 0 0.16283868628899986
5113 1 0.07647005593312298
5113 2 0.07477785663097547
5113 3 0.0736767507829521
5113 4 0.07312444736517788
5113 5 0.06447592166489732
5113 6 0.04848276553308675
5113 7 0.04456775982487167
5113 8 0.0434263284858403
5113 9 0.03551701291125885
5113 10 0.03338688458659294
5113 11 0.0319259277740455
5113 12 0.029374273760653196
5113 13 0.027041929452871972
5113 14 0.02571381587655983
5113 15 0.025430422631515
5113 16 0.023003048016338706
5113 17 0.021222620433205282
5113 18 0.015163190072494295
5113 19 0.014581265961236187
5115 0 0.13881635857649652
5115 1 0.12094104816099258
5115 2 0.05586683489089589
5115 3 0.045971357785769225
5115 4 0.04462712193554721
5115 5 0.03359739277938508
5115 6 0.03164112545697415
5115 7 0.0292745880452776
5115 8 0.02718798061725948
5115 9 0.026716924254808323
5115 10 0.025684823323617885
5115 11 0.023239626871083392
5115 12 0.022852630049084537
5115 13 0.022693934962617013
5115 14 0.020777827136115912
5115 15 0.02054197073730986
5115 16 0.017905417776434725
5115 17 0.01731652187105343
5115 18 0.0164484505051672
5115 19 0.013492381502315668
5116 0 0.08245244381889526
5116 1 0.06099829417728398
5116 2 0.05630395280100277
5116 3 0.04050436204412328
5116 4 0.03715141573831584
5116 5 0.03464218101773801
5116 6 0.03417402202427311
5116 7 0.03379510803177043
5116 8 0.030588409066375614
5116 9 0.03033295581444569
5116 10 0.03013833976599551
5116 11 0.02820950690617324
5116 12 0.02546192208770092
5116 13 0.02391942206948482
5116 14 0.022693934962617013
5116 15 0.022317465625196493
5116 16 0.017905417776434725
5116 17 0.01731652187105343
5116 18 0.015330791361871083
5116 19 0.012975331293515555
5118 0 0.16541287790958478
5118 1 0.06924745830705988
5118 2 0.05608040644777246
5118 3 0.04713887299090868
5118 4 0.03771217736086505
5118 5 0.03455527503861366
5118 6 0.02682666776408675
5118 7 0.026715967896685903
5118 8 0.021808083258147128
5118 9 0.021289378757289104
5118 10 0.019497005186011156
5118 11 0.01938036722123482
5118 12 0.018005769358510944
5118 13 0.017848068356324517
5118 14 0.01692267020602328
5118 15 0.01679461253301594
5118 16 0.016763448839642234
5118 17 0.016207610480800144
5118 18 0.01567687699424851
5118 19 0.014176134174762132
5123 0 0.062158879087074785
5123 1 0.02669639933818104
5123 2 0.026577820362540867
5123 3 0.020076058336594073
5123 4 0.019705776089196297
5123 5 0.019389119690047484
5123 6 0.018729702276254506
5123 7 0.017826190956908725
5123 8 0.01659317559507727
5123 9 0.016067750179051248
5123 10 0.015384861435638449
5123 11 0.015120258647075805
5123 12 0.015107939169960396
5123 13 0.014787014999111442
5123 14 0.014454278767981263
5123 15 0.013978524555621066
5123 16 0.013481210786731921
5123 17 0.013403467548395824
5123 18 0.01339359649897844
5123 19 0.012552899233826987
5125 0 0.20942558785233067
5125 1 0.20411042480888922
5125 2 0.2024184367732303
5125 3 0.19872943716379113
5125 4 0.193936615422904
5125 5 0.15345271981986205
5125 6 0.13600965309476418
5125 7 0.12274170262409975
5125 8 0.11617489881428886
5125 9 0.11270688395190598
5125 10 0.11069669840351636
5125 11 0.10347056960900124
5125 12 0.09810679263749084
5125 13 0.0720353082546863
5125 14 0.06643300387233564
5125 15 0.05350149905735314
5125 16 0.05238091519360572
5125 17 0.036740276061072746
5125 18 0.029144193236740328
5125 19 0.02428632782568116
5215 0 0.2041820592389818
5215 1 0.20167477873342335
5215 2 0.18820906019375144
5215 3 0.18489587348657185
5215 4 0.14832170570214634
5215 5 0.11363315923539642
5215 6 0.10694021424143889
5215 7 0.10440392231985916
5215 8 0.09138512294631795
5215 9 0.07459692951920062
5215 10 0.05823881430098135
5215 11 0.057268263597669615
5215 12 0.05335660419972903
5215 13 0.028102462703548027
5215 14 0.026501996442527376
5215 15 0.025145799513697362
5215 16 0.02346357689421153
5215 17 0.021141507305745516
5215 18 0.016140761613935496
5215 19 0.014443650365928472
5216 0 0.1242710758254048
5216 1 0.12174093326768913
5216 2 0.09425739649182792
5216 3 0.08093618423034575
5216 4 0.062228691343703374
5216 5 0.0530142921263731
5216 6 0.049731316527060684
5216 7 0.046582876182200146
5216 8 0.0373655003709504
5216 9 0.033286480187894575
5216 10 0.031704448814310594
5216 11 0.030916055095546534
5216 12 0.03008171280182393
5216 13 0.029358926759304096
5216 14 0.020326254448312597
5216 15 0.017638458046108845
5216 16 0.016549481158099573
5216 17 0.014907715128023134
5216 18 0.014433105904578733
5216 19 0.013334420189634379
5218 0 0.1476172677768982
5218 1 0.09425739649182792
5218 2 0.09425739649182792
5218 3 0.07879151247151052
5218 4 0.07785857474839804
5218 5 0.07372488936142174
5218 6 0.07236836232870332
5218 7 0.059854999166014056
5218 8 0.057472562064743805
5218 9 0.054934474378011126
5218 10 0.05007232327532645
5218 11 0.045817121931257115
5218 12 0.045817121931257115
5218 13 0.04412753705190581
5218 14 0.03810063229889671
5218 15 0.0342869364171882
5218 16 0.02071865742884962
5218 17 0.02071865742884962
5218 18 0.02021239124250683
5218 19 0.01464729899991948
5220 0 0.12231637791119476
5220 1 0.10246216447807474
5220 2 0.09523642049037812
5220 3 0.08107532584877188
5220 4 0.0738132817511979
5220 5 0.06964832137867982
5220 6 0.06459950501548577
5220 7 0.06108949716588145
5220 8 0.05654048827066498
5220 9 0.045788970671653634
5220 10 0.04555149582064041
5220 11 0.02826613952926862
5220 12 0.028019327453983268
5220 13 0.025812111382988247
5220 14 0.023451625247143205
5220 15 0.022629076150622488
5220 16 0.01990391576086675
5220 17 0.014876439199327369
5220 18 0.014067194232663487
5220 19 0.0136386910908901
5222 0 0.17669425186195856
5222 1 0.08023131622688874
5222 2 0.07299426193682126
5222 3 0.050982878068496905
5222 4 0.050535906085744035
5222 5 0.04499112277752555
5222 6 0.03858466645993216
5222 7 0.03529500201268662
5222 8 0.032028622150575455
5222 9 0.023420904836133932
5222 10 0.0223063986565491
5222 11 0.02143731434330244
5222 12 0.021303969349156765
5222 13 0.021209567182303636
5222 14 0.020400061905144897
5222 15 0.019484636664889466
5222 16 0.019054492435213708
5222 17 0.016557035821374296
5222 18 0.014838246179438493
5222 19 0.013992520017335624
5225 0 0.07695478425547805
5225 1 0.06682712905201618
5225 2 0.059583744312522995
5225 3 0.053843218830017865
5225 4 0.044943780221003954
5225 5 0.0396109575626866
5225 6 0.03134313218852199
5225 7 0.030036580998200703
5225 8 0.029390105543141275
5225 9 0.028301847338454762
5225 10 0.02805071373169316
5225 11 0.02732636393989624
5225 12 0.025970202850916967
5225 13 0.022038610837040302
5225 14 0.021636566936653816
5225 15 0.02155216974708137
5225 16 0.01886657089362045
5225 17 0.017075689391918107
5225 18 0.017036923877571334
5225 19 0.01524785134517747
5229 0 0.19445791548347888
5229 1 0.12400600428932061
5229 2 0.09612974574688157
5229 3 0.08645278987064968
5229 4 0.08037142363497696
5229 5 0.059098834904606275
5229 6 0.053826242058614
5229 7 0.03616268857175436
5229 8 0.03565009570860173
5229 9 0.03393432132989805
5229 10 0.033745584903277406
5229 11 0.03172562073455915
5229 12 0.027554013012882485
5229 13 0.02623721351155706
5229 14 0.022638004046072992
5229 15 0.0190357538521997
5229 16 0.01798684591731943
5229 17 0.01698990953863021
5229 18 0.016038559563776256
5229 19 0.015756767794167195
5231 0 0.13440624607967477
5231 1 0.13134766567216288
5231 2 0.08875066755986517
5231 3 0.07177197966713292
5231 4 0.06932102431647665
5231 5 0.06278285088848441
5231 6 0.062245147494117525
5231 7 0.051174221372682
5231 8 0.04811939094534242
5231 9 0.04477357111090874
5231 10 0.038603612536818876
5231 11 0.037253197141805854
5231 12 0.037001246763708924
5231 13 0.034938882165255536
5231 14 0.031770028195935815
5231 15 0.02900184678113473
5231 16 0.027396195059604164
5231 17 0.0251461088681985
5231 18 0.021268738775877864
5231 19 0.019874864732378858
5235 0 0.09529498657910561
5235 1 0.07859069612888206
5235 2 0.07161044380091715
5235 3 0.06690120813719094
5235 4 0.061450959037380945
5235 5 0.05839191459811733
5235 6 0.04354582609344421
5235 7 0.04033905356203998
5235 8 0.035090164061543375
5235 9 0.03300107425228442
5235 10 0.032926135010691866
5235 11 0.031921819395365765
5235 12 0.027426664591658247
5235 13 0.02731546296634702
5235 14 0.022253421698229355
5235 15 0.020744150880574432
5235 16 0.019874864732378858
5235 17 0.018540392412022
5235 18 0.01812768521288595
5235 19 0.017936928550468245
5236 0 0.18771466642954376
5236 1 0.17855481546504207
5236 2 0.16668462671852813
5236 3 0.162165168723402
5236 4 0.1332056940773834
5236 5 0.12632831343889422
5236 6 0.11962778548704296
5236 7 0.11610312857002503
5236 8 0.09717116881188066
5236 9 0.08101144037167117
5236 10 0.0769728098140931
5236 11 0.07535556484400162
5236 12 0.06607744237205294
5236 13 0.061892992665963216
5236 14 0.052772961661943264
5236 15 0.04773106804886613
5236 16 0.030252819794495615
5236 17 0.025037489598448596
5236 18 0.02028098494421021
5236 19 0.017915596294045315
5238 0 0.05107929103960742
5238 1 0.027299186015186574
5238 2 0.01843165430487227
5239 0 0.18099207622009922
5239 1 0.1759220879366566
5239 2 0.1711964942105288
5239 3 0.15988318883745226
5239 4 0.1315608335591416
5239 5 0.11953697107787985
5239 6 0.09482012741985998
5239 7 0.08780423141717868
5239 8 0.07253501386203547
5239 9 0.06738144704666366
5239 10 0.0533756370467807
5239 11 0.04531401719701132
5239 12 0.04404730860286698
5239 13 0.03794049230055192
5239 14 0.030730025520810843
5239 15 0.026083732180218457
5239 16 0.025575138289885405
5239 17 0.02180398996993086
5239 18 0.019961280271440434
5239 19 0.01792492031416191
5241 0 0.16130701933724736
5241 1 0.15732001325520054
5241 2 0.14504300070399595
5241 3 0.13431291156311218
5241 4 0.09654854383433574
5241 5 0.08714710964014108
5241 6 0.08614042482205017
5241 7 0.07006413155436692
5241 8 0.06786214621527221
5241 9 0.06535516751898317
5241 10 0.06292083431383921
5241 11 0.053639659795653716
5241 12 0.04341521435949457
5241 13 0.0372038739619538
5241 14 0.03578376703401995
5241 15 0.0347973487083694
5241 16 0.03146774923585815
5241 17 0.025259624993344453
5241 18 0.024588740713622124
5241 19 0.017585681036430077
5243 0 0.18442047861587305
5243 1 0.12995086219244273
5243 2 0.12980825731265022
5243 3 0.10168555641128084
5243 4 0.09317626287220723
5243 5 0.07735896722906142
5243 6 0.06171896944122593
5243 7 0.05556536892953767
5243 8 0.050880387413223795
5243 9 0.04906451044509115
5243 10 0.03235488174341506
5243 11 0.030969088643104294
5243 12 0.030316186536914532
5243 13 0.030304332977858763
5243 14 0.030098682027996065
5243 15 0.024580603181195867
5243 16 0.01948229387043573
5243 17 0.019156151228688023
5243 18 0.018885924413020866
5243 19 0.01704707221425498
5343 0 0.1383927541764271
5343 1 0.1137864330728623
5343 2 0.11262956796231688
5343 3 0.09960910109256224
5343 4 0.07105443567436101
5343 5 0.051569334977719844
5343 6 0.040840909560433625
5343 7 0.037951070715444464
5343 8 0.035163439579538346
5343 9 0.03473020746377502
5343 10 0.03133236891545194
5343 11 0.031148167173104067
5343 12 0.02955015499870524
5343 13 0.025470355770472776
5343 14 0.0252702090671608
5343 15 0.024673741521733374
5343 16 0.0243031857596852
5343 17 0.02346193203369329
5343 18 0.02009703596712546
5343 19 0.01621760791284909
5349 0 0.19837801045049927
5349 1 0.17956281315345488
5349 2 0.16511351329526477
5349 3 0.15113737491917992
5349 4 0.14397476188541047
5349 5 0.08171043818483832
5349 6 0.06945366194514715
5349 7 0.06566798528148678
5349 8 0.06274497382517445
5349 9 0.058410747496528026
5349 10 0.056995601558459966
5349 11 0.05547002360871766
5349 12 0.05282131905213323
5349 13 0.049963264495827976
5349 14 0.03614500632118326
5349 15 0.030646197996234394
5349 16 0.027483325509372634
5349 17 0.02346317133800577
5349 18 0.016514161928347783
5349 19 0.016090527347351443
5350 0 0.1806385972037754
5350 1 0.17935027906594186
5350 2 0.13737381590199846
5350 3 0.12462749748210528
5350 4 0.12188515282707295
5350 5 0.10233037191535856
5350 6 0.0980001106059889
5350 7 0.09741838832967971
5350 8 0.06453462356779605
5350 9 0.06048452425798068
5350 10 0.0494774685231824
5350 11 0.04403928802153262
5350 12 0.042221653014405704
5350 13 0.04043173541605752
5350 14 0.037457638968283004
5350 15 0.03475735898017361
5350 16 0.02838032529373106
5350 17 0.027418225249962586
5350 18 0.026464845607771903
5350 19 0.025592956354627737
5353 0 0.11609083738752862
5353 1 0.11005810771562007
5353 2 0.09067778010685185
5353 3 0.051792832286943875
5353 4 0.042903462789680394
5353 5 0.03700818083167344
5353 6 0.03539144139210821
5353 7 0.03495519495626673
5353 8 0.03493229517795084
5353 9 0.03449225726316248
5353 10 0.03376847713636156
5353 11 0.03074731541933172
5353 12 0.025413874052012096
5353 13 0.025088914125338854
5353 14 0.02337684634172502
5353 15 0.02155698360492833
5353 16 0.02115118406544572
5353 17 0.02011277532052478
5353 18 0.019918172476230137
5353 19 0.016446760373258547
5359 0 0.13437046659078716
5359 1 0.11375265307038447
5359 2 0.10344244098509296
5359 3 0.09007774555312167
5359 4 0.07117617044317438
5359 5 0.061397568977623704
5359 6 0.059135387779746744
5359 7 0.049339013520844154
5359 8 0.046875216185774816
5359 9 0.04452023241017256
5359 10 0.0421640187617975
5359 11 0.04000025002144085
5359 12 0.038525496752665866
5359 13 0.03835153766239833
5359 14 0.03420528569196731
5359 15 0.03162741954352743
5359 16 0.031542765816075985
5359 17 0.02634110003470115
5359 18 0.02499842227483242
5359 19 0.019428254920749278
5364 0 0.14149185247835624
5364 1 0.1127421880911943
5364 2 0.10803176782608569
5364 3 0.08370428830652155
5364 4 0.060881999520551594
5364 5 0.057793887076028685
5364 6 0.04668470285708057
5364 7 0.03991070321120923
5364 8 0.03989307377726027
5364 9 0.038590110344629
5364 10 0.03788300140734668
5364 11 0.037380575743957034
5364 12 0.03603632480327154
5364 13 0.03529515291732132
5364 14 0.03383952303837883
5364 15 0.030807737635066033
5364 16 0.026092348834859887
5364 17 0.024728919801411824
5364 18 0.02002827627032391
5364 19 0.01648298880343441
5367 0 0.18649876742590327
5367 1 0.16954045165885567
5367 2 0.1600709745648743
5367 3 0.07338788913120729
5367 4 0.05178672442185435
5367 5 0.046106564565845526
5367 6 0.04478124461158329
5367 7 0.043365691231001535
5367 8 0.03989307377726027
5367 9 0.039165543670287024
5367 10 0.03885652115934615
5367 11 0.035179937228727046
5367 12 0.035043402487865374
5367 13 0.031277839525702705
5367 14 0.028897417001305718
5367 15 0.027823779569413808
5367 16 0.02588463426411765
5367 17 0.024728919801411824
5367 18 0.016271841152252723
5367 19 0.01564122200168451
5369 0 0.16154792349608418
5369 1 0.14680946017687987
5369 2 0.09650718087396418
5369 3 0.08770581895965836
5369 4 0.08435228789839146
5369 5 0.07732794123616689
5369 6 0.07186140575365678
5369 7 0.0685126810050051
5369 8 0.06177914266431299
5369 9 0.05788226437534137
5369 10 0.054606173799987195
5369 11 0.04154344608728451
5369 12 0.038085794600689726
5369 13 0.03651716733128307
5369 14 0.03444581258921736
5369 15 0.03247577521888996
5369 16 0.030724257191149393
5369 17 0.019232205278269434
5369 18 0.019041220372591747
5369 19 0.015379081788129396
5370 0 0.11217745767675244
5370 1 0.07179370238929814
5370 2 0.07021646223786591
5370 3 0.061959647243110684
5370 4 0.053954013012815404
5370 5 0.04714005759229108
5370 6 0.04648609726735048
5370 7 0.04417834664240966
5370 8 0.04292618148243464
5370 9 0.03538727642419046
5370 10 0.03374668273449486
5370 11 0.033643482827438655
5370 12 0.02911373124991798
5370 13 0.025093379016218074
5370 14 0.021494339318448047
5370 15 0.019232205278269434
5370 16 0.018429983036042954
5370 17 0.017244304571809293
5370 18 0.01662728758775145
5370 19 0.016356244000748973
5371 0 0.15626322809838886
5371 1 0.14065271707617397
5371 2 0.13242572838246738
5371 3 0.08169049613736257
5371 4 0.07221569965500797
5371 5 0.0716467439107945
5371 6 0.04257796149263016
5371 7 0.03253465443473445
5371 8 0.031244985700420346
5371 9 0.02891110593798104
5487 0 0.20463767051207132
5487 1 0.19475462417622816
5487 2 0.1827320972009835
5487 3 0.17426283111626434
5487 4 0.15401212330069897
5487 5 0.14646661993730248
5487 6 0.1362048633302135
5487 7 0.10109773758772972
5487 8 0.09824161083813278
5487 9 0.07362041808281819
5487 10 0.03807033064824873
5487 11 0.03626002206113656
5487 12 0.03370489346853026
5487 13 0.033116810561868416
5487 14 0.029531950240836487
5487 15 0.028524293974159693
5487 16 0.026819307390529203
5487 17 0.025639716041997797
5487 18 0.023879819034415453
5487 19 0.022244442872464642
5488 0 0.17128222313350247
5488 1 0.06475938093071983
5488 2 0.057595417300469826
5488 3 0.056036527152617255
5488 4 0.0506332320298945
5488 5 0.04548052159832462
5488 6 0.04449174916037273
5488 7 0.0443126894934523
5488 8 0.040912521354831026
5488 9 0.03265486129412147
5488 10 0.029080198353779466
5488 11 0.026757934475596275
5488 12 0.026155879686069042
5488 13 0.024188137952497035
5488 14 0.024074180431294577
5488 15 0.023061323613644397
5488 16 0.019066951499116216
5488 17 0.019030228856261707
5488 18 0.01885691676961545
5488 19 0.015877072741566762
5489 0 0.07612150395312216
5489 1 0.06684006912444179
5489 2 0.0662661787986736
5489 3 0.042139564665744186
5489 4 0.03674185678712124
5489 5 0.031374424150835196
5489 6 0.026074528883809626
5489 7 0.024074180431294577
5489 8 0.02142337641397986
5489 9 0.020351415909841068
5489 10 0.01973361988060658
5489 11 0.019066951499116216
5489 12 0.01730424766532843
5489 13 0.01716984822504778
5489 14 0.017103616180877475
5489 15 0.016363308223960916
5489 16 0.015686632035727968
5489 17 0.014212096635519332
5489 18 0.012682174518605567
5489 19 0.012469462174992825
5494 0 0.1878094043592091
5494 1 0.18345387406875877
5494 2 0.1757379842823213
5494 3 0.16029407197681636
5494 4 0.1184242682086797
5494 5 0.08202256933125403
5494 6 0.06744688684150178
5494 7 0.059666911629322625
5494 8 0.04904027516075816
5494 9 0.048477272604383635
5494 10 0.04785263682258132
5494 11 0.043195866927724806
5494 12 0.03440393278047194
5494 13 0.03343924849483421
5494 14 0.0324031372729766
5494 15 0.030143285665397836
5494 16 0.029213620686550427
5494 17 0.025404998973183737
5494 18 0.02287499034333137
5494 19 0.022394987222350372
5495 0 0.21219115673064348
5495 1 0.182003861614843
5495 2 0.17814513956275557
5495 3 0.14520345760207362
5495 4 0.14129149639486363
5495 5 0.10977510116370166
5495 6 0.10759034158865809
5495 7 0.09931251312352073
5495 8 0.08586383171710656
5495 9 0.06634628652400466
5495 10 0.04732226362084503
5495 11 0.04513732673285569
5495 12 0.034262633225769584
5495 13 0.030385059412192106
5495 14 0.02424229762589125
5495 15 0.023129457056211934
5495 16 0.022499905555934233
5495 17 0.019680678762137575
5495 18 0.018960680682743845
5495 19 0.015726977332969266
5496 0 0.133341945872055
5496 1 0.10829070508876927
5496 2 0.08228628272562591
5496 3 0.07695123045133084
5496 4 0.05984838577039828
5496 5 0.05208738681603278
5496 6 0.04869338313173905
5496 7 0.04398804080758813
5496 8 0.04027317991637709
5496 9 0.03601994033255888
5496 10 0.033871609136332144
5496 11 0.030815869508568485
5496 12 0.029881888657168624
5496 13 0.027366072608209894
5496 14 0.02467783292364171
5496 15 0.024577624700968456
5496 16 0.024433712609777836
5496 17 0.02326956823691602
5496 18 0.021233202620713695
5496 19 0.01445904924074575
5497 0 0.17977110682073277
5497 1 0.15848065098161349
5497 2 0.1450712047802216
5497 3 0.13752594286424064
5497 4 0.13263414277345306
5497 5 0.1296136506957397
5497 6 0.0869498395564281
5497 7 0.08627725759956538
5497 8 0.06058048074257123
5497 9 0.051138260798232735
5497 10 0.044900727128723734
5497 11 0.035786800217177436
5497 12 0.02936523834565047
5497 13 0.029006355057096426
5497 14 0.024531417701822985
5497 15 0.024075551777162425
5497 16 0.022737370975407786
5497 17 0.02270484348139797
5497 18 0.019770419862086372
5497 19 0.014534760925437182
5498 0 0.16034658678969235
5498 1 0.15847389045397886
5498 2 0.1445754528743016
5498 3 0.1135923018055511
5498 4 0.09217694974552147
5498 5 0.044373737963420624
5498 6 0.04116367193836403
5498 7 0.03869380069174798
5498 8 0.037385302831639045
5498 9 0.0366029717065741
5498 10 0.03618490173398236
5498 11 0.03513276821253535
5498 12 0.03478437468240097
5498 13 0.03435129347127234
5498 14 0.03342403730765634
5498 15 0.03159085723684729
5498 16 0.024921613702077502
5498 17 0.02060356435027104
5498 18 0.019225814466989843
5498 19 0.014681941045123046
5499 0 0.18497872013102276
5499 1 0.17679899476890457
5499 2 0.12454662014313723
5499 3 0.11662355338371864
5499 4 0.10560816394046899
5499 5 0.08084981396267459
5499 6 0.06559273668539307
5499 7 0.050763394822555916
5499 8 0.046893370013329355
5499 9 0.04019524521778572
5499 10 0.03921153563032805
5499 11 0.03843699118441368
5499 12 0.037486027902686146
5499 13 0.03463378317481689
5499 14 0.03313891054562039
5499 15 0.02947855074953958
5499 16 0.022218734381635376
5499 17 0.018879077115221302
5499 18 0.01800813856127575
5499 19 0.015567640901804264
5500 0 0.1688103448552449
5500 1 0.1337423864106978
5500 2 0.13091965485676021
5500 3 0.126650125117626
5500 4 0.11525328648401069
5500 5 0.07069197783227249
5500 6 0.044209814031360706
5500 7 0.040865420245724954
5500 8 0.03608698726175656
5500 9 0.03439076257847841
5500 10 0.03311269841057281
5500 11 0.022638867975106655
5500 12 0.022031261781330358
5500 13 0.02137131431500799
5500 14 0.020782656084426348
5500 15 0.01930205148844083
5500 16 0.017155153886243762
5500 17 0.01696141308467485
5500 18 0.01518539003056676
5500 19 0.012468408672011818
5503 0 0.10151171427210519
5503 1 0.08199142261465173
5503 2 0.051110068039854704
5503 3 0.0479914124972683
5503 4 0.04178092093829773
5503 5 0.039904855656614564
5503 6 0.03600720020877424
5503 7 0.035897877346165036
5503 8 0.031205746722782198
5503 9 0.030415953363531284
5503 10 0.02737125806871981
5503 11 0.025881178547982997
5503 12 0.025841324633958444
5503 13 0.02437045150060321
5503 14 0.0240070505045478
5503 15 0.02378293637262943
5503 16 0.019583805531891218
5503 17 0.018001900540938795
5503 18 0.016955067544785665
5503 19 0.015501409800787926
5504 0 0.0988535366770774
5504 1 0.06976644952672383
5504 2 0.05288260142428533
5504 3 0.051243720502193585
5504 4 0.039904855656614564
5504 5 0.03902803559453154
5504 6 0.032839168669713634
5504 7 0.031205746722782198
5504 8 0.031190158274017575
5504 9 0.0277364906697789
5504 10 0.02653772500110079
5504 11 0.022367622553155265
5504 12 0.02153398196598402
5504 13 0.020910172387056693
5504 14 0.019288070174035773
5504 15 0.01903084567895605
5504 16 0.017653093909366917
5504 17 0.01758165188268356
5504 18 0.016927699102974692
5504 19 0.014052838486133581
5505 0 0.16684466108362864
5505 1 0.14137926253040578
5505 2 0.13793041255662994
5505 3 0.10483217458267735
5505 4 0.07963274544811516
5505 5 0.07709246209894759
5505 6 0.07282771603673341
5505 7 0.07006066074776879
5505 8 0.06777401790860678
5505 9 0.05882075538901086
5505 10 0.05446897130611697
5505 11 0.0460371748421941
5505 12 0.040348530373099205
5505 13 0.03770582804836001
5505 14 0.03320158124041175
5505 15 0.02623020776389106
5505 16 0.02214362914494465
5505 17 0.020663162249438295
5505 18 0.01906819268973663
5505 19 0.014052838486133581
5506 0 0.18033479599319518
5506 1 0.09982553606488226
5506 2 0.09402104965295909
5506 3 0.05600615382226779
5506 4 0.05447663726155979
5506 5 0.04482969631716994
5506 6 0.04272771925210751
5506 7 0.04209883550483837
5506 8 0.03986454148345417
5506 9 0.03570118824529565
5506 10 0.02735624683018292
5506 11 0.025687739555683483
5506 12 0.02506229266146965
5506 13 0.02327842445266504
5506 14 0.02216207346392099
5506 15 0.019930031694209708
5506 16 0.018035010904100146
5506 17 0.017309582144165114
5506 18 0.015525292345537307
5506 19 0.013938279232700254
5507 0 0.18580683949487187
5507 1 0.10269517632451668
5507 2 0.10001959942510785
5507 3 0.07515855129816762
5507 4 0.06324437385063833
5507 5 0.06264324523830658
5507 6 0.05733596696202826
5507 7 0.052806707710878295
5507 8 0.052227992209415514
5507 9 0.050013447832097824
5507 10 0.04674253328571389
5507 11 0.03176687806168643
5507 12 0.03140146060244983
5507 13 0.030666298493576577
5507 14 0.02927628760872592
5507 15 0.02724641655073954
5507 16 0.026591822426333192
5507 17 0.021492543553295104
5507 18 0.021119241326895372
5507 19 0.020772153121851152
5513 0 0.18338648005890126
5513 1 0.139118756373974
5513 2 0.11296736798709525
5513 3 0.08625633467196407
5513 4 0.0793297515773306
5513 5 0.07229260065685164
5513 6 0.024097300907638716
5513 7 0.022696470160479994
5513 8 0.021991255076363167
5513 9 0.013821719549703173
5515 0 0.1456709903413045
5515 1 0.09421847064130677
5515 2 0.06265951653054322
5515 3 0.05035879308861125
5515 4 0.043209086173724626
5515 5 0.031970950171808565
5515 6 0.028602854926985076
5515 7 0.024110222116985
5515 8 0.023974257041119326
5515 9 0.0239653838485989
5624 0 0.07033170810738713
5624 1 0.06944762575975912
5624 2 0.0648384775949984
5624 3 0.06183873867717231
5624 4 0.06137304320186891
5624 5 0.049597162306811424
5624 6 0.04282600344068833
5624 7 0.042059000453893144
5624 8 0.03741884138670136
5624 9 0.02925848463444706
5626 0 0.11997416444030408
5626 1 0.05644823649485634
5626 2 0.047080752070853556
5626 3 0.040950262603969764
5626 4 0.040443396571704045
5626 5 0.0402048201168575
5626 6 0.0397525777897377
5626 7 0.03886889911200751
5626 8 0.02502933697555887
5626 9 0.012518808933694045
5627 0 0.08571368915081072
5627 1 0.07481454154767131
5627 2 0.06186490176821361
5627 3 0.049389132722644245
5627 4 0.048581110083521443
5627 5 0.043484287183413114
5627 6 0.042475504790899864
5627 7 0.04086405833139677
5627 8 0.0361583274278115
5627 9 0.03363464736107691
5627 10 0.032755352462984784
5627 11 0.03146347486208024
5627 12 0.029090718293126067
5627 13 0.02791063650453188
5627 14 0.025228112333003
5627 15 0.025040254925879493
5627 16 0.02411114452156461
5627 17 0.022153179522013296
5627 18 0.020314585747434336
5627 19 0.015344390698919552
5628 0 0.07280637057615494
5628 1 0.07175143400111837
5628 2 0.06457715603908654
5628 3 0.03648119921160206
5628 4 0.035760120277762285
5628 5 0.034741310272273146
5628 6 0.03035352411615545
5628 7 0.022349121644940913
5628 8 0.019443937684910585
5628 9 0.015107068638848965
5629 0 0.09465172539276531
5629 1 0.08669422974093967
5629 2 0.07230004025534241
5629 3 0.06685054190609005
5629 4 0.060080624230587375
5629 5 0.0596847711928395
5629 6 0.05673301994884836
5629 7 0.05105866614865965
5629 8 0.04801779062741405
5629 9 0.03931916081579686
5629 10 0.032701226743133374
5629 11 0.028210336881664095
5629 12 0.02811815301294107
5629 13 0.026864295834749464
5629 14 0.026333143587836536
5629 15 0.025597245818869113
5629 16 0.025554583192331184
5629 17 0.025495545526620256
5629 18 0.02413744342677714
5629 19 0.022745370807354878
5630 0 0.11582876130844326
5630 1 0.10221929101375508
5630 2 0.0742995643912904
5630 3 0.07309394953850479
5630 4 0.07027228186224185
5630 5 0.06967029309349229
5630 6 0.062456172535283516
5630 7 0.060393385403852966
5630 8 0.05673301994884836
5630 9 0.03524378497966907
5630 10 0.03516412619562624
5630 11 0.030780297513553573
5630 12 0.0306003248735932
5630 13 0.028275122127649203
5630 14 0.026404681816224514
5630 15 0.02378608650687881
5630 16 0.02107521489972133
5630 17 0.01958027436343921
5630 18 0.019278482070808452
5630 19 0.017396035409385363
5635 0 0.1607482647463397
5635 1 0.08383322122641015
5635 2 0.0712331520332375
5635 3 0.06211577695078829
5635 4 0.05957946616612922
5635 5 0.05792349529415757
5635 6 0.05756354246900509
5635 7 0.0566731598528783
5635 8 0.053213757872520986
5635 9 0.05004734855828342
5635 10 0.04889930759625214
5635 11 0.04363808918710046
5635 12 0.038026349492465104
5635 13 0.0341340587043884
5635 14 0.0325877766387651
5635 15 0.030444994960479508
5635 16 0.027595574035587097
5635 17 0.024521878642601944
5635 18 0.02411946691216837
5635 19 0.016087692226526996
5636 0 0.19106536802891003
5636 1 0.18973792031929848
5636 2 0.16140032367288304
5636 3 0.15802184053026833
5636 4 0.12132803555145177
5636 5 0.11492819262947415
5636 6 0.09412825230545073
5636 7 0.05949914717430957
5636 8 0.053443713900110226
5636 9 0.048588308234596686
5636 10 0.04380979225307922
5636 11 0.043170597946644115
5636 12 0.0398076692992512
5636 13 0.035669264369824635
5636 14 0.03201146429360994
5636 15 0.029610464035963527
5636 16 0.02846959104408055
5636 17 0.022462049242011534
5636 18 0.01828201349648681
5636 19 0.012261599529077788
5638 0 0.17742464538437525
5638 1 0.14403234709401241
5638 2 0.13501955269602692
5638 3 0.10983882064570419
5638 4 0.07146997422170565
5638 5 0.06012880430783156
5638 6 0.04124222534595768
5638 7 0.035450735595698134
5638 8 0.03302492850241479
5638 9 0.030413391757357234
5638 10 0.0278157118303811
5638 11 0.02740218220098593
5638 12 0.026237007903992277
5638 13 0.024881806945751293
5638 14 0.02438275211463928
5638 15 0.023424875514334503
5638 16 0.021155760248493034
5638 17 0.02059324058694955
5638 18 0.020042759342639348
5638 19 0.014408755555461781
5640 0 0.1553341686243882
5640 1 0.15466327679943412
5640 2 0.13501955269602692
5640 3 0.13365412228986112
5640 4 0.10454811169831604
5640 5 0.10379902109165988
5640 6 0.09057284856911245
5640 7 0.0793605964846635
5640 8 0.06901531416226746
5640 9 0.06284690613329916
5640 10 0.05972258034906386
5640 11 0.0497726040351149
5640 12 0.042668926806427976
5640 13 0.03811236136162885
5640 14 0.03481047363897252
5640 15 0.0341340587043884
5640 16 0.03119600960122811
5640 17 0.030158502511499506
5640 18 0.023836773487366972
5640 19 0.020651808561984973
5641 0 0.17723663330000117
5641 1 0.17491422606241502
5641 2 0.16356924580651475
5641 3 0.1497675682786078
5641 4 0.08301071551497191
5641 5 0.07165612263384116
5641 6 0.07013800691828483
5641 7 0.052973966635365105
5641 8 0.04515726500771557
5641 9 0.03704286626195948
5641 10 0.03301634580131617
5641 11 0.03211293634259881
5641 12 0.030252659458321247
5641 13 0.024237006532137045
5641 14 0.022680674217842655
5641 15 0.022638004046072992
5641 16 0.019320986247479948
5641 17 0.018424797575533038
5641 18 0.0178398157591143
5641 19 0.016755018929486245
5642 0 0.13630743321041983
5642 1 0.0835118698068142
5642 2 0.057237652592520505
5642 3 0.05512709659897532
5642 4 0.04753523533179867
5642 5 0.046620877741833745
5642 6 0.04049971040875862
5642 7 0.033483720090680624
5642 8 0.030093951167698186
5642 9 0.020137991484983332
5645 0 0.1962320409118056
5645 1 0.12550424586448683
5645 2 0.11947648095505992
5645 3 0.11485265731457453
5645 4 0.09167608971771685
5645 5 0.06853114418706079
5645 6 0.06780112792623083
5645 7 0.06177001293391357
5645 8 0.043529169994389084
5645 9 0.033157694400024806
5645 10 0.033157694400024806
5645 11 0.03218972416596646
5645 12 0.02871470732853345
5645 13 0.023472304841021054
5645 14 0.023472304841021054
5645 15 0.022799673840152062
5645 16 0.017999708651119762
5645 17 0.01763039596599994
5645 18 0.015217048879773078
5645 19 0.014230167465524787
5646 0 0.13725039100127645
5646 1 0.11786703775458249
5646 2 0.10046191599988019
5646 3 0.09852214255404208
5646 4 0.09415378536964215
5646 5 0.09135691887009233
5646 6 0.07530661892573633
5646 7 0.05878963130810377
5646 8 0.04831959235158447
5646 9 0.0460148107753314
5646 10 0.04491447831356087
5646 11 0.0442662184111961
5646 12 0.03669232611339648
5646 13 0.03452949675439085
5646 14 0.032005480924844044
5646 15 0.0262650158041928
5646 16 0.022716770606463155
5646 17 0.02254323970809658
5646 18 0.01929365175921178
5646 19 0.01612072902367893
5648 0 0.1736984025110919
5648 1 0.1637005177482412
5648 2 0.15501049327341784
5648 3 0.14515056552761088
5648 4 0.107437045115497
5648 5 0.06165871699320566
5648 6 0.05663953075503517
5648 7 0.05518113932127765
5648 8 0.0525578320147134
5648 9 0.05184570549832727
5648 10 0.04807965775502562
5648 11 0.04370661498171822
5648 12 0.03560109320109842
5648 13 0.034416895488592766
5648 14 0.03137705177778693
5648 15 0.03123832703341416
5648 16 0.031121513641999988
5648 17 0.026225569332681935
5648 18 0.01761819155366849
5648 19 0.016320758775899013
5652 0 0.2215395177648138
5652 1 0.21460449910110052
5652 2 0.21256268394127753
5652 3 0.21026760553303575
5652 4 0.19462327678218433
5652 5 0.17914879119768898
5652 6 0.17013949778722853
5652 7 0.16654704696307115
5652 8 0.16441850690968549
5652 9 0.14947383240716214
5652 10 0.12315961791944093
5652 11 0.1052444234089855
5652 12 0.07865078635442004
5652 13 0.07273520395042991
5652 14 0.03710507669761501
5652 15 0.036878798970496604
5652 16 0.034547752442573805
5652 17 0.031855364766859275
5652 18 0.03172089364687714
5652 19 0.02852617273686172
5653 0 0.16431690281914124
5653 1 0.16099177955535682
5653 2 0.10928684921812631
5653 3 0.10138250217864239
5653 4 0.09077000547434942
5653 5 0.08290364113141976
5653 6 0.08082071954910422
5653 7 0.07602921067853897
5653 8 0.07005359841086478
5653 9 0.06865369384090153
5653 10 0.06259442004374904
5653 11 0.05418629674439491
5653 12 0.05123881232894993
5653 13 0.04278278812592581
5653 14 0.042245548763310624
5653 15 0.03761473069300683
5653 16 0.03317498052592981
5653 17 0.028832418602524095
5653 18 0.022650893188184397
5653 19 0.02110372644414017
5659 0 0.12823513685774532
5659 1 0.10673441050063356
5659 2 0.07436788646465131
5659 3 0.05501122070260423
5659 4 0.048461057901385
5659 5 0.04561582269379761
5659 6 0.03367693461233602
5659 7 0.02380145614392312
5659 8 0.02004743172739128
5659 9 0.015313188336233203
5660 0 0.09199803721061987
5660 1 0.06452604463931329
5660 2 0.05712833350252717
5660 3 0.05606987707688619
5660 4 0.041198059331996544
5660 5 0.028940790765934674
5660 6 0.028315962580723116
5660 7 0.021350489475419242
5660 8 0.020324151214966453
5660 9 0.016907057235255516
5663 0 0.07820269767737037
5663 1 0.06922269485650542
5663 2 0.049611320934162255
5663 3 0.03952087881361766
5663 4 0.036960487421876166
5663 5 0.03321047706862738
5663 6 0.030533711795220273
5663 7 0.02525415470033654
5663 8 0.02294615319644053
5663 9 0.02037633215133815
5668 0 0.15099964425908824
5668 1 0.03750450994782116
5668 2 0.029324428073503498
5668 3 0.02752023301040465
5668 4 0.02667954329048493
5668 5 0.01952805758721677
5668 6 0.017921415554020974
5668 7 0.017886928186067977
5668 8 0.017107062465472462
5668 9 0.013743087860330275
5757 0 0.14918453313197672
5757 1 0.1452259876640345
5757 2 0.13382052483054602
5757 3 0.0930675587186003
5757 4 0.09286396573069335
5757 5 0.06137230376915887
5757 6 0.0432224261434322
5757 7 0.0322324150871234
5757 8 0.02845342727139613
5757 9 0.020134830032886342
5759 0 0.1695896012983778
5759 1 0.12706396598783024
5759 2 0.07633574326300728
5759 3 0.06363790295701181
5759 4 0.05079099150762688
5759 5 0.05073314221591422
5759 6 0.046502960860278324
5759 7 0.03039970659329778
5759 8 0.026369768142678485
5759 9 0.024578582945398806
5760 0 0.16058551409781457
5760 1 0.11277024126278523
5760 2 0.10768602267229031
5760 3 0.04532639137705681
5760 4 0.03882343909080381
5760 5 0.029171512634545024
5760 6 0.028593940235690108
5760 7 0.025342139647599002
5760 8 0.02229626729663686
5760 9 0.016951206272445254
5763 0 0.2175143177197241
5763 1 0.2102040294104362
5763 2 0.20904263716084973
5763 3 0.20047575086794245
5763 4 0.19160697985331568
5763 5 0.14933509068601797
5763 6 0.14633397476340024
5763 7 0.1375539205835142
5763 8 0.11085762310596159
5763 9 0.08435207663190288
5763 10 0.08191961464422921
5763 11 0.06688884904760892
5763 12 0.058749935843945646
5763 13 0.055480801972251186
5763 14 0.04263049139596961
5763 15 0.03488736709558446
5763 16 0.030673345740017118
5763 17 0.02778794349128817
5763 18 0.025015963052308486
5763 19 0.01933808940151538
5767 0 0.13001306508286653
5767 1 0.08865937025587102
5767 2 0.08095126714858412
5767 3 0.0801943295009235
5767 4 0.06772185017639062
5767 5 0.05516576213900161
5767 6 0.04240238772277132
5767 7 0.03986673714588907
5767 8 0.03296264261444192
5767 9 0.0317847149895081
5767 10 0.023841472280429977
5767 11 0.023825955511366837
5767 12 0.022761674166826396
5767 13 0.02197776797463676
5767 14 0.020186005567129347
5767 15 0.020177221031081813
5767 16 0.019008566495950365
5767 17 0.017947684278306567
5767 18 0.017085811320290682
5767 19 0.013947041133052587
5768 0 0.18066028219978195
5768 1 0.06590692768007246
5768 2 0.06532664654302466
5768 3 0.05445199076209723
5768 4 0.05114928060918178
5768 5 0.04828525022934237
5768 6 0.0445087032960814
5768 7 0.03608776442062527
5768 8 0.031794278570732276
5768 9 0.031190394062509296
5768 10 0.027496080723620742
5768 11 0.027173884238070465
5768 12 0.02678253758997635
5768 13 0.02598086614966653
5768 14 0.022933237646018054
5768 15 0.02121878934179181
5768 16 0.01773892846558489
5768 17 0.017605702308839042
5768 18 0.017518979301584265
5768 19 0.016674007662654904
5769 0 0.10960620869654421
5769 1 0.10361721118777202
5769 2 0.06530763255905232
5769 3 0.06325012331722045
5769 4 0.054507195450086754
5769 5 0.053499797607596884
5769 6 0.04299303978083895
5769 7 0.04045422775185971
5769 8 0.039411948303058685
5769 9 0.028436774944956868
5769 10 0.027494298162623335
5769 11 0.024974205853578763
5769 12 0.023251731309094352
5769 13 0.02061339955983768
5769 14 0.01916479995056433
5769 15 0.01912084897570764
5769 16 0.018398653347571077
5769 17 0.016858084908679148
5769 18 0.01588523479599616
5769 19 0.013392001625620443
5770 0 0.044332925804965714
5770 1 0.04397145638823448
5770 2 0.032827828186415844
5770 3 0.030559906953496446
5770 4 0.030206497730566186
5770 5 0.025454861637104843
5770 6 0.02403211010544785
5770 7 0.023673696507569314
5770 8 0.019096434492120937
5770 9 0.01667633536664517
5771 0 0.15386112812321706
5771 1 0.11196582147181591
5771 2 0.09855660162737608
5771 3 0.06498656031303057
5771 4 0.06368638107090953
5771 5 0.05687718669161003
5771 6 0.055232827931278636
5771 7 0.05201634468663138
5771 8 0.050575171471693256
5771 9 0.04326469830422784
5771 10 0.03921060756682464
5771 11 0.0391586925998716
5771 12 0.03813666078043159
5771 13 0.030207752125342137
5771 14 0.028795405468247787
5771 15 0.0279579300170472
5771 16 0.027568582855362875
5771 17 0.02476206223180805
5771 18 0.020832992211638826
5771 19 0.01867145497356782
5774 0 0.20806394515249588
5774 1 0.20538421083040104
5774 2 0.184405357971476
5774 3 0.17956079103134986
5774 4 0.09028781234985732
5774 5 0.07890775431162077
5774 6 0.07313658764303958
5774 7 0.06428379742922764
5774 8 0.061968697748576884
5774 9 0.05952869430178404
5774 10 0.05707988179694052
5774 11 0.043027959113308784
5774 12 0.04078919454212157
5774 13 0.040496322599709575
5774 14 0.036853941204545465
5774 15 0.035614983972722655
5774 16 0.034430216595221004
5774 17 0.03298351649803695
5774 18 0.02476363729893274
5774 19 0.014908378165261853
5775 0 0.2046296423855052
5775 1 0.13506566915239157
5775 2 0.1263224583390678
5775 3 0.11364219842301501
5775 4 0.1121921482429406
5775 5 0.10780498834105691
5775 6 0.10117270701024922
5775 7 0.06449735766825661
5775 8 0.059155099697654576
5775 9 0.05775956381686592
5775 10 0.05370112325336746
5775 11 0.04805958366599451
5775 12 0.04299155714280302
5775 13 0.04211374111013096
5775 14 0.03827008688581842
5775 15 0.03405184585940325
5775 16 0.0279700589770613
5775 17 0.025834905528059844
5775 18 0.021404571810188174
5775 19 0.02111421242994396
5776 0 0.19679944233828167
5776 1 0.1783633023931429
5776 2 0.1539313893211339
5776 3 0.14798073668003925
5776 4 0.1440553147794139
5776 5 0.14099383700291576
5776 6 0.11771939265999096
5776 7 0.11661142065108868
5776 8 0.10672718216863138
5776 9 0.10532668152536107
5776 10 0.0871546246909492
5776 11 0.06961294933230588
5776 12 0.06433086458479091
5776 13 0.054888467327506636
5776 14 0.046851758060310535
5776 15 0.03644591770800895
5776 16 0.03435022582098183
5776 17 0.03359766818034341
5776 18 0.02965860638704904
5776 19 0.029187310463490292
5778 0 0.13677760678075798
5778 1 0.08005145299278851
5778 2 0.07607681354555544
5778 3 0.06575466490365907
5778 4 0.060707278361878815
5778 5 0.053635279788631515
5778 6 0.044749139650550634
5778 7 0.04445113695055881
5778 8 0.04217838488302104
5778 9 0.04217838488302104
5778 10 0.0325310251782699
5778 11 0.0319405542057639
5778 12 0.03119725833708026
5778 13 0.030050562312605757
5778 14 0.027128778842758314
5778 15 0.02593514959058384
5778 16 0.02511722572111671
5778 17 0.019497944567362167
5778 18 0.01936114951600564
5778 19 0.016847627217494363
5783 0 0.1660328545107907
5783 1 0.09764952895865135
5783 2 0.05749731042483478
5783 3 0.04899456991952307
5783 4 0.045045678575585855
5783 5 0.04357012551224696
5783 6 0.042246488144661636
5783 7 0.03789330064866503
5783 8 0.035758252832907865
5783 9 0.03459314832930776
5783 10 0.029060659976201546
5783 11 0.028481125817095516
5783 12 0.02842757353485597
5783 13 0.028136508675444524
5783 14 0.025257572690312518
5783 15 0.024921917397654838
5783 16 0.02136853766972949
5783 17 0.020957316881245244
5783 18 0.01780099742814538
5783 19 0.01696917335551435
5784 0 0.09935976890987737
5784 1 0.054614096293309
5784 2 0.04946936871691481
5784 3 0.0476116647566589
5784 4 0.0443954078689637
5784 5 0.04184175814177747
5784 6 0.04032638134534096
5784 7 0.03722247295818071
5784 8 0.03373055857427705
5784 9 0.03220253219683671
5784 10 0.026365863485255596
5784 11 0.026077107466755078
5784 12 0.02411674308351202
5784 13 0.024002772358154026
5784 14 0.022634808640433195
5784 15 0.019755621776346
5784 16 0.01946165766164036
5784 17 0.01837099818695417
5784 18 0.015454754803508186
5784 19 0.014546552236331138
5785 0 0.1188063285628159
5785 1 0.0791840531525267
5785 2 0.05573831318613685
5785 3 0.04738876352074193
5785 4 0.04568767593561053
5785 5 0.04453058446811306
5785 6 0.03731593951629869
5785 7 0.03541468070585218
5785 8 0.03459314832930776
5785 9 0.029786167961069795
5785 10 0.02860439981318283
5785 11 0.02622169296987805
5785 12 0.023831652161326804
5785 13 0.023341942099718658
5785 14 0.022649442617383334
5785 15 0.021852739712171047
5785 16 0.021237990070249586
5785 17 0.020169025023109608
5785 18 0.020011627716500516
5785 19 0.019142069939962477
5786 0 0.1391892741097698
5786 1 0.10826238028883588
5786 2 0.10330170732277073
5786 3 0.07606572960013665
5786 4 0.06816090721105342
5786 5 0.06361224916911262
5786 6 0.05583944947231351
5786 7 0.055435191046412785
5786 8 0.049647070242122934
5786 9 0.040863549028254655
5786 10 0.03646272093908292
5786 11 0.03486593109222517
5786 12 0.03345488221498925
5786 13 0.02775354100719219
5786 14 0.026656569946159624
5786 15 0.02656187351526883
5786 16 0.025978572399219076
5786 17 0.02526262610926707
5786 18 0.02078386520781189
5786 19 0.015174401343698619
5789 0 0.1736984025110919
5789 1 0.16422916686452602
5789 2 0.15873893935436784
5789 3 0.13357433900949467
5789 4 0.11512913724104211
5789 5 0.11477439062578682
5789 6 0.08392491842768626
5789 7 0.06517645116010667
5789 8 0.049487722493110335
5789 9 0.04266928520493539
5789 10 0.042057446136155724
5789 11 0.038413465151863786
5789 12 0.03694057555532736
5789 13 0.03672951278800269
5789 14 0.03500948289860044
5789 15 0.03250714074721258
5789 16 0.03237617061475551
5789 17 0.0312760626236291
5789 18 0.028289897577694373
5789 19 0.01797700316252105
5791 0 0.1543643196276278
5791 1 0.09497828302225844
5791 2 0.03311907035877307
5791 3 0.031377180046726426
5791 4 0.026462376430686607
5791 5 0.02555174995781467
5791 6 0.02341469322410805
5791 7 0.020733942182036905
5791 8 0.016617946590863453
5791 9 0.01565479115780604
5792 0 0.12414865444050355
5792 1 0.08684631897702315
5792 2 0.06816514763128852
5792 3 0.05698970873247489
5792 4 0.02768586782376049
5792 5 0.022357368583227327
5792 6 0.019016194725234505
5792 7 0.018917521957219338
5792 8 0.01790816612709422
5792 9 0.015517433043531282
5886 0 0.03273147180454334
5886 1 0.025891398564368128
5886 2 0.02533518671655515
5886 3 0.02493345594328567
5886 4 0.021453446048751986
5886 5 0.020664744861794725
5886 6 0.018980583117752983
5886 7 0.018444119027698578
5886 8 0.018402972992739394
5886 9 0.017926423701585117
5886 10 0.017559159546881364
5886 11 0.016544084431101076
5886 12 0.016460837889368224
5886 13 0.01632913775574079
5886 14 0.015718605898359224
5886 15 0.01550152675187982
5886 16 0.015408893941868562
5886 17 0.014077765102324297
5886 18 0.014010095691508467
5886 19 0.013361982921162531
5889 0 0.18173051295954548
5889 1 0.15773658549929287
5889 2 0.15548222116149343
5889 3 0.14315240707860694
5889 4 0.12477920945660201
5889 5 0.10546260887506806
5889 6 0.0903697082951096
5889 7 0.07741257610053899
5889 8 0.0727138056732293
5889 9 0.06022661691942893
5889 10 0.05819138120167893
5889 11 0.05505903860872514
5889 12 0.054876051648686607
5889 13 0.0545505239433253
5889 14 0.04890741494775146
5889 15 0.03563821951385075
5889 16 0.029230408827160922
5889 17 0.02379614430078164
5889 18 0.021267801280834785
5889 19 0.019771238519729627
5890 0 0.17605989404906564
5890 1 0.17003567539855421
5890 2 0.0899527135180401
5890 3 0.08644374313779934
5890 4 0.08606303338014372
5890 5 0.07876152772059541
5890 6 0.07022329821781788
5890 7 0.0667431883489637
5890 8 0.06066381405446904
5890 9 0.05162270240178188
5890 10 0.04469626266655138
5890 11 0.04012323729872223
5890 12 0.03559651701805111
5890 13 0.02980298062368343
5890 14 0.027186022629624235
5890 15 0.02542735926743057
5890 16 0.025204648548614914
5890 17 0.02340329049264845
5890 18 0.022402587157015506
5890 19 0.02215400006596448
5891 0 0.14673880662691283
5891 1 0.139305289592928
5891 2 0.12382585433641446
5891 3 0.12253906033539141
5891 4 0.11481254686267098
5891 5 0.10660385535592191
5891 6 0.08019721177944629
5891 7 0.07667438080850825
5891 8 0.05496835246850152
5891 9 0.04667156660862984
5891 10 0.04242833954732404
5891 11 0.04032550609845969
5891 12 0.03926238294699058
5891 13 0.03785555562691042
5891 14 0.03350347727997886
5891 15 0.03203725766829622
5891 16 0.03155575304619995
5891 17 0.025347002549452245
5891 18 0.024710445301508545
5891 19 0.02021052945657621
5892 0 0.1777271186341701
5892 1 0.17230300244447447
5892 2 0.1510149610795104
5892 3 0.10589210610112254
5892 4 0.10220128054560351
5892 5 0.09793262605335058
5892 6 0.08492421646390855
5892 7 0.07978815458616208
5892 8 0.07219209062490899
5892 9 0.06480260756332995
5892 10 0.06003519439031062
5892 11 0.04563530825475339
5892 12 0.04364329539699764
5892 13 0.036665023692363186
5892 14 0.03560666158211889
5892 15 0.029476104208149487
5892 16 0.02867783943996804
5892 17 0.026378354616392978
5892 18 0.019052515584499122
5892 19 0.01813792597865835
5893 0 0.1774961590907601
5893 1 0.139305289592928
5893 2 0.12382585433641446
5893 3 0.12017341137473166
5893 4 0.11649069694332781
5893 5 0.11481254686267098
5893 6 0.10660385535592191
5893 7 0.09279807322195112
5893 8 0.07667438080850825
5893 9 0.05496835246850152
5893 10 0.04906750590208997
5893 11 0.04667156660862984
5893 12 0.04032550609845969
5893 13 0.03966077118260143
5893 14 0.03926238294699058
5893 15 0.03203725766829622
5893 16 0.0290616465152509
5893 17 0.025347002549452245
5893 18 0.024432599688096916
5893 19 0.02021052945657621
5894 0 0.1912089085174377
5894 1 0.141287271065092
5894 2 0.12139999442650898
5894 3 0.10849919493207229
5894 4 0.07701849619224885
5894 5 0.07505128073859037
5894 6 0.0674712353043108
5894 7 0.06643739519720543
5894 8 0.06641506131126967
5894 9 0.06520448924123413
5894 10 0.06422308094945565
5894 11 0.05513797682313727
5894 12 0.05032610714473499
5894 13 0.04830636556035292
5894 14 0.04669832577297821
5894 15 0.042420677364497096
5894 16 0.040019720491933156
5894 17 0.03400840041507281
5894 18 0.029829239916429353
5894 19 0.02467083660751538
5895 0 0.20461856598531816
5895 1 0.19559996175889666
5895 2 0.1874920670028962
5895 3 0.17987456703828383
5895 4 0.1276982634388693
5895 5 0.09487128409102365
5895 6 0.09304829574198072
5895 7 0.09232261044416669
5895 8 0.08554399688908935
5895 9 0.0835341282404326
5895 10 0.0835341282404326
5895 11 0.07009399558157425
5895 12 0.06374529424029683
5895 13 0.05969256164460594
5895 14 0.05969256164460594
5895 15 0.041579063353689834
5895 16 0.03358350955299258
5895 17 0.03358350955299258
5895 18 0.021765918616903714
5895 19 0.018423709175855257
5896 0 0.2038329262761374
5896 1 0.18989570620534194
5896 2 0.17897090481430333
5896 3 0.14584074296487975
5896 4 0.09968196539542765
5896 5 0.09343627910302893
5896 6 0.07517239679840144
5896 7 0.07402431433759563
5896 8 0.07182898389289125
5896 9 0.06861187816662585
5896 10 0.055273824947911054
5896 11 0.05209855753161653
5896 12 0.042560879087982
5896 13 0.039072827862726686
5896 14 0.038880458407025614
5896 15 0.03273147180454334
5896 16 0.022757594082765665
5896 17 0.02230187717643187
5896 18 0.021733647660772886
5896 19 0.018648076073036757
5897 0 0.20801767779149652
5897 1 0.17839423784325664
5897 2 0.16688462063089748
5897 3 0.11863782090247693
5897 4 0.11361449987731563
5897 5 0.11197274799454869
5897 6 0.10466039229176538
5897 7 0.09838697727274033
5897 8 0.09462861434796084
5897 9 0.07854603590224228
5897 10 0.06061886710902332
5897 11 0.054220687910643287
5897 12 0.050744859960798756
5897 13 0.04656560891937448
5897 14 0.04180832899257531
5897 15 0.032438045287598825
5897 16 0.027424423657832934
5897 17 0.02701795070641797
5897 18 0.019235129055566767
5897 19 0.018800336963142213
5898 0 0.13610583970892265
5898 1 0.10305281276352651
5898 2 0.10133056080337828
5898 3 0.09940787730742008
5898 4 0.07983928862163053
5898 5 0.07141695387830342
5898 6 0.06525572136471515
5898 7 0.05798861064403109
5898 8 0.05758823423985805
5898 9 0.05608040644777246
5898 10 0.05272886732768361
5898 11 0.0313632062775531
5898 12 0.026014099122843578
5898 13 0.023898069063674615
5898 14 0.021733647660772886
5898 15 0.019393384632285723
5898 16 0.01900080056618706
5898 17 0.017372945113968162
5898 18 0.016101881034804765
5898 19 0.015123490835720309
5899 0 0.1206319803786613
5899 1 0.10309070491729995
5899 2 0.07760403635581599
5899 3 0.06109595965686252
5899 4 0.05550705183345744
5899 5 0.05512523669935263
5899 6 0.04852706358860325
5899 7 0.04825859292562243
5899 8 0.03742152371658317
5899 9 0.037400981823184486
5899 10 0.032571112994478235
5899 11 0.030972978210063715
5899 12 0.02818363430655374
5899 13 0.023972063264992356
5899 14 0.023942765130165144
5899 15 0.023755349119098136
5899 16 0.023462622422397047
5899 17 0.021190905937914915
5899 18 0.01860562094037154
5899 19 0.016988553283225835
5900 0 0.07074171599986996
5900 1 0.06583929222279944
5900 2 0.06352653533660241
5900 3 0.05608534480194305
5900 4 0.052689371812166465
5900 5 0.04755241205184352
5900 6 0.036151419768158055
5900 7 0.03516665007564161
5900 8 0.031779708728251886
5900 9 0.031137847182398447
5900 10 0.027616493190572536
5900 11 0.024405980110535644
5900 12 0.022461919086764103
5900 13 0.02070021876879708
5900 14 0.01975696671390277
5900 15 0.01962025466009533
5900 16 0.018283473498827543
5900 17 0.018142004176411146
5900 18 0.01777971421572873
5900 19 0.01777842398110203
5902 0 0.2133609543683828
5902 1 0.17398133361069293
5902 2 0.09863994625712148
5902 3 0.09765010994149495
5902 4 0.09608399900687194
5902 5 0.07037358414351669
5902 6 0.06715087231007215
5902 7 0.06253193797975107
5902 8 0.05810668220283709
5902 9 0.055320575203741444
5902 10 0.04854574558237925
5902 11 0.04849535852485256
5902 12 0.043545535602022414
5902 13 0.03753985935849989
5902 14 0.03721286410556612
5902 15 0.029084461409709772
5902 16 0.027686801546187703
5902 17 0.02404497661186405
5902 18 0.02379001568630484
5902 19 0.01918126930513402
5906 0 0.14924085074164714
5906 1 0.10544668089087536
5906 2 0.10044251720908937
5906 3 0.07967096959208494
5906 4 0.07460888116626894
5906 5 0.07289416689262403
5906 6 0.058081952705825446
5906 7 0.04805903663669372
5906 8 0.047026641441465615
5906 9 0.04278232032155823
5906 10 0.03878849335002291
5906 11 0.025999940495492747
5906 12 0.023365622809519124
5906 13 0.023060701132026254
5906 14 0.023034811555635352
5906 15 0.020237903557310984
5906 16 0.018275300126550546
5906 17 0.017657870041055207
5906 18 0.01671538571348994
5906 19 0.015247529729674763
5907 0 0.10726115067328942
5907 1 0.0595625761648903
5907 2 0.058081952705825446
5907 3 0.05753894124093294
5907 4 0.056518237382278305
5907 5 0.04761063483252706
5907 6 0.04087604393200791
5907 7 0.03987284878359446
5907 8 0.036155660188393154
5907 9 0.02718364965424356
5907 10 0.0260978021510964
5907 11 0.025313948775528908
5907 12 0.02470087983397643
5907 13 0.021665608533602037
5907 14 0.021585193340077767
5907 15 0.02073306693515564
5907 16 0.019070852383923236
5907 17 0.017673286835797858
5907 18 0.01659569192986091
5907 19 0.016215355661176174
5909 0 0.20544307872839793
5909 1 0.1351045270958271
5909 2 0.13297749608878842
5909 3 0.07530332920469984
5909 4 0.0656528193656993
5909 5 0.04363931905987327
5909 6 0.043135969105596084
5909 7 0.04284264067666412
5909 8 0.04261496330905887
5909 9 0.04240851067832432
5909 10 0.031213601309018388
5909 11 0.02661089111323561
5909 12 0.026335590129226625
5909 13 0.02534191140433902
5909 14 0.02434949650576703
5909 15 0.02101008068676848
5909 16 0.02002694830953854
5909 17 0.01887589302742911
5909 18 0.017851891902506252
5909 19 0.017017892916827593
5910 0 0.04685224850037331
5910 1 0.039223370326304484
5910 2 0.03862198894870961
5910 3 0.03269843123477554
5910 4 0.03259827582872443
5910 5 0.027899233773072282
5910 6 0.027199841721546984
5910 7 0.027065266854628494
5910 8 0.025920777810436495
5910 9 0.02441069399406212
5910 10 0.023809284321848236
5910 11 0.023070851355017838
5910 12 0.021821144054280508
5910 13 0.01960527926140918
5910 14 0.019433857255312555
5910 15 0.019136416675084988
5910 16 0.018601222070270006
5910 17 0.017108305542400812
5910 18 0.015924313437459935
5910 19 0.013235918132487215
5911 0 0.05070518335971998
5911 1 0.04354582609344421
5911 2 0.041659925602194406
5911 3 0.03647489139787156
5911 4 0.035944880367258555
5911 5 0.033479777707099055
5911 6 0.03299159366860933
5911 7 0.032428858967961396
5911 8 0.031163655647548198
5911 9 0.028676677474280845
5911 10 0.026116008795273083
5911 11 0.02569068408236809
5911 12 0.024008991515411644
5911 13 0.023167394481375787
5911 14 0.022115374138404805
5911 15 0.021336808083975655
5911 16 0.019688652185773592
5911 17 0.01968739779099764
5911 18 0.016012183319938443
5911 19 0.014197021262512695
5914 0 0.0989921124031234
5914 1 0.0982251697781821
5914 2 0.08709968031345452
5914 3 0.07406059935700951
5914 4 0.07115037329587223
5914 5 0.06324630165734664
5914 6 0.05518008676145061
5914 7 0.048182472855263336
5914 8 0.04504977186380212
5914 9 0.04365989867943063
5914 10 0.04031875688867268
5914 11 0.026779657197761497
5914 12 0.02371716270128703
5914 13 0.023407923264933773
5914 14 0.023194704447640813
5914 15 0.022484017184208144
5914 16 0.019998866843328605
5914 17 0.018821931416367937
5914 18 0.0162173740106653
5914 19 0.014996746976188838
5917 0 0.04286157166308737
5917 1 0.04218645450836168
5917 2 0.032694160633613495
5917 3 0.025956257376362653
5917 4 0.025162698946475947
5917 5 0.02371785497629872
5917 6 0.022693546383182658
5917 7 0.022381847201283774
5917 8 0.01685695878284269
5917 9 0.016610433426363272
5918 0 0.08199142261465173
5918 1 0.053804059077312935
5918 2 0.04199954780043679
5918 3 0.03598768446689152
5918 4 0.02617576514430678
5918 5 0.024029797491921058
5918 6 0.021291453696016246
5918 7 0.021005297009848455
5918 8 0.016798368172112065
5918 9 0.01372665057299546
6023 0 0.09959475006180216
6023 1 0.08841784738803193
6023 2 0.07524295980558768
6023 3 0.07104921437400036
6023 4 0.05896707252281703
6023 5 0.05069873595920237
6023 6 0.031741114867927085
6023 7 0.026170604205800002
6023 8 0.02522869520215453
6023 9 0.025056254589773674
6023 10 0.024599758638263237
6023 11 0.023143942014835304
6023 12 0.02083497472127721
6023 13 0.019112677489738574
6023 14 0.019052751372990843
6023 15 0.017877634346878325
6023 16 0.017078762187542208
6023 17 0.01670996257818037
6023 18 0.014207561951246565
6023 19 0.013050850574797743
6027 0 0.18018224649797585
6027 1 0.09302058965104959
6027 2 0.07778333369753607
6027 3 0.06783484756685479
6027 4 0.06332947651937801
6027 5 0.052072085086074096
6027 6 0.04977354718908178
6027 7 0.049672746665717325
6027 8 0.04251143518442219
6027 9 0.037231236744840975
6027 10 0.03696053269326657
6027 11 0.031373901643537545
6027 12 0.03114632425025278
6027 13 0.02933022469778395
6027 14 0.027007127071494035
6027 15 0.025777065667886855
6027 16 0.021682251428501633
6027 17 0.021279775563598315
6027 18 0.017536437081511248
6027 19 0.01735660968726177
6030 0 0.19619140229368062
6030 1 0.18787092817877674
6030 2 0.1803915361358428
6030 3 0.17869375336221133
6030 4 0.15875938693236985
6030 5 0.11005752673277647
6030 6 0.10618405375264699
6030 7 0.08259190233705427
6030 8 0.0698307575368017
6030 9 0.06650321225363032
6030 10 0.06458038539826914
6030 11 0.06253773271772359
6030 12 0.05670555530533276
6030 13 0.05587837532283465
6030 14 0.055754693884233646
6030 15 0.05485835053503617
6030 16 0.04908101563951158
6030 17 0.04062504802572547
6030 18 0.03410170097809262
6030 19 0.019850208801376636
6031 0 0.21462292455699752
6031 1 0.21135678991491774
6031 2 0.18621123373494383
6031 3 0.158803239819214
6031 4 0.15634738761316166
6031 5 0.14325307556041603
6031 6 0.12692714075554679
6031 7 0.11807404873246544
6031 8 0.08964242340816773
6031 9 0.08786837343215836
6031 10 0.0729663521246333
6031 11 0.05955623817023285
6031 12 0.03995465041345005
6031 13 0.03937187934992968
6031 14 0.03857416726997283
6031 15 0.03247790297423925
6031 16 0.030089284441870055
6031 17 0.02961666621644974
6031 18 0.02786316002014699
6031 19 0.026172135887842216
6038 0 0.09508551585567704
6038 1 0.09127357424034692
6038 2 0.06846077735589967
6038 3 0.05109933872032746
6038 4 0.041088951508491796
6038 5 0.03919530583686595
6038 6 0.03506174117359742
6038 7 0.033793964929162576
6038 8 0.0335809517194344
6038 9 0.02866390528326133
6038 10 0.026454948150043445
6038 11 0.026431286303322317
6038 12 0.023250158128277593
6038 13 0.022974415748212112
6038 14 0.022677927753491096
6038 15 0.02133943759723532
6038 16 0.019023660732036343
6038 17 0.01884098501280688
6038 18 0.017640229289258652
6038 19 0.014519528988872042
6040 0 0.178005069880826
6040 1 0.17268587768363805
6040 2 0.14841424042414503
6040 3 0.12739352661955394
6040 4 0.12486311243349581
6040 5 0.08517044001111856
6040 6 0.08410220119253309
6040 7 0.06080076001046027
6040 8 0.055223445435616095
6040 9 0.0517318139979025
6040 10 0.049020514198844053
6040 11 0.04407620306779637
6040 12 0.04120000600178419
6040 13 0.03861626966305443
6040 14 0.02783307906752726
6040 15 0.024849039890633886
6040 16 0.022802516506208244
6040 17 0.02068619406930955
6040 18 0.01903807966988203
6040 19 0.017969071237659576
6044 0 0.09646332798712004
6044 1 0.07117528010582964
6044 2 0.06356260154429597
6044 3 0.05962082912650078
6044 4 0.041123470943679664
6044 5 0.04058656357126082
6044 6 0.04025482614018157
6044 7 0.03906143833542262
6044 8 0.028419320937645754
6044 9 0.027922431588041703
6044 10 0.026739750467114794
6044 11 0.025260177681569046
6044 12 0.024174765915554584
6044 13 0.02411966497450142
6044 14 0.021574252754061937
6044 15 0.020755783741601953
6044 16 0.02056389529442399
6044 17 0.018342786565496802
6044 18 0.016449516269149776
6044 19 0.015352870596235786
6045 0 0.17696984899631313
6045 1 0.13718829374409697
6045 2 0.11687874066622991
6045 3 0.09847013327169236
6045 4 0.08829364532844121
6045 5 0.08114362528643759
6045 6 0.06506029231754552
6045 7 0.06016710767673456
6045 8 0.057044192850833716
6045 9 0.05016142868950157
6045 10 0.04728741974069255
6045 11 0.046698178640959376
6045 12 0.03770165930782639
6045 13 0.03669769454577597
6045 14 0.036529782958744074
6045 15 0.036335078253821006
6045 16 0.032842413119359704
6045 17 0.03033077901509013
6045 18 0.02822199237838682
6045 19 0.019562518546858695
6047 0 0.15919424881818794
6047 1 0.09746190168109577
6047 2 0.06523995937562063
6047 3 0.054522161417233234
6047 4 0.04769197997586268
6047 5 0.04454066112509522
6047 6 0.041160269038851525
6047 7 0.04025482614018157
6047 8 0.03958273085076577
6047 9 0.03555561054419951
6047 10 0.035135280774703126
6047 11 0.03412530246295987
6047 12 0.030603816429578594
6047 13 0.030376738907896276
6047 14 0.02948111801463743
6047 15 0.027922431588041703
6047 16 0.027539186632523107
6047 17 0.019752286783919104
6047 18 0.01844994771921391
6047 19 0.01623255501691623
6048 0 0.05422421907909529
6048 1 0.045069242334294435
6048 2 0.043205532369577415
6048 3 0.042292529148708936
6048 4 0.03843978669277152
6048 5 0.03510425855442445
6048 6 0.03273831155711117
6048 7 0.026021614173651692
6048 8 0.023787035319769494
6048 9 0.023446168158290828
6048 10 0.023210285351173702
6048 11 0.022960623064600432
6048 12 0.02254260213601497
6048 13 0.02247292946617348
6048 14 0.022086979545077864
6048 15 0.021160106301972424
6048 16 0.019838479738644495
6048 17 0.01963822740208823
6048 18 0.01959468386974523
6048 19 0.01689284390497461
6053 0 0.11839394392233651
6053 1 0.11658685337655934
6053 2 0.10852247951720666
6053 3 0.10252103237607163
6053 4 0.06375935855225097
6053 5 0.041761522147506905
6053 6 0.03866208808276555
6053 7 0.03742017689271846
6053 8 0.028596824400520835
6053 9 0.021956399878363085
6056 0 0.11938756794429405
6056 1 0.10319587035722314
6056 2 0.07597584325447694
6056 3 0.0615525140839189
6056 4 0.050007023067275426
6056 5 0.045870259225751234
6056 6 0.020886193640602693
6056 7 0.01982437958683961
6056 8 0.017456246358631092
6056 9 0.015309198794953294
6063 0 0.21024101613640142
6063 1 0.11298669132556872
6063 2 0.11226697430605713
6063 3 0.07078916041701999
6063 4 0.041343618170013335
6063 5 0.025618446033736683
6063 6 0.02523698363921549
6063 7 0.024874688019609268
6063 8 0.022568701092586522
6063 9 0.01982004862382369
6153 0 0.13775356741522374
6153 1 0.13569625434941698
6153 2 0.09655098094418617
6153 3 0.085418474413945
6153 4 0.08262332068199903
6153 5 0.0695443103592121
6153 6 0.0630606663209691
6153 7 0.05073314221591422
6153 8 0.041653855463263556
6153 9 0.03921760199664303
6153 10 0.03025676217807718
6153 11 0.02785851027109026
6153 12 0.02782138584464586
6153 13 0.02498968678279116
6153 14 0.024714168873369795
6153 15 0.024542162111813703
6153 16 0.02420548821287179
6153 17 0.022746442230261253
6153 18 0.021560648701243634
6153 19 0.01780482663325092
6157 0 0.1102723922968956
6157 1 0.08446352724986135
6157 2 0.07808247195490403
6157 3 0.06711197664047794
6157 4 0.03938138256929998
6157 5 0.03805714158317586
6157 6 0.03472206993134876
6157 7 0.034257989135636664
6157 8 0.031143411790803047
6157 9 0.03032157194606543
6157 10 0.028859656889087638
6157 11 0.028703327232769055
6157 12 0.026657062272530337
6157 13 0.025643077442735765
6157 14 0.025176244523748306
6157 15 0.024962754078112884
6157 16 0.023761138198146858
6157 17 0.02313503864138794
6157 18 0.020692230254697592
6157 19 0.020494705519413545
6158 0 0.0800444962891288
6158 1 0.044193512558197125
6158 2 0.04135836155282363
6158 3 0.03626586584311536
6158 4 0.030300835762949566
6158 5 0.025034503572989447
6158 6 0.023181432385018855
6158 7 0.0218808890854666
6158 8 0.020678443230009714
6158 9 0.019360672280098398
6158 10 0.019278323620942017
6158 11 0.01911557108610897
6158 12 0.01792390925310941
6158 13 0.017190773038957018
6158 14 0.016205262027422607
6158 15 0.016008035328792095
6158 16 0.01588271468859665
6158 17 0.015139330163440122
6158 18 0.014598987824273896
6158 19 0.012679410134328637
6160 0 0.17065311680189715
6160 1 0.10091213997751086
6160 2 0.09760457446797391
6160 3 0.07268944966518855
6160 4 0.05844794171636598
6160 5 0.05499002237404459
6160 6 0.05161515339743096
6160 7 0.04493960016262273
6160 8 0.0330984794213681
6160 9 0.030973210225939567
6160 10 0.02269685873991435
6160 11 0.021225674365750045
6160 12 0.020622757533497082
6160 13 0.020494705519413545
6160 14 0.020384058468634846
6160 15 0.019751917067564087
6160 16 0.01903628013211322
6160 17 0.01825643138828911
6160 18 0.016398642544176174
6160 19 0.013553963797429245
6163 0 0.12341061759833924
6163 1 0.08845201219732826
6163 2 0.08593212360954054
6163 3 0.06676799707090857
6163 4 0.05640024504840553
6163 5 0.05045198047315503
6163 6 0.04117794751680676
6163 7 0.040004324446577776
6163 8 0.03939856683457657
6163 9 0.03269370414709353
6163 10 0.03228014245046348
6163 11 0.029120740770199844
6163 12 0.027604618882129495
6163 13 0.023547500620492604
6163 14 0.021515273563896955
6163 15 0.020057187712024704
6163 16 0.017459434219039154
6163 17 0.01626967944336063
6163 18 0.013562433320051843
6163 19 0.012702012819144959
6171 0 0.11030599875904352
6171 1 0.10701603627514446
6171 2 0.07560550064522528
6171 3 0.07477680029853256
6171 4 0.07443656316390378
6171 5 0.06931855702569928
6171 6 0.06636173161336631
6171 7 0.06480264528948863
6171 8 0.057670367859909984
6171 9 0.05716526363925439
6171 10 0.047712487915718554
6171 11 0.04150268297283588
6171 12 0.03673936686064867
6171 13 0.03547958856185298
6171 14 0.03245063450674876
6171 15 0.030618380613135182
6171 16 0.0263650033288378
6171 17 0.02461347398324963
6171 18 0.022767067121209024
6171 19 0.020855552454526638
6173 0 0.18764908327530266
6173 1 0.12062662326412942
6173 2 0.10417567905987378
6173 3 0.10178891854081934
6173 4 0.060708655366670465
6173 5 0.05168355846834096
6173 6 0.048898009816393716
6173 7 0.043318405263717955
6173 8 0.04289888660663308
6173 9 0.039263224240329034
6173 10 0.03739413829800079
6173 11 0.032150530459718725
6173 12 0.025631218224756194
6173 13 0.025542561751869308
6173 14 0.023944717458876587
6173 15 0.021463990510101727
6173 16 0.018299384506248836
6173 17 0.016704888409838546
6173 18 0.016275061079895656
6173 19 0.012848300715178153
6174 0 0.15974912515998382
6174 1 0.10926272711226934
6174 2 0.09410092347610637
6174 3 0.08790315695045696
6174 4 0.0841772611578334
6174 5 0.08088677805294461
6174 6 0.06908530373184182
6174 7 0.0629612201667011
6174 8 0.05661375624342822
6174 9 0.05586847220618239
6174 10 0.05257103239763388
6174 11 0.047936562435170325
6174 12 0.04345881070845971
6174 13 0.04344249414483265
6174 14 0.042400852268113236
6174 15 0.031305813472360416
6174 16 0.03036297829151947
6174 17 0.024043063895619214
6174 18 0.019934902141294685
6174 19 0.019573123370062312
6177 0 0.19024888341239635
6177 1 0.15770610276308325
6177 2 0.14968096410875284
6177 3 0.14060515193531617
6177 4 0.12360277956016759
6177 5 0.10078566680316789
6177 6 0.08577359074555532
6177 7 0.0843924209859902
6177 8 0.07388892269934182
6177 9 0.06994951948431144
6177 10 0.05470037601819934
6177 11 0.046578643307196785
6177 12 0.04406449664075943
6177 13 0.0436527457997458
6177 14 0.04325689276199793
6177 15 0.035769382049717066
6177 16 0.025205076740515878
6177 17 0.025023144226612323
6177 18 0.022168286962254806
6177 19 0.015146231221015796
6179 0 0.05254289622849386
6179 1 0.048406607736568984
6179 2 0.04431349683324795
6179 3 0.03875586776800054
6179 4 0.029271102148216002
6179 5 0.029133375260740193
6179 6 0.028979495918427568
6179 7 0.028509675087673027
6179 8 0.0269366583797045
6179 9 0.02649128409977153
6179 10 0.023738696792658873
6179 11 0.022398520277110312
6179 12 0.019566596744611493
6179 13 0.01857919565252745
6179 14 0.018430699833057784
6179 15 0.01833769730669151
6179 16 0.01833769730669151
6179 17 0.01733092571843565
6179 18 0.016655299260567837
6179 19 0.014814132561967227
6181 0 0.1399760154227839
6181 1 0.11763796451910624
6181 2 0.11662120681664905
6181 3 0.11500906996844219
6181 4 0.07140332718978991
6181 5 0.06254821681721943
6181 6 0.04652543433300118
6181 7 0.04394651185211839
6181 8 0.03928319269611586
6181 9 0.03506565714886792
6181 10 0.034064472804711865
6181 11 0.02632766197698102
6181 12 0.02544989310200731
6181 13 0.023870227158572267
6181 14 0.023846940687129958
6181 15 0.02331681270542506
6181 16 0.021153555154518465
6181 17 0.016938667983609528
6181 18 0.015927399437239573
6181 19 0.015121681866411829
6182 0 0.19129107609103244
6182 1 0.07140332718978991
6182 2 0.05480786161688105
6182 3 0.051148371408757706
6182 4 0.031719561913475906
6182 5 0.02439151401499161
6182 6 0.01977956468294926
6182 7 0.01972995478429128
6182 8 0.016645926196444966
6182 9 0.014661498182890885
6184 0 0.11485515478627883
6184 1 0.09189226815215788
6184 2 0.06078888758832516
6184 3 0.058477266259504265
6184 4 0.04455804911162865
6184 5 0.021998251392489496
6184 6 0.021047865320989696
6184 7 0.020406245222551772
6184 8 0.01718012671697886
6184 9 0.016096384333485775
6188 0 0.07778279044085115
6188 1 0.06244799350408272
6188 2 0.04096305177176068
6188 3 0.033846155297073945
6188 4 0.03119796381624749
6188 5 0.022297263267225885
6188 6 0.021923989335445163
6188 7 0.021505023366584882
6188 8 0.019004701450994085
6188 9 0.017431326344518144
6190 0 0.09552996018579865
6190 1 0.07400242562033224
6190 2 0.07230428822080924
6190 3 0.06698214583801286
6190 4 0.055215115499780594
6190 5 0.05251703494672197
6190 6 0.03442988837764053
6190 7 0.027924957354365013
6190 8 0.017745421137492907
6190 9 0.014644698724432787
6243 0 0.1842712792035441
6243 1 0.10283970523840164
6243 2 0.09211753859083965
6243 3 0.07698393148567056
6243 4 0.054246311517615525
6243 5 0.051138260798232735
6243 6 0.04936328653133582
6243 7 0.034186750830210146
6243 8 0.0219950503279259
6243 9 0.0209593144813471
6244 0 0.16609765296093135
6244 1 0.10361430627355402
6244 2 0.09943739425396761
6244 3 0.08455646186914202
6244 4 0.07402610255751683
6244 5 0.07345561513126114
6244 6 0.07280133036135593
6244 7 0.05889426858180549
6244 8 0.05194526483107131
6244 9 0.05091672902187568
6244 10 0.047458881359255786
6244 11 0.04697107835496868
6244 12 0.04397145638823448
6244 13 0.02885828365691186
6244 14 0.02845553239105021
6244 15 0.02820397436500351
6244 16 0.026067768356175015
6244 17 0.025585247014102443
6244 18 0.020980516582522604
6244 19 0.017372709325476444
6248 0 0.2048504158660729
6248 1 0.12756480337993967
6248 2 0.08496036566915119
6248 3 0.0476799302407818
6248 4 0.04724118633323601
6248 5 0.043092350120935735
6248 6 0.042020531089891976
6248 7 0.03605631589475357
6248 8 0.020870305268876604
6248 9 0.01858575623152108
6249 0 0.14197507929959605
6249 1 0.13197043400911077
6249 2 0.12850400364539225
6249 3 0.10908929241560739
6249 4 0.08956577894420306
6249 5 0.06038501396924292
6249 6 0.059803559548660325
6249 7 0.056849888043192603
6249 8 0.046134089571215
6249 9 0.042432930820834824
6249 10 0.04184168268946012
6249 11 0.03713798899844331
6249 12 0.03207927329121287
6249 13 0.022948545034900545
6249 14 0.020725593383122066
6249 15 0.01928708174867848
6249 16 0.01915481760897885
6249 17 0.018765236545110742
6249 18 0.015024329513950295
6249 19 0.013410875079651713
6250 0 0.07777749368817315
6250 1 0.06553187684621813
6250 2 0.0404356287556328
6250 3 0.03804245856221944
6250 4 0.03788844529204352
6250 5 0.03613533333409892
6250 6 0.034249198940665325
6250 7 0.029770370132124527
6250 8 0.029594170108031677
6250 9 0.024953335742599603
6250 10 0.024569664481487972
6250 11 0.02234588096791071
6250 12 0.02147164514769694
6250 13 0.021295530007461108
6250 14 0.021021807863192684
6250 15 0.02067919775318322
6250 16 0.01959690405418327
6250 17 0.019561132110527377
6250 18 0.014591744401808245
6250 19 0.012696131311007483
6251 0 0.15163991753366146
6251 1 0.08407178636340909
6251 2 0.07439660361663493
6251 3 0.0660997309865983
6251 4 0.05458738240035104
6251 5 0.0544112276476486
6251 6 0.05176347001764692
6251 7 0.044602973421379165
6251 8 0.035984775780057654
6251 9 0.0330711317289444
6251 10 0.03201391272130796
6251 11 0.030703411602173374
6251 12 0.030040532813321936
6251 13 0.0287842215485085
6251 14 0.02485770747558953
6251 15 0.02443006637654187
6251 16 0.02255713613864462
6251 17 0.020545788624567796
6251 18 0.017422521059083335
6251 19 0.011305269701278698
6252 0 0.1785760477471445
6252 1 0.1517794288684426
6252 2 0.105714046177407
6252 3 0.0761867098457765
6252 4 0.07617916461404144
6252 5 0.07385405618349414
6252 6 0.0612104660936737
6252 7 0.05846495621392852
6252 8 0.0580184671260067
6252 9 0.0503403034982445
6252 10 0.04169204565369053
6252 11 0.04051163564751587
6252 12 0.03552817608161086
6252 13 0.03401441019214978
6252 14 0.02797395797556039
6252 15 0.027301155320669422
6252 16 0.023489988977900087
6252 17 0.022775597005685502
6252 18 0.01763193519327389
6252 19 0.01686980831248749
6254 0 0.07474932810978524
6254 1 0.05079617130921299
6254 2 0.04693293720854798
6254 3 0.045548311732848214
6254 4 0.04284344047122804
6254 5 0.03852129028597357
6254 6 0.03780514593368852
6254 7 0.03330021250965237
6254 8 0.031483763990215796
6254 9 0.02833105115788529
6254 10 0.023359599828286618
6254 11 0.02322381206536672
6254 12 0.023013767904326285
6254 13 0.02118066894475838
6254 14 0.0187074664783313
6254 15 0.017654863266208787
6254 16 0.016465368801025126
6254 17 0.015942861503372634
6254 18 0.015377393542528678
6254 19 0.014450411836717046
6257 0 0.10258666080170313
6257 1 0.04963810650682169
6257 2 0.04012840578246074
6257 3 0.039996028464285086
6257 4 0.0304446705155149
6257 5 0.028041104879078568
6257 6 0.026719316093268334
6257 7 0.02663145186971363
6257 8 0.0248567115050005
6257 9 0.022632488481674668
6257 10 0.02141224153824686
6257 11 0.02100186204310107
6257 12 0.020463524849268437
6257 13 0.02018082010661943
6257 14 0.017897052000748485
6257 15 0.017749389929385545
6257 16 0.01771080361429248
6257 17 0.01751063616159323
6257 18 0.01658369312509424
6257 19 0.014776248896579487
6260 0 0.19056585859758599
6260 1 0.1563259591550341
6260 2 0.1493355886713125
6260 3 0.10539624101672652
6260 4 0.10296901541987699
6260 5 0.10191601796939632
6260 6 0.0909878740406991
6260 7 0.0729769229942941
6260 8 0.06245757217577037
6260 9 0.05894546297912783
6260 10 0.044443112596608575
6260 11 0.04430135655538625
6260 12 0.04265802017395495
6260 13 0.03721869279708145
6260 14 0.03670908407308003
6260 15 0.034777795240328
6260 16 0.020652255616965275
6260 17 0.019357235427043082
6260 18 0.017692655445661738
6260 19 0.017511054921954525
6262 0 0.19056585859758599
6262 1 0.1563259591550341
6262 2 0.1493355886713125
6262 3 0.10539624101672652
6262 4 0.10296901541987699
6262 5 0.10191601796939632
6262 6 0.0909878740406991
6262 7 0.0729769229942941
6262 8 0.06245757217577037
6262 9 0.05894546297912783
6262 10 0.044443112596608575
6262 11 0.04430135655538625
6262 12 0.04379183082893392
6262 13 0.04265802017395495
6262 14 0.03721869279708145
6262 15 0.035552230280382215
6262 16 0.020652255616965275
6262 17 0.019357235427043082
6262 18 0.017692655445661738
6262 19 0.017511054921954525
6265 0 0.17323019070100484
6265 1 0.14109350951413582
6265 2 0.1232424796543553
6265 3 0.11772213157911078
6265 4 0.09674008708716182
6265 5 0.06274140493056377
6265 6 0.05864312554350422
6265 7 0.046020522515754836
6265 8 0.04090267482741678
6265 9 0.04049602079044018
6265 10 0.03875586776800054
6265 11 0.033587150127304746
6265 12 0.032953758104073895
6265 13 0.031437170297943906
6265 14 0.029615711744635256
6265 15 0.024623816609650455
6265 16 0.02010390401431229
6265 17 0.01880387944944182
6265 18 0.01727818454860762
6265 19 0.014943936012967262
6267 0 0.11387481037217499
6267 1 0.09104879424172793
6267 2 0.0448274704738081
6267 3 0.0354209394755764
6267 4 0.025172547360198128
6267 5 0.022370834935566464
6267 6 0.020138310271024137
6267 7 0.019958009413483288
6267 8 0.018525643370287902
6267 9 0.018513495547194465
6269 0 0.1450475731144274
6269 1 0.1296974480393892
6269 2 0.12850638793862051
6269 3 0.10950127715880481
6269 4 0.06327530930075205
6269 5 0.05373192666192582
6269 6 0.044240813615944174
6269 7 0.04020371474040831
6269 8 0.03821587816841792
6269 9 0.03574640304646796
6269 10 0.03097668480515356
6269 11 0.029468779674442683
6269 12 0.028875035957671612
6269 13 0.027865153847632974
6269 14 0.02528685384836833
6269 15 0.024972132801159556
6269 16 0.021545616713319473
6269 17 0.021185652570319385
6269 18 0.020674683818297724
6269 19 0.020042036886700716
6270 0 0.17027884312691152
6270 1 0.13176799544165926
6270 2 0.12076304859913092
6270 3 0.09725876140709291
6270 4 0.08731825058635558
6270 5 0.07220524950905492
6270 6 0.07080204012759173
6270 7 0.06808353840484217
6270 8 0.06580721744269372
6270 9 0.060559810580233055
6270 10 0.05781470814300157
6270 11 0.05129562792391489
6270 12 0.04639064254067031
6270 13 0.03802696065623564
6270 14 0.03755565907375309
6270 15 0.035421595910737354
6270 16 0.02753584598117241
6270 17 0.027470862672854257
6270 18 0.02664464848001824
6270 19 0.021111232063408612
6272 0 0.17715087419610057
6272 1 0.12998033386759986
6272 2 0.08155301446991815
6272 3 0.06133244985513432
6272 4 0.05129562792391489
6272 5 0.05039989573848795
6272 6 0.04571475954492351
6272 7 0.041995096113713104
6272 8 0.028047497576666094
6272 9 0.020954640210287236
6277 0 0.1349235924388205
6277 1 0.09555756818871722
6277 2 0.060608473552308285
6277 3 0.0557403051273149
6277 4 0.05365529351580874
6277 5 0.05316289546539499
6277 6 0.049625822869557024
6277 7 0.04899871225174561
6277 8 0.04535267141919
6277 9 0.04516692667695231
6277 10 0.044917734081054546
6277 11 0.0400624566844805
6277 12 0.032031413886317424
6277 13 0.03144697344027567
6277 14 0.02541294410220075
6277 15 0.022557545467466245
6277 16 0.022121187739456667
6277 17 0.021380032830277847
6277 18 0.01769617906888201
6277 19 0.01490520633847123
6280 0 0.10774319289314681
6280 1 0.09062909072646555
6280 2 0.04211236410533931
6280 3 0.04143157293634886
6280 4 0.04087814905166199
6280 5 0.036088115273900954
6280 6 0.030099694975356497
6280 7 0.02807628452204326
6280 8 0.020956815123334863
6280 9 0.014856481118234184
6372 0 0.17814927434974637
6372 1 0.14283748419644926
6372 2 0.09457592599475495
6372 3 0.06867270027964213
6372 4 0.027526074906075514
6372 5 0.02588238389875267
6372 6 0.025184180221225646
6372 7 0.02011658000362718
6372 8 0.014803939897047135
6372 9 0.01248000475003463
6376 0 0.040337088029173
6376 1 0.04022775007610033
6376 2 0.03473762065395471
6376 3 0.034612686706885686
6376 4 0.022591157588537976
6376 5 0.022459606473237307
6376 6 0.02161977879604332
6376 7 0.01920754368834341
6376 8 0.016915209858145243
6376 9 0.01584350966450131
6377 0 0.20579135153482453
6377 1 0.08933962571340828
6377 2 0.07678603514772357
6377 3 0.06560361690955502
6377 4 0.056036527152617255
6377 5 0.03636754161336108
6377 6 0.0354153635493242
6377 7 0.02830631034302605
6377 8 0.026178253184471412
6377 9 0.0236324146584389
6378 0 0.16725578567040825
6378 1 0.10905654610987725
6378 2 0.0702811399642988
6378 3 0.03951632903888142
6378 4 0.03689911073432737
6378 5 0.03111384202763337
6378 6 0.02809220873362009
6378 7 0.024216813605706107
6378 8 0.020948473869651763
6378 9 0.016620974115097144
6381 0 0.14000616616879719
6381 1 0.12360561656729997
6381 2 0.11216472132558368
6381 3 0.08862678994523905
6381 4 0.0854005016719521
6381 5 0.0704414761386687
6381 6 0.05987302095201323
6381 7 0.05883442734891478
6381 8 0.04070069274648525
6381 9 0.02672114769827202
6381 10 0.025943949217094846
6381 11 0.02520364314648622
6381 12 0.024240003875443793
6381 13 0.023481998577492665
6381 14 0.022625522346475278
6381 15 0.02226126873923381
6381 16 0.021606944356861994
6381 17 0.016936181829752827
6381 18 0.016788238698507756
6381 19 0.015586771836868494
6385 0 0.09909613851305459
6385 1 0.09759924753436895
6385 2 0.09747160484910705
6385 3 0.06807344288478066
6385 4 0.0626282679533125
6385 5 0.0586119335555115
6385 6 0.04964827370658468
6385 7 0.03997089152475975
6385 8 0.037927073105911126
6385 9 0.03316878589067534
6385 10 0.03264686334848231
6385 11 0.032173962176871934
6385 12 0.028891377043301806
6385 13 0.02368972823869837
6385 14 0.023044537359341834
6385 15 0.02259660901846655
6385 16 0.020925223238060193
6385 17 0.01811923455334269
6385 18 0.017243648136648342
6385 19 0.013304839108617099
6387 0 0.12283814577613722
6387 1 0.10401870805885771
6387 2 0.08073431910050612
6387 3 0.07565954714014347
6387 4 0.06217478066295641
6387 5 0.05831402517091637
6387 6 0.052861787902544186
6387 7 0.042986648969559366
6387 8 0.032454825882977587
6387 9 0.027538045416223178
6387 10 0.024674456432440272
6387 11 0.02415932648511673
6387 12 0.022044896015075602
6387 13 0.02011277532052478
6387 14 0.019517530102638434
6387 15 0.01778978521378709
6387 16 0.016691405080728004
6387 17 0.015385823452684667
6387 18 0.01464881747780616
6387 19 0.013304839108617099
6388 0 0.18572364576976116
6388 1 0.08117396466324424
6388 2 0.06655735683656105
6388 3 0.045780731278598955
6388 4 0.04151147316780722
6388 5 0.03753374394817863
6388 6 0.03271798093020106
6388 7 0.03214904404906692
6388 8 0.031414615713979896
6388 9 0.03132810208690577
6388 10 0.029250658342829874
6388 11 0.024182139493267665
6388 12 0.020919860464604503
6388 13 0.02077478829403462
6388 14 0.020126707590923557
6388 15 0.01975033445520766
6388 16 0.017427500912028472
6388 17 0.015530698504075473
6388 18 0.01521739313097099
6388 19 0.014591169077888447
6389 0 0.20040019291734762
6389 1 0.1953819045617536
6389 2 0.19427249895882168
6389 3 0.18856878666195187
6389 4 0.13366302566330848
6389 5 0.11222603387866273
6389 6 0.09545099179045959
6389 7 0.07999784412131096
6389 8 0.07867325605452702
6389 9 0.07359748812357536
6389 10 0.06820946832250022
6389 11 0.056453046580087436
6389 12 0.055100820329458
6389 13 0.04781569914062236
6389 14 0.0457204071508772
6389 15 0.04026457457958326
6389 16 0.03301613830744346
6389 17 0.0323807958418091
6389 18 0.022194961242746156
6389 19 0.01251105526493231
6390 0 0.17263840308556108
6390 1 0.16616453389503086
6390 2 0.1653050414576274
6390 3 0.1357845335607171
6390 4 0.11335857316209433
6390 5 0.07456729939417706
6390 6 0.07293031609786668
6390 7 0.070625466614528
6390 8 0.0695259075390103
6390 9 0.06938308384749746
6390 10 0.06026508251081424
6390 11 0.050487560013401676
6390 12 0.04296790661392949
6390 13 0.037553719949197185
6390 14 0.031165292962834705
6390 15 0.025195616906228055
6390 16 0.02008026480328637
6390 17 0.01882014885537053
6390 18 0.015403668868892037
6390 19 0.013146977770256299
6392 0 0.1893859503493217
6392 1 0.17807982803685693
6392 2 0.17081052542635383
6392 3 0.1696682075225936
6392 4 0.16717063018504644
6392 5 0.15654707971626158
6392 6 0.1533158945875786
6392 7 0.14411896635433083
6392 8 0.1316890723177106
6392 9 0.1190003541968828
6392 10 0.07702167273480931
6392 11 0.06781788588591439
6392 12 0.057921231724637055
6392 13 0.05233660582024162
6392 14 0.051507365989479845
6392 15 0.04838105958191409
6392 16 0.03148518249378199
6392 17 0.022600140186918558
6392 18 0.017055649256429804
6392 19 0.014769726043744533
6395 0 0.16238352772981446
6395 1 0.127118110570761
6395 2 0.06837329039393171
6395 3 0.06356166593556083
6395 4 0.04639288347449562
6395 5 0.041561279242490305
6395 6 0.03823975128162763
6395 7 0.03155929175988369
6395 8 0.028754440518850243
6395 9 0.027431165322388203
6395 10 0.026591443278438508
6395 11 0.025646480342248274
6395 12 0.025105108078950215
6395 13 0.02326259644279283
6395 14 0.022137826861740394
6395 15 0.020889026875119204
6395 16 0.02029094465010048
6395 17 0.01855001635510006
6395 18 0.017474232304779527
6395 19 0.016331986080720774
6397 0 0.1028674641459549
6397 1 0.08423740419999352
6397 2 0.07648178876847099
6397 3 0.06691441983795902
6397 4 0.06230412102535871
6397 5 0.058964658048661814
6397 6 0.05343305626028447
6397 7 0.040614420566826646
6397 8 0.04004868286394816
6397 9 0.0344794643227557
6397 10 0.03438667306287801
6397 11 0.03073857992729046
6397 12 0.02926190451073097
6397 13 0.02876555464519598
6397 14 0.028043694779871627
6397 15 0.027430610747855678
6397 16 0.025597340134265803
6397 17 0.023098016075571964
6397 18 0.01922047055661349
6397 19 0.01921996879870311
6398 0 0.19310061883712348
6398 1 0.16239887473116357
6398 2 0.11057873625057052
6398 3 0.11056057487778426
6398 4 0.09007920932807828
6398 5 0.058964658048661814
6398 6 0.04519692274571502
6398 7 0.04004868286394816
6398 8 0.03805421026064679
6398 9 0.03726740481316296
6398 10 0.030211375722882898
6398 11 0.02958685311955661
6398 12 0.028992145499431386
6398 13 0.027431165322388203
6398 14 0.02709172420970746
6398 15 0.02599135024916239
6398 16 0.02246209828601781
6398 17 0.021171282676479972
6398 18 0.019539592360231735
6398 19 0.01486628803318182
6401 0 0.19707973260677547
6401 1 0.07555709798364492
6401 2 0.0683329913112348
6401 3 0.05742490638110521
6401 4 0.05653393900951895
6401 5 0.05361783521286007
6401 6 0.04906766812457227
6401 7 0.04615747978959367
6401 8 0.04440932127628314
6401 9 0.03908801264159348
6401 10 0.03674159647662638
6401 11 0.03637715046597567
6401 12 0.03543420399296663
6401 13 0.029175873778487887
6401 14 0.026983550108629926
6401 15 0.024004645461932254
6401 16 0.023085309905330132
6401 17 0.020991887246747328
6401 18 0.02093660899274839
6401 19 0.016299256751762043
6405 0 0.1746815612966329
6405 1 0.1517538807137877
6405 2 0.09716861852355421
6405 3 0.09508360691204806
6405 4 0.09067238526616128
6405 5 0.08163854721686672
6405 6 0.07676595728607659
6405 7 0.07630325349515614
6405 8 0.0675456011082915
6405 9 0.04567745969184127
6405 10 0.04289181295188147
6405 11 0.03663680075305822
6405 12 0.03467092080541683
6405 13 0.03240644585709242
6405 14 0.026254963669213774
6405 15 0.025976056064435434
6405 16 0.025952688481751973
6405 17 0.022321398577238392
6405 18 0.022246691351521686
6405 19 0.0215214776306911
6512 0 0.1146046908188337
6512 1 0.10694201755182357
6512 2 0.0666483070598954
6512 3 0.05219068858371741
6512 4 0.049186324438837734
6512 5 0.039397736859085715
6512 6 0.03909134008878864
6512 7 0.03365841484104233
6512 8 0.027519472828307343
6512 9 0.01989715900584801
6516 0 0.17661344243007612
6516 1 0.16205766426164095
6516 2 0.10026674349058955
6516 3 0.08002499941032541
6516 4 0.06812765537479704
6516 5 0.06604995509284214
6516 6 0.050489695313982695
6516 7 0.035353541693103036
6516 8 0.03125687887194273
6516 9 0.013685787484226341
6517 0 0.19580923630630012
6517 1 0.18420598276810893
6517 2 0.06849554578373479
6517 3 0.06601299854780385
6517 4 0.06338236859384073
6517 5 0.04781574818462864
6517 6 0.04698844747842277
6517 7 0.04297936782093503
6517 8 0.02461715228372047
6517 9 0.0182264296606026
6523 0 0.12660583460734123
6523 1 0.08607146140399179
6523 2 0.07280637057615494
6523 3 0.06965417647850622
6523 4 0.05578825884760703
6523 5 0.05244036784706208
6523 6 0.04639281934002587
6523 7 0.03874783964143444
6523 8 0.03786696024467795
6523 9 0.032394245217376834
6523 10 0.0316973147977051
6523 11 0.029498566363024743
6523 12 0.02946173620061801
6523 13 0.027391845233508905
6523 14 0.023153931901652516
6523 15 0.02271840226282586
6523 16 0.021820617774366988
6523 17 0.021084444604441237
6523 18 0.02107384544016142
6523 19 0.02030874951068727
6527 0 0.1680124969611168
6527 1 0.12387200097370606
6527 2 0.09984930354484768
6527 3 0.08713204181236618
6527 4 0.08539758921250237
6527 5 0.06310041837436524
6527 6 0.05947385933014954
6527 7 0.057224920013967596
6527 8 0.04943870866775942
6527 9 0.04634823456570344
6527 10 0.04343941946290062
6527 11 0.042471475637153346
6527 12 0.03955648476217538
6527 13 0.03662270248756127
6527 14 0.03230693556835466
6527 15 0.029846844828375168
6527 16 0.028706235919602918
6527 17 0.027108746252501745
6527 18 0.02393865863779334
6527 19 0.022903620725150033
6529 0 0.10187377221691175
6529 1 0.09593694998558747
6529 2 0.08729344186441072
6529 3 0.08423090775546964
6529 4 0.05543490810022272
6529 5 0.05467145514495888
6529 6 0.05436987223250877
6529 7 0.05395351502752089
6529 8 0.05112658455212274
6529 9 0.048768137515154096
6529 10 0.04826522518431754
6529 11 0.047654234954108074
6529 12 0.04267028872075615
6529 13 0.03581475152813995
6529 14 0.026756434860788932
6529 15 0.026676823234444445
6529 16 0.025499851967633037
6529 17 0.02505649415088126
6529 18 0.023636777688689697
6529 19 0.01661915382794106
6530 0 0.21125521600530045
6530 1 0.1697650882980717
6530 2 0.1600879815172051
6530 3 0.15547594352868985
6530 4 0.1528793123889249
6530 5 0.1295311662224121
6530 6 0.12208264926773799
6530 7 0.10570032140088094
6530 8 0.09132533453004939
6530 9 0.0902769170352319
6530 10 0.08241903353277244
6530 11 0.07773522529999337
6530 12 0.04743571749782917
6530 13 0.03720946875128534
6530 14 0.0366155307447971
6530 15 0.028786877470079242
6530 16 0.0226085229393762
6530 17 0.02229255881523908
6530 18 0.02161381994928056
6530 19 0.019153936703173786
6531 0 0.20146345188298798
6531 1 0.18019961562142994
6531 2 0.13956419667468464
6531 3 0.11175916511982452
6531 4 0.06407668836333215
6531 5 0.05422679954834868
6531 6 0.05117465899612264
6531 7 0.049554871282936445
6531 8 0.04649523077036576
6531 9 0.03695640167889163
6531 10 0.03656669045977609
6531 11 0.03511171324337869
6531 12 0.028000685072673885
6531 13 0.02405326504892501
6531 14 0.022778318948033924
6531 15 0.022455769722900035
6531 16 0.022165876260715457
6531 17 0.021157795574753564
6531 18 0.020923314294431224
6531 19 0.0200377342183038
6533 0 0.07682479500314654
6533 1 0.07335520318733103
6533 2 0.06860590988832344
6533 3 0.06215587231222837
6533 4 0.054368050059044756
6533 5 0.050442167899283595
6533 6 0.03934233222245521
6533 7 0.037250186594343565
6533 8 0.034337127298689776
6533 9 0.031517919367972456
6533 10 0.027789820367682263
6533 11 0.027663481121202586
6533 12 0.02758860790038771
6533 13 0.025598309696543756
6533 14 0.024758855508320653
6533 15 0.024533139900966512
6533 16 0.023521748744580864
6533 17 0.021930197174855177
6533 18 0.02041035926015531
6533 19 0.018272144333377358
6545 0 0.18494550602092505
6545 1 0.10740666046729994
6545 2 0.10624378180706168
6545 3 0.0846392406065073
6545 4 0.07743238987907525
6545 5 0.05059258586653776
6545 6 0.04125970387527193
6545 7 0.027139174285781283
6545 8 0.022255411753099474
6545 9 0.018961463500536357
6546 0 0.18244293373996928
6546 1 0.14385002411436656
6546 2 0.14000572854535653
6546 3 0.1360912170498201
6546 4 0.08707373980674941
6546 5 0.08437023045945742
6546 6 0.06241976679216188
6546 7 0.05485352913195747
6546 8 0.049179816676466245
6546 9 0.045110141262914294
6546 10 0.03940669682177109
6546 11 0.03635909095381782
6546 12 0.036139313443839166
6546 13 0.02986713018389486
6546 14 0.02783453152463626
6546 15 0.024354225479756977
6546 16 0.02424428202183757
6546 17 0.022606502703579143
6546 18 0.02025483694363238
6546 19 0.020102738276009224
6550 0 0.14626563005434412
6550 1 0.1081955068999681
6550 2 0.08242499426584314
6550 3 0.04619832590159138
6550 4 0.04426395861429145
6550 5 0.03749871520984864
6550 6 0.03332528908732382
6550 7 0.019909040859522786
6550 8 0.019287194927154507
6550 9 0.017817513940413414
6642 0 0.2112643759166268
6642 1 0.058845115169667485
6642 2 0.047558674594183614
6642 3 0.04242968259857288
6642 4 0.0419959449522833
6642 5 0.031196052986310587
6642 6 0.027632060889949885
6642 7 0.024607545317413812
6642 8 0.02246857775377029
6642 9 0.016941369176570676
6644 0 0.1361696723694012
6644 1 0.11681639441640315
6644 2 0.07277602365411656
6644 3 0.05510320839530214
6644 4 0.02999316950741307
6644 5 0.026851223720768484
6644 6 0.026442634331851837
6644 7 0.023298159006268075
6644 8 0.01945221857673981
6644 9 0.018403501158960847
6645 0 0.20299763894213996
6645 1 0.19181937812665745
6645 2 0.18672281553704398
6645 3 0.16112161790305363
6645 4 0.13061974698575526
6645 5 0.11193249418324218
6645 6 0.10814491612118456
6645 7 0.10011186251876408
6645 8 0.0988719621329744
6645 9 0.08854357358443314
6645 10 0.08659885046657685
6645 11 0.08093096292998508
6645 12 0.07930812694317793
6645 13 0.07265464351119474
6645 14 0.06864393031103637
6645 15 0.06548798623321532
6645 16 0.06453870553816471
6645 17 0.05502449653784206
6645 18 0.052139290465138224
6645 19 0.03031593943057521
6646 0 0.17981583495445816
6646 1 0.17533227717192743
6646 2 0.15008588651504626
6646 3 0.07969279794749445
6646 4 0.07353314993257055
6646 5 0.06110908458746565
6646 6 0.0602912267387762
6646 7 0.05589984905235262
6646 8 0.0501685702513388
6646 9 0.04384038062253312
6646 10 0.04253798685489785
6646 11 0.04099501337339037
6646 12 0.04057588706835572
6646 13 0.03285416859040292
6646 14 0.028285168603704426
6646 15 0.027404272230176538
6646 16 0.025155678108346482
6646 17 0.02449316903585006
6646 18 0.019779806130364782
6646 19 0.019521887473965428
6649 0 0.1768452772203674
6649 1 0.16356090078021576
6649 2 0.15510625735459915
6649 3 0.14234322624641282
6649 4 0.1350127016256115
6649 5 0.11471666960301365
6649 6 0.08037418518979199
6649 7 0.07878994306330964
6649 8 0.07840865986804214
6649 9 0.06707247735234494
6649 10 0.06626995895977285
6649 11 0.06553125059198413
6649 12 0.06314190583106043
6649 13 0.04999876103852554
6649 14 0.04859289196287573
6649 15 0.04434959699448432
6649 16 0.03155316691802276
6649 17 0.028607329249403964
6649 18 0.025447565398017045
6649 19 0.02111909419487654
6655 0 0.12100819317820283
6655 1 0.040901139372758695
6655 2 0.028743100035552457
6655 3 0.025657847233857133
6655 4 0.02372286312386286
6655 5 0.02149732345759926
6655 6 0.019193343562218038
6655 7 0.01790045301395306
6655 8 0.01723335078163793
6655 9 0.01667599205860122
6656 0 0.19703844509872123
6656 1 0.10705507530414163
6656 2 0.08154772526247188
6656 3 0.07570053283892829
6656 4 0.04593733256326
6656 5 0.04476340768376162
6656 6 0.036315343700217974
6656 7 0.034498983837254284
6656 8 0.030365015504087937
6656 9 0.026841707297242647
6656 10 0.025801380177153065
6656 11 0.02489403588008588
6656 12 0.02335092092548337
6656 13 0.021499866200693975
6656 14 0.02090994980272051
6656 15 0.020062390149306025
6656 16 0.01906347126097842
6656 17 0.017418063713435853
6656 18 0.016759217850946802
6656 19 0.0157369096873945
6659 0 0.20629789312212565
6659 1 0.19648341785229068
6659 2 0.1621748115295594
6659 3 0.15438125112764128
6659 4 0.09396489803838681
6659 5 0.08675148295934526
6659 6 0.0659733181741092
6659 7 0.04815770940470889
6659 8 0.04398507930413212
6659 9 0.028041104879078568
6662 0 0.19832677832701825
6662 1 0.17470510241964626
6662 2 0.16037924255264166
6662 3 0.1477533837573986
6662 4 0.088087154971548
6662 5 0.08307124336395051
6662 6 0.07507442950955351
6662 7 0.071670850926188
6662 8 0.06434602295534662
6662 9 0.0618692365038454
6662 10 0.05083040402559493
6662 11 0.049191326927478074
6662 12 0.047559451753052324
6662 13 0.04636445681393381
6662 14 0.04500937092047678
6662 15 0.03890869643679405
6662 16 0.03135585156291936
6662 17 0.02844951695504944
6662 18 0.028168589114474042
6662 19 0.02483992525069794
6664 0 0.1386479490041701
6664 1 0.09234655900969375
6664 2 0.08726400037018053
6664 3 0.06334062082665068
6664 4 0.06193351810561219
6664 5 0.056573951373409946
6664 6 0.05405039580299898
6664 7 0.05289382872910709
6664 8 0.0497502626039474
6664 9 0.04959827522849234
6664 10 0.04285220048527243
6664 11 0.042558091124855896
6664 12 0.032464642229464886
6664 13 0.03080932024742246
6664 14 0.025691131137348392
6664 15 0.023086102154662315
6664 16 0.021752661644745222
6664 17 0.01865974100129915
6664 18 0.018313784581015187
6664 19 0.01779967512628381
6666 0 0.2049389063438616
6666 1 0.18834994476070838
6666 2 0.14382533611612947
6666 3 0.13112142944381902
6666 4 0.1162271269083589
6666 5 0.09061486796464496
6666 6 0.06511527442119885
6666 7 0.06140085115342845
6666 8 0.05747710052163244
6666 9 0.04952000476708876
6666 10 0.036274606994080416
6666 11 0.03467047940936033
6666 12 0.0312121997822236
6666 13 0.030601581154677083
6666 14 0.02730481287175299
6666 15 0.026451669746854565
6666 16 0.025370002302088624
6666 17 0.024785529788812002
6666 18 0.02221583889895705
6666 19 0.01997699698914455
6668 0 0.10368388085538295
6668 1 0.0629869531795335
6668 2 0.05347069564879478
6668 3 0.04871592451154752
6668 4 0.04200965841096176
6668 5 0.041001079739705355
6668 6 0.0392253434044032
6668 7 0.033724337530711496
6668 8 0.03314888534197413
6668 9 0.03193276752661333
6668 10 0.029567573166165612
6668 11 0.027549025614705618
6668 12 0.026082477785442502
6668 13 0.0255241080013533
6668 14 0.025136122753997153
6668 15 0.022918630077378987
6668 16 0.02151170844190214
6668 17 0.020959161690404467
6668 18 0.01987894481643959
6668 19 0.015723910196268967
6670 0 0.14346023744293368
6670 1 0.12327771588655799
6670 2 0.07564217801668939
6670 3 0.05642784550609236
6670 4 0.05333882386114538
6670 5 0.04003035172344785
6670 6 0.034314510466563954
6670 7 0.03189475842174799
6670 8 0.030335706051413117
6670 9 0.02868728041117653
6670 10 0.02768393247182045
6670 11 0.02406702000637801
6670 12 0.0234701563362845
6670 13 0.02336625660898487
6670 14 0.021797193602445513
6670 15 0.021190905937914915
6670 16 0.01924632617946159
6670 17 0.018032392708688085
6670 18 0.014552512026247863
6670 19 0.014189658059493248
6679 0 0.0903553949905082
6679 1 0.06145575403214857
6679 2 0.04988648799030794
6679 3 0.03825580753475983
6679 4 0.02876498875281585
6679 5 0.026969572566840738
6679 6 0.024074055934970952
6679 7 0.0222740899742596
6679 8 0.022028613404991355
6679 9 0.02037665093737896
6706 0 0.09876744558298042
6706 1 0.049976385653815236
6706 2 0.03478965257199964
6706 3 0.033855624562901435
6706 4 0.03322920433379378
6706 5 0.02887752022522038
6706 6 0.022978914592634136
6706 7 0.018233786261544278
6706 8 0.018044223632048648
6706 9 0.016515571000374304
6724 0 0.12282897077434739
6724 1 0.05230676820134535
6724 2 0.03951289973105784
6724 3 0.03015935512268557
6724 4 0.03006991017308237
6724 5 0.028890939419861175
6724 6 0.024315284538772363
6724 7 0.02282743463401326
6724 8 0.021343694994241824
6724 9 0.017481417251699233
6751 0 0.15949806511923165
6751 1 0.09780296879121542
6751 2 0.09325680822097893
6751 3 0.06319346994473779
6751 4 0.05147437069110245
6751 5 0.027155304104922895
6751 6 0.022592728883046802
6751 7 0.022356310364476484
6751 8 0.02106787716185899
6751 9 0.015773438983685797
6753 0 0.20824211825468744
6753 1 0.2018444860856082
6753 2 0.17561934305851928
6753 3 0.17407928580907742
6753 4 0.15893378741869388
6753 5 0.15867702318275
6753 6 0.10828385401835385
6753 7 0.09671667423308795
6753 8 0.0835435975062601
6753 9 0.08156607526605153
6753 10 0.07564490939057747
6753 11 0.04564731649105973
6753 12 0.04357859126225369
6753 13 0.0421792261763595
6753 14 0.03958645442262702
6753 15 0.03502441491220411
6753 16 0.029770028710388516
6753 17 0.025066087913032383
6753 18 0.024532992768947676
6753 19 0.014144861075528266
6757 0 0.11859258723822529
6757 1 0.10408419312508625
6757 2 0.09575342731409575
6757 3 0.06999590002378682
6757 4 0.06946998228139008
6757 5 0.042202537169804946
6757 6 0.041883641723138756
6757 7 0.04168158796250575
6757 8 0.041148094807447015
6757 9 0.04086314158574096
6757 10 0.03924886566433723
6757 11 0.037664487723683644
6757 12 0.034579476369403846
6757 13 0.03298402580117907
6757 14 0.03149426695279099
6757 15 0.0298819207244035
6757 16 0.027308036572011793
6757 17 0.02259697873482157
6757 18 0.021227924731115025
6757 19 0.02055611616050515
6759 0 0.18053186235565133
6759 1 0.17166698468059982
6759 2 0.146722056212461
6759 3 0.11553359938819968
6759 4 0.10067357484051193
6759 5 0.08646737480359354
6759 6 0.0752535759466389
6759 7 0.0742219465924319
6759 8 0.05658198327259191
6759 9 0.05237599570251447
6759 10 0.04932797484681577
6759 11 0.04383903002605255
6759 12 0.031235944626493817
6759 13 0.02735822179458957
6759 14 0.025087908723210157
6759 15 0.025081757473038157
6759 16 0.022092889347834346
6759 17 0.02091291696510032
6759 18 0.01842547098746539
6759 19 0.01701765712833587
6762 0 0.2103554773018222
6762 1 0.17762897025976052
6762 2 0.16472825376287292
6762 3 0.10827972677659477
6762 4 0.10046233098762561
6762 5 0.10041481111815824
6762 6 0.08726323075654356
6762 7 0.08001495670688606
6762 8 0.07901473060716036
6762 9 0.06983364736055622
6762 10 0.0651350655640399
6762 11 0.05629426472345496
6762 12 0.04812289570548335
6762 13 0.04761270599863834
6762 14 0.046502493055910754
6762 15 0.044831409084773795
6762 16 0.04397602125343419
6762 17 0.039558284299944194
6762 18 0.03942021033180857
6762 19 0.0301385849860269
6763 0 0.21345006355517376
6763 1 0.21219607622173475
6763 2 0.18392510397153983
6763 3 0.17041744903388448
6763 4 0.15694774661185643
6763 5 0.13875617780817773
6763 6 0.11821110032170096
6763 7 0.11821110032170096
6763 8 0.11821110032170096
6763 9 0.11726392474630441
6763 10 0.10174031970321386
6763 11 0.09435798197608791
6763 12 0.08974111503926224
6763 13 0.07901473060716036
6763 14 0.061974873520752025
6763 15 0.0575966169923157
6763 16 0.039966273842937904
6763 17 0.03381169245112408
6763 18 0.022336583356105187
6763 19 0.01736026346572947
6765 0 0.20639928594618132
6765 1 0.19890653884307632
6765 2 0.1955402638854089
6765 3 0.1812444944025637
6765 4 0.1801259892501593
6765 5 0.16087018060071467
6765 6 0.14776397726275461
6765 7 0.13292987058607678
6765 8 0.11603943172371771
6765 9 0.11469905903214403
6765 10 0.10332074394243827
6765 11 0.09317233180647326
6765 12 0.07205713661009581
6765 13 0.06400155294571447
6765 14 0.05551730203076951
6765 15 0.04972402783320462
6765 16 0.044952498736273806
6765 17 0.040019524315908044
6765 18 0.03701641267949639
6765 19 0.029189707960874108
6768 0 0.20884964522353053
6768 1 0.19509699661143795
6768 2 0.14876590858485245
6768 3 0.12007308242835064
6768 4 0.07974796113670944
6768 5 0.05426640446972598
6768 6 0.04083594857056783
6768 7 0.03712195538100632
6768 8 0.030050769806478472
6768 9 0.02221099108756728
6769 0 0.2085017798596176
6769 1 0.1982319951259625
6769 2 0.15447550616247557
6769 3 0.14392826816745907
6769 4 0.13619134227494428
6769 5 0.11782987748828734
6769 6 0.10616375707927969
6769 7 0.10270679598138867
6769 8 0.0925523023886452
6769 9 0.08398621589030184
6769 10 0.082730742146211
6769 11 0.06761089754372665
6769 12 0.06586704358512097
6769 13 0.05995717669417015
6769 14 0.054256825798038325
6769 15 0.04319473514296455
6769 16 0.03355756904628746
6769 17 0.032696541154225905
6769 18 0.02612087924235806
6769 19 0.01878675743232705
6773 0 0.20296448519389615
6773 1 0.17471089715761878
6773 2 0.1306767738472088
6773 3 0.11378548991889542
6773 4 0.08932577266794273
6773 5 0.08454695487715586
6773 6 0.0734575014391949
6773 7 0.05911626061729838
6773 8 0.057244281078599746
6773 9 0.05027916825811122
6773 10 0.04833263428463851
6773 11 0.03823744998594844
6773 12 0.037283842100497774
6773 13 0.03356188114622405
6773 14 0.033187192483493
6773 15 0.031551005209130664
6773 16 0.02975487977137246
6773 17 0.029593853208298805
6773 18 0.02934901987003597
6773 19 0.02720323707582776
6776 0 0.11029071211954831
6776 1 0.0787839747850072
6776 2 0.07212994809633909
6776 3 0.06525107350196636
6776 4 0.05558778204040665
6776 5 0.04642980983860698
6776 6 0.0411761064802634
6776 7 0.04000801029228035
6776 8 0.03767073894817614
6776 9 0.03745758615166086
6776 10 0.033990393719537104
6776 11 0.03356188114622405
6776 12 0.029197113605822063
6776 13 0.027506523324342058
6776 14 0.026653468855916518
6776 15 0.024475241565247573
6776 16 0.02383400061470434
6776 17 0.021491958797835636
6776 18 0.01864656514038181
6776 19 0.01833377944511308
6779 0 0.13465217536284713
6779 1 0.11727020237910799
6779 2 0.09986382057070592
6779 3 0.08237705940863034
6779 4 0.07356528507453015
6779 5 0.06026132498541018
6779 6 0.05073579813748495
6779 7 0.04606134599205735
6779 8 0.039496888749316054
6779 9 0.03834836489245374
6779 10 0.03085258460619126
6779 11 0.03047249355753791
6779 12 0.02880269982102765
6779 13 0.022661162248575808
6779 14 0.019519063670988584
6779 15 0.01907720924166002
6779 16 0.018865989910776853
6779 17 0.01663927696097845
6779 18 0.016407159224497116
6779 19 0.015946898202350887
6780 0 0.13465217536284713
6780 1 0.12161515425466578
6780 2 0.05103114868852191
6780 3 0.05065258932191078
6780 4 0.044263219181581416
6780 5 0.04316683664862419
6780 6 0.041125760921511254
6780 7 0.038034736017538616
6780 8 0.033434412001292046
6780 9 0.029845767746544988
6780 10 0.02658164579503054
6780 11 0.025659092197093416
6780 12 0.024887184809670452
6780 13 0.02348190048948011
6780 14 0.019748917837949402
6780 15 0.01907720924166002
6780 16 0.018865989910776853
6780 17 0.016410016981016767
6780 18 0.01625556420109228
6780 19 0.015993580551095666
6781 0 0.18652002988893265
6781 1 0.17726960596268337
6781 2 0.1600456225862445
6781 3 0.10797732897911727
6781 4 0.06403475951058045
6781 5 0.059159185440639105
6781 6 0.04595303796311651
6781 7 0.04041857653191158
6781 8 0.040251740140401934
6781 9 0.03948141347902746
6781 10 0.0366270900398152
6781 11 0.03585511851792249
6781 12 0.033998433163950806
6781 13 0.027950369694848678
6781 14 0.02420586924707441
6781 15 0.023257731654631655
6781 16 0.021319631363930804
6781 17 0.01972682351312123
6781 18 0.01967337309151011
6781 19 0.018150103982678727
6782 0 0.15398749566431574
6782 1 0.07239379730488218
6782 2 0.056357154229966636
6782 3 0.04924270618297792
6782 4 0.039475618741054944
6782 5 0.03650363873078211
6782 6 0.033571663539168545
6782 7 0.03350372627262612
6782 8 0.026644474939688335
6782 9 0.025159663877010522
6890 0 0.09279807322195112
6890 1 0.08951705938288981
6890 2 0.06705590802345475
6890 3 0.0648080627658744
6890 4 0.04863941208913821
6890 5 0.02896909670278873
6890 6 0.026361060945256233
6890 7 0.02616516598002696
6890 8 0.024927048155234676
6890 9 0.021424040394372547
6894 0 0.14245773268322398
6894 1 0.13383424206184033
6894 2 0.09570388532252339
6894 3 0.07660868447579113
6894 4 0.06668181543403078
6894 5 0.05952575166140737
6894 6 0.056320163731385535
6894 7 0.04091846699743825
6894 8 0.039918097538309584
6894 9 0.02934048809925156
6896 0 0.16579161836175754
6896 1 0.15721973712544166
6896 2 0.0879395626935786
6896 3 0.07395347970206695
6896 4 0.05232800425606366
6896 5 0.051059609302626534
6896 6 0.05002521462098864
6896 7 0.04623223040039285
6896 8 0.04254916511571333
6896 9 0.03311397355473603
6898 0 0.20303675342345448
6898 1 0.1654119573913131
6898 2 0.13227787202138727
6898 3 0.10330446133235403
6898 4 0.07899601088722569
6898 5 0.06892871753764425
6898 6 0.06386473525866274
6898 7 0.05138645742354147
6898 8 0.05031932398140518
6898 9 0.04054098659896523
6898 10 0.037786169675874864
6898 11 0.03583345238499528
6898 12 0.03241330447273958
6898 13 0.03176816075108139
6898 14 0.03031462090132951
6898 15 0.029770685145549466
6898 16 0.028808871820586925
6898 17 0.024981634134221924
6898 18 0.02497402854063299
6898 19 0.016486991548869855
6902 0 0.15536007895016637
6902 1 0.08934437166416963
6902 2 0.0660147113154077
6902 3 0.056060219180265325
6902 4 0.052449290083588784
6902 5 0.04013646408995378
6902 6 0.035624875771527315
6902 7 0.0335036696833881
6902 8 0.025611447831302418
6902 9 0.024432560075630307
6902 10 0.022289672764100422
6902 11 0.022135601018378553
6902 12 0.020566328631658547
6902 13 0.019076322676931153
6902 14 0.018921443591413633
6902 15 0.018742568782670707
6902 16 0.01576078563006611
6902 17 0.014628289731716978
6902 18 0.014176580286588466
6902 19 0.012651057982930205
6905 0 0.13469012787847445
6905 1 0.109895326886168
6905 2 0.08050381981623195
6905 3 0.06285709974137321
6905 4 0.058150478500443206
6905 5 0.05325157080136121
6905 6 0.042730854295893426
6905 7 0.037215784110247584
6905 8 0.035068875190202915
6905 9 0.03079311120334763
6905 10 0.02996485225271141
6905 11 0.027706079613270766
6905 12 0.027665367429136348
6905 13 0.027425747846002435
6905 14 0.026038262727475087
6905 15 0.024606141904311093
6905 16 0.021644410205042403
6905 17 0.021521415382529288
6905 18 0.021289227852654403
6905 19 0.019587785641631456
6908 0 0.10456854418585457
6908 1 0.09785719637169525
6908 2 0.0916671033467204
6908 3 0.0861672707565635
6908 4 0.08392094209056189
6908 5 0.07333010020134852
6908 6 0.05891755316693987
6908 7 0.05456094013573554
6908 8 0.05218824770125112
6908 9 0.04887856575421248
6908 10 0.04155549582236539
6908 11 0.031457063301413374
6908 12 0.030787959696380523
6908 13 0.02960180588254755
6908 14 0.02809477977133381
6908 15 0.0263702604690492
6908 16 0.02610158231219566
6908 17 0.026050606726593636
6908 18 0.025407922750481073
6908 19 0.022368505345268266
6911 0 0.1691479336135347
6911 1 0.14817955353625792
6911 2 0.14737714832216187
6911 3 0.14057245090097645
6911 4 0.1284464335272538
6911 5 0.11034735417418336
6911 6 0.11026854422871071
6911 7 0.08184850083512633
6911 8 0.07274329998408163
6911 9 0.0546057889931687
6911 10 0.053496130624973645
6911 11 0.04860743539704505
6911 12 0.04713029783504179
6911 13 0.04710258419887894
6911 14 0.04646796607549114
6911 15 0.040541394041478926
6911 16 0.03800809380428214
6911 17 0.03790802139578012
6911 18 0.025263582467389488
6911 19 0.016924083050665666
6912 0 0.19262499760947263
6912 1 0.17870042334706512
6912 2 0.1683769467443834
6912 3 0.15846442873338312
6912 4 0.15310076494034874
6912 5 0.12570655616299883
6912 6 0.10635281795086494
6912 7 0.0925820079659861
6912 8 0.07680964417782256
6912 9 0.07530942575194177
6912 10 0.06036521150855428
6912 11 0.058592104686511784
6912 12 0.05549552271936627
6912 13 0.04926543996619564
6912 14 0.04125195492228003
6912 15 0.03901841542406934
6912 16 0.032263048727967716
6912 17 0.030631854510706054
6912 18 0.027758232255023458
6912 19 0.025526215007315316
6916 0 0.10107283832300404
6916 1 0.09859686298391433
6916 2 0.0887804410442917
6916 3 0.08547147212165201
6916 4 0.06936771421045317
6916 5 0.06614715276805311
6916 6 0.06334062082665068
6916 7 0.05014647404020269
6916 8 0.05009518155486779
6916 9 0.049611166256911685
6916 10 0.04433032647263299
6916 11 0.0399950513567754
6916 12 0.03524356239533289
6916 13 0.029370457759703195
6916 14 0.027184304203096574
6916 15 0.026458475545879583
6916 16 0.02515741728426141
6916 17 0.022271560435320425
6916 18 0.020998542141137645
6916 19 0.01631351535343336
6918 0 0.1471826171575687
6918 1 0.1468827545579542
6918 2 0.11521956684338673
6918 3 0.10197029082126657
6918 4 0.09599957540898842
6918 5 0.07353887676345745
6918 6 0.07215480963490609
6918 7 0.048705485683442074
6918 8 0.045455505382507054
6918 9 0.03537249531522149
6918 10 0.033628354637809874
6918 11 0.031318872382185864
6918 12 0.02911376520346079
6918 13 0.02571601153899473
6918 14 0.022332499499428587
6918 15 0.02084282176228167
6918 16 0.018979847457658818
6918 17 0.018249544478022937
6918 18 0.01577503480019776
6918 19 0.013486194412292924
6924 0 0.21145425921847116
6924 1 0.11920523741941647
6924 2 0.07588683215569851
6924 3 0.05602986848561107
6924 4 0.05105078515411239
6924 5 0.04069367945358752
6924 6 0.030307477453184347
6924 7 0.02035341728255879
6924 8 0.019344076542897146
6924 9 0.01930055375994142
6939 0 0.19901617106018665
6939 1 0.18696154666914108
6939 2 0.13068350419391647
6939 3 0.08433138760648536
6939 4 0.05657901422390416
6939 5 0.050472650635493214
6939 6 0.03491281338961093
6939 7 0.021263970189421312
6939 8 0.02087712049944129
6939 9 0.016645522526547142
7039 0 0.1120455217546333
7039 1 0.09043504245670343
7039 2 0.08685069521142948
7039 3 0.0844528809278832
7039 4 0.0835765701689423
7039 5 0.07587540867485164
7039 6 0.0736180111538947
7039 7 0.07177417532956781
7039 8 0.06627264506227053
7039 9 0.058948484844437724
7039 10 0.05848917640779804
7039 11 0.051387230809794314
7039 12 0.04384212734367979
7039 13 0.0335491183867442
7039 14 0.029777219316232024
7039 15 0.028044375737035714
7039 16 0.024319532504239197
7039 17 0.021927501640817828
7039 18 0.021448136091918445
7039 19 0.01934223927896966
7043 0 0.17733221629562085
7043 1 0.13260939441336209
7043 2 0.10088314365195304
7043 3 0.0868710597918824
7043 4 0.07931484219942213
7043 5 0.06341960431245323
7043 6 0.049821395276129624
7043 7 0.04852698059105417
7043 8 0.037537814600699694
7043 9 0.03707098356802016
7043 10 0.03335602836141244
7043 11 0.03027629301042337
7043 12 0.027626837703281296
7043 13 0.026242138661572115
7043 14 0.02520037983376081
7043 15 0.023823748531084335
7043 16 0.022871255453622518
7043 17 0.01996305340089817
7043 18 0.018957160832139445
7043 19 0.016557537579284676
7049 0 0.19721957593175296
7049 1 0.19470529345114437
7049 2 0.17659995155573385
7049 3 0.16922312939300624
7049 4 0.1497675682786078
7049 5 0.11777080586903362
7049 6 0.06842097625849726
7049 7 0.05966032086940206
7049 8 0.055996986365709704
7049 9 0.04082933140233619
7049 10 0.04020519360582839
7049 11 0.03818249806322204
7049 12 0.0347517717360738
7049 13 0.030708299026029756
7049 14 0.029353718663098976
7049 15 0.028591438991369938
7049 16 0.026552251458498703
7049 17 0.022825150315105472
7049 18 0.022593230640957182
7049 19 0.02184051266414439
7051 0 0.14793928317688684
7051 1 0.12397622325966236
7051 2 0.06857166962670976
7051 3 0.05576748682464043
7051 4 0.050137695163078956
7051 5 0.04590212273936837
7051 6 0.04413225282174022
7051 7 0.042131544084409826
7051 8 0.035356261749143525
7051 9 0.03516665007564161
7051 10 0.03471203477314114
7051 11 0.034264893022674235
7051 12 0.03343829025040386
7051 13 0.032420204587161286
7051 14 0.030809127844013216
7051 15 0.02774793867262891
7051 16 0.026613943159472436
7051 17 0.02204491487815494
7051 18 0.01818591176618536
7051 19 0.015490518258778375
7056 0 0.08001266295643861
7056 1 0.025922326469250113
7056 2 0.02515741162533761
7056 3 0.02397793345528223
7056 4 0.023444017767246337
7056 5 0.023000541113094734
7056 6 0.021812761301822862
7056 7 0.0199647925768131
7056 8 0.019152503109144126
7056 9 0.01847005764809576
7056 10 0.018193885189821377
7056 11 0.017979753399488478
7056 12 0.016906327234085153
7056 13 0.016663914028901335
7056 14 0.016619376412277245
7056 15 0.015949257973576027
7056 16 0.015749470611925432
7056 17 0.015077005606154608
7056 18 0.014904243378271042
7056 19 0.013480217645604795
7058 0 0.09279807322195112
7058 1 0.09191586963702512
7058 2 0.060384214174679006
7058 3 0.047288626977770164
7058 4 0.04461896176742575
7058 5 0.04334737895358056
7058 6 0.040626964514586174
7058 7 0.030258642827087144
7058 8 0.027539943042004546
7058 9 0.027317705786480264
7058 10 0.026629654218252755
7058 11 0.023137575725558853
7058 12 0.021342912176449312
7058 13 0.01996553955475487
7058 14 0.01846135233698144
7058 15 0.01827053154009399
7058 16 0.017493897064989012
7058 17 0.016492044967824408
7058 18 0.014232886578411307
7058 19 0.013478143650031622
7059 0 0.09191586963702512
7059 1 0.05485151455508421
7059 2 0.04696907509594302
7059 3 0.03547707977230107
7059 4 0.03455930041974431
7059 5 0.03396006188796218
7059 6 0.032023491392995616
7059 7 0.030825972573861722
7059 8 0.0295227771253546
7059 9 0.0277242051462063
7059 10 0.02589338296031445
7059 11 0.023608185033029708
7059 12 0.0233725153787091
7059 13 0.020784374510954006
7059 14 0.019617691167613343
7059 15 0.019582402118788495
7059 16 0.018587218120169745
7059 17 0.01846135233698144
7059 18 0.015749470611925432
7059 19 0.01402182664054854
7060 0 0.09007920932807828
7060 1 0.08755275638868106
7060 2 0.0839242393568301
7060 3 0.0810004469690332
7060 4 0.08001266295643861
7060 5 0.06626365869127408
7060 6 0.04413599902929667
7060 7 0.03269090863873569
7060 8 0.023444017767246337
7060 9 0.021256468342768734
7060 10 0.0199647925768131
7060 11 0.019582402118788495
7060 12 0.019076675416514765
7060 13 0.01847005764809576
7060 14 0.017739888596323177
7060 15 0.015749470611925432
7060 16 0.015438804183620283
7060 17 0.01519563362580106
7060 18 0.013480217645604795
7060 19 0.01334777996557526
7064 0 0.13870567002694326
7064 1 0.1380786461792968
7064 2 0.13782182158149903
7064 3 0.13692013620823315
7064 4 0.13069533511727705
7064 5 0.1215064802819858
7064 6 0.118280871079555
7064 7 0.08296245621279451
7064 8 0.058661577407712294
7064 9 0.05520644602851702
7064 10 0.05068593547356385
7064 11 0.048385994163468816
7064 12 0.046742608738031245
7064 13 0.037538663439269884
7064 14 0.03743051008757962
7064 15 0.029606910231816316
7064 16 0.022709672429708404
7064 17 0.022316790326956205
7064 18 0.02225484208810348
7064 19 0.021951457751576624
7065 0 0.1783205963815225
7065 1 0.10083753272611465
7065 2 0.0857875343338017
7065 3 0.08461654454944825
7065 4 0.07281309337763088
7065 5 0.058661577407712294
7065 6 0.05627841596419548
7065 7 0.0526111805756961
7065 8 0.051291168691959474
7065 9 0.049751998007246466
7065 10 0.043523933603564956
7065 11 0.04139153039153093
7065 12 0.04052358352196833
7065 13 0.03679736705699603
7065 14 0.03326817545570533
7065 15 0.028717106712225198
7065 16 0.02863355647491501
7065 17 0.026360461099333297
7065 18 0.02370028779051158
7065 19 0.01639879156250294
7068 0 0.10800345811661577
7068 1 0.05103265018963719
7068 2 0.042961927017779455
7068 3 0.04171305912407265
7068 4 0.037335542028346366
7068 5 0.03136839362437096
7068 6 0.030593596413193463
7068 7 0.029869022150752423
7068 8 0.029530465716492618
7068 9 0.02687354628885664
7068 10 0.026091409453508876
7068 11 0.025725505326825365
7068 12 0.025445720588857825
7068 13 0.02401147389665248
7068 14 0.023808724088391908
7068 15 0.01936575587997989
7068 16 0.01877517361530581
7068 17 0.01730681493042628
7068 18 0.01725877821258506
7068 19 0.014873859673227947
7069 0 0.10291035878836868
7069 1 0.0678329989850797
7069 2 0.06245464462585717
7069 3 0.056926657003480916
7069 4 0.04842576507994428
7069 5 0.04674341230521103
7069 6 0.04672563196662737
7069 7 0.04640937357845258
7069 8 0.04309682821597049
7069 9 0.0377065259822955
7069 10 0.03605541046694536
7069 11 0.03253591448843421
7069 12 0.02891057022652785
7069 13 0.02698282388007543
7069 14 0.026904583599598787
7069 15 0.0252116033659667
7069 16 0.02263276576894093
7069 17 0.0195306682373971
7069 18 0.018267653034187068
7069 19 0.016438771859159058
7170 0 0.2188206689614044
7170 1 0.21339392703106497
7170 2 0.1215053862233842
7170 3 0.097048958693468
7170 4 0.06000722798888464
7170 5 0.04446955486122407
7170 6 0.03552020454428278
7170 7 0.03483584070806577
7170 8 0.0242599100830688
7170 9 0.023202685416508568
7171 0 0.17623981764501973
7171 1 0.10473177772921073
7171 2 0.07925352210111135
7171 3 0.07760906902538327
7171 4 0.0325966875574442
7171 5 0.02408039204332046
7171 6 0.023819559041163445
7171 7 0.022486735353940697
7171 8 0.01687824954049108
7171 9 0.016777594262837526
7175 0 0.10270664507675396
7175 1 0.08596459074169648
7175 2 0.07378724315648023
7175 3 0.05361041825006451
7175 4 0.04581362848896379
7175 5 0.042813236908592615
7175 6 0.041470528967796946
7175 7 0.028559000153833006
7175 8 0.027167795236060277
7175 9 0.026819060284189882
7175 10 0.02217651503746188
7175 11 0.021777172330036548
7175 12 0.02096244197990128
7175 13 0.020791329328305793
7175 14 0.01840553271260551
7175 15 0.01657106617978563
7175 16 0.016124120605343836
7175 17 0.01542433525861435
7175 18 0.015410084202174766
7175 19 0.014571305312191949
7178 0 0.18686302103314473
7178 1 0.11337508212913062
7178 2 0.10431725024291859
7178 3 0.09101263749125355
7178 4 0.069051267191485
7178 5 0.06660545768887202
7178 6 0.060397010887701656
7178 7 0.05508390391990801
7178 8 0.043029660563065036
7178 9 0.042813236908592615
7178 10 0.04230117221166144
7178 11 0.041440853571382975
7178 12 0.03529638279009413
7178 13 0.034174610552348446
7178 14 0.02879294572270216
7178 15 0.028207558350077662
7178 16 0.020159927359945068
7178 17 0.020087334685422113
7178 18 0.018803294693982356
7178 19 0.016138826261995455
7179 0 0.11337508212913062
7179 1 0.10431725024291859
7179 2 0.09298650783930236
7179 3 0.08534419160751339
7179 4 0.0690331435448574
7179 5 0.05508390391990801
7179 6 0.04978735496315693
7179 7 0.043029660563065036
7179 8 0.02977008152701066
7179 9 0.029122808163695252
7179 10 0.02879294572270216
7179 11 0.028120163817198465
7179 12 0.022657206660838706
7179 13 0.022184777066211768
7179 14 0.020159927359945068
7179 15 0.020087334685422113
7179 16 0.019672224329978446
7179 17 0.01899319119998226
7179 18 0.0182264296606026
7179 19 0.01235939139128789
7184 0 0.10211921106002134
7184 1 0.10096725789533544
7184 2 0.08203873876286225
7184 3 0.07911983568522966
7184 4 0.0733751905061972
7184 5 0.06330014820362385
7184 6 0.05123312699683757
7184 7 0.04469412736597035
7184 8 0.036769189389081476
7184 9 0.036319625619227615
7184 10 0.02808645549442211
7184 11 0.023914263017285976
7184 12 0.020975557478964738
7184 13 0.019726402866452
7184 14 0.019306174957584035
7184 15 0.01893784315258977
7184 16 0.01893784315258977
7184 17 0.017326189199213967
7184 18 0.01620120835167295
7184 19 0.014833607748229368
7185 0 0.1971950690190775
7185 1 0.13899844010872683
7185 2 0.08189567362393389
7185 3 0.06859653116527675
7185 4 0.053079173574062825
7185 5 0.052661544997527586
7185 6 0.03297822351797481
7185 7 0.03283861409518111
7185 8 0.032490843046664865
7185 9 0.03120579388048054
7185 10 0.030449889929567625
7185 11 0.030359471645070604
7185 12 0.023280631432947542
7185 13 0.021106886009929222
7185 14 0.02035493010152167
7185 15 0.018652380627741605
7185 16 0.0183473005003823
7185 17 0.01821437426659792
7185 18 0.014275208726367191
7185 19 0.013999390893984357
7187 0 0.20479833867663755
7187 1 0.20318358363301864
7187 2 0.17469887005823312
7187 3 0.12099077878335832
7187 4 0.11882853417981215
7187 5 0.10768495124938393
7187 6 0.1044213895313258
7187 7 0.09746758324059226
7187 8 0.07719054256627156
7187 9 0.0725560952395032
7187 10 0.06139332478477273
7187 11 0.06020496964958107
7187 12 0.05903511542260374
7187 13 0.058088871683326486
7187 14 0.04993626011144822
7187 15 0.03617005649054364
7187 16 0.03592394612180965
7187 17 0.027421316908666026
7187 18 0.027171126455871303
7187 19 0.02554374446694378
7193 0 0.2010464872868454
7193 1 0.1896127600152774
7193 2 0.15923309167116
7193 3 0.1513163930873258
7193 4 0.13099832144282988
7193 5 0.11288471751866946
7193 6 0.09136198172058654
7193 7 0.08883994274175433
7193 8 0.08882777982819742
7193 9 0.07121775976049799
7193 10 0.06835417077671509
7193 11 0.06376681324120521
7193 12 0.06222314559837811
7193 13 0.05954231721768168
7193 14 0.05880180553950827
7193 15 0.05212495829745749
7193 16 0.05155055112331543
7193 17 0.04751968838180859
7193 18 0.03411027990657538
7193 19 0.02732950652891389
7195 0 0.19575056458432835
7195 1 0.17432509436854202
7195 2 0.17324802762882652
7195 3 0.13821184970034744
7195 4 0.13623231288326562
7195 5 0.10815826363612387
7195 6 0.10595452780326664
7195 7 0.05417328876488368
7195 8 0.04951368186289479
7195 9 0.048572459475337205
7195 10 0.04351064267786366
7195 11 0.04180455260409192
7195 12 0.041651667346060385
7195 13 0.04080502443830171
7195 14 0.036346928040260906
7195 15 0.02378570547267619
7195 16 0.023565431863710958
7195 17 0.02123462301058782
7195 18 0.020194012944308174
7195 19 0.016524408353043987
7197 0 0.21112930117810585
7197 1 0.20789211004496175
7197 2 0.20521163629015687
7197 3 0.18836701207489306
7197 4 0.1643876921832795
7197 5 0.16384709141992637
7197 6 0.14391868572315555
7197 7 0.12824218410418586
7197 8 0.07582738327485802
7197 9 0.07166447520537186
7197 10 0.05061548941746952
7197 11 0.04500937092047678
7197 12 0.04206478764663393
7197 13 0.039125105000803004
7197 14 0.028844834281344125
7197 15 0.026073702680934636
7197 16 0.025702394282020893
7197 17 0.018211165656802586
7197 18 0.01597759409135702
7197 19 0.013378077843607368
7200 0 0.14628811484491458
7200 1 0.08183222577027383
7200 2 0.07789803631037237
7200 3 0.07492655051277819
7200 4 0.06252825213404849
7200 5 0.05856743177873816
7200 6 0.050014930470133764
7200 7 0.03827144502753073
7200 8 0.036278349429021
7200 9 0.03343176362495304
7200 10 0.030884719748150855
7200 11 0.026952599568052734
7200 12 0.02665712829330802
7200 13 0.02576943932491065
7200 14 0.025209266230436768
7200 15 0.020566794549718187
7200 16 0.019458322669213466
7200 17 0.019279213958286755
7200 18 0.018742317903715514
7200 19 0.013230128110284529
7202 0 0.15617395291649971
7202 1 0.1351440942910457
7202 2 0.09612138563011913
7202 3 0.04919926073864748
7202 4 0.04310372455777633
7202 5 0.03926434847985756
7202 6 0.0307742820775528
7202 7 0.028327355880643047
7202 8 0.02276211744919083
7202 9 0.013499528723076698
7203 0 0.14260581540125616
7203 1 0.12010746604936728
7203 2 0.11784341363402004
7203 3 0.10298361544328433
7203 4 0.08030267148340714
7203 5 0.06035797563132036
7203 6 0.0584888444176017
7203 7 0.03702301852988042
7203 8 0.02268361308560346
7203 9 0.017905576226301165
7210 0 0.1817668960669719
7210 1 0.17852695846947625
7210 2 0.09112173399691069
7210 3 0.06892382822747993
7210 4 0.06659847080428537
7210 5 0.03463867248498121
7210 6 0.028610273776088567
7210 7 0.027567956601128867
7210 8 0.02624977443608799
7210 9 0.020164358297281477
7297 0 0.16605106870019912
7297 1 0.041370328290355425
7297 2 0.03551202928569785
7297 3 0.03253056491913406
7297 4 0.032421856992911266
7297 5 0.02979252481880658
7297 6 0.027260409182992197
7297 7 0.024988592724189577
7297 8 0.024025345805197374
7297 9 0.021612407104638173
7297 10 0.021167198819803376
7297 11 0.019998531080516396
7297 12 0.019267818772058888
7297 13 0.01758174242546438
7297 14 0.017317257531147597
7297 15 0.017230079923680783
7297 16 0.015560819069161808
7297 17 0.015048707214532287
7297 18 0.015044990244748807
7297 19 0.014050251414802423
7298 0 0.06504868775113701
7298 1 0.049148138021026626
7298 2 0.04073987136226952
7298 3 0.03674839850303553
7298 4 0.03210138459281245
7298 5 0.03097055430436883
7298 6 0.030731726970567096
7298 7 0.030483986831778335
7298 8 0.027735860642929024
7298 9 0.026523598440984834
7298 10 0.026178049463214566
7298 11 0.022402032582482977
7298 12 0.020413316990995453
7298 13 0.02031314460817294
7298 14 0.01941600146441155
7298 15 0.01812471427789027
7298 16 0.01790596103311965
7298 17 0.016941578556751324
7298 18 0.016751861250005124
7298 19 0.015387437189122001
7300 0 0.19367879485451722
7300 1 0.16592352410294975
7300 2 0.14347393958376453
7300 3 0.14152966917981236
7300 4 0.10875912062011316
7300 5 0.10419974080387687
7300 6 0.10116384890819226
7300 7 0.09317011350834316
7300 8 0.08856420224799678
7300 9 0.06551370792820012
7300 10 0.062355187153741554
7300 11 0.05635335143317217
7300 12 0.05566917622774854
7300 13 0.05498055688083297
7300 14 0.04263239656698271
7300 15 0.0412493216364045
7300 16 0.0366155307447971
7300 17 0.027225001296767522
7300 18 0.024652375311767637
7300 19 0.01600161245027763
7301 0 0.10551307893014383
7301 1 0.09017685971719334
7301 2 0.068168693890204
7301 3 0.032846834625156446
7301 4 0.032475341368065194
7301 5 0.030629623008420412
7301 6 0.021450169531871042
7301 7 0.019964268183207515
7301 8 0.01760450261699317
7301 9 0.015622311764648532
7304 0 0.18458096569487764
7304 1 0.17271460992608514
7304 2 0.11221344088689691
7304 3 0.08721141010498722
7304 4 0.08020297633649187
7304 5 0.06491396763850761
7304 6 0.04884707572956623
7304 7 0.04692391311139286
7304 8 0.046626117905273747
7304 9 0.04368085178795888
7304 10 0.035681348058448324
7304 11 0.033948725177280266
7304 12 0.030794382574894984
7304 13 0.029270387237509105
7304 14 0.027495807208970345
7304 15 0.023338397727111118
7304 16 0.021235402055764463
7304 17 0.021167198819803376
7304 18 0.020069239333413518
7304 19 0.01649340499584465
7305 0 0.07644063707458801
7305 1 0.06854448415676835
7305 2 0.05049826669723372
7305 3 0.04441207528586643
7305 4 0.035951637122277294
7305 5 0.035951637122277294
7305 6 0.0355824489334811
7305 7 0.03387772077403754
7305 8 0.032725163990812836
7305 9 0.024101314970921765
7307 0 0.17660624427900087
7307 1 0.15559837245882285
7307 2 0.14726448292189404
7307 3 0.11044929025492393
7307 4 0.0861877636059559
7307 5 0.0843090310848544
7307 6 0.06898864176808404
7307 7 0.039136453029332524
7307 8 0.038808258084552884
7307 9 0.035951637122277294
7307 10 0.035951637122277294
7307 11 0.03571258154521558
7307 12 0.035169762483732325
7307 13 0.032060229126313594
7307 14 0.030836537784598734
7307 15 0.029667290948776088
7307 16 0.02882327566796914
7307 17 0.02496453475280236
7307 18 0.02246275094856289
7307 19 0.02203624540689136
7310 0 0.1276138473862175
7310 1 0.11676684487959905
7310 2 0.10947000217326301
7310 3 0.09536720953727354
7310 4 0.07339383477381452
7310 5 0.06437638496784849
7310 6 0.05911213714815518
7310 7 0.044258775040089474
7310 8 0.03713280542424133
7310 9 0.03328027800740836
7310 10 0.03132786818472198
7310 11 0.030667611363898475
7310 12 0.028797565290831946
7310 13 0.027514466567051137
7310 14 0.026312362133330262
7310 15 0.02469818241363115
7310 16 0.023684963424857684
7310 17 0.02295479814570097
7310 18 0.0203562222224563
7310 19 0.01885075797421171
7312 0 0.1583167232769377
7312 1 0.1428733994995081
7312 2 0.12801078693733522
7312 3 0.10095972020883211
7312 4 0.09536720953727354
7312 5 0.06148612358988217
7312 6 0.04704524421030839
7312 7 0.04413225282174022
7312 8 0.04008662783434375
7312 9 0.03660614070390282
7312 10 0.03396828996316926
7312 11 0.03235999741053142
7312 12 0.032243525440853266
7312 13 0.029144193236740328
7312 14 0.02830382607547728
7312 15 0.02144386926337227
7312 16 0.021059830172213558
7312 17 0.0186956223508152
7312 18 0.01862000403836649
7312 19 0.013473671213920667
7313 0 0.21839383520215241
7313 1 0.157654478287552
7313 2 0.12390220453634147
7313 3 0.123444058065389
7313 4 0.11620245400058528
7313 5 0.09536720953727354
7313 6 0.09472577429701312
7313 7 0.08554005827812367
7313 8 0.08017309721882106
7313 9 0.0743485103095557
7313 10 0.060112125573081224
7313 11 0.04602660774514916
7313 12 0.042523892362016764
7313 13 0.03882707211988424
7313 14 0.03643614663291206
7313 15 0.023294205304838906
7313 16 0.02083634229452919
7313 17 0.018829112590671774
7313 18 0.01862000403836649
7313 19 0.01424340180198807
7314 0 0.16977966568578381
7314 1 0.16929450728521986
7314 2 0.15237950114833146
7314 3 0.14844832978112402
7314 4 0.13939817139558652
7314 5 0.1359731341731665
7314 6 0.13233029629148244
7314 7 0.10315113467826599
7314 8 0.07504790047477305
7314 9 0.06541045897713764
7314 10 0.053392357280305586
7314 11 0.048009328650023185
7314 12 0.04679305993002768
7314 13 0.04360083083279276
7314 14 0.0326462484120959
7314 15 0.029919692154469178
7314 16 0.024392262879241317
7314 17 0.01963411336448469
7314 18 0.016421293329844804
7314 19 0.014592908253803376
7318 0 0.054763548470901084
7318 1 0.05228493607331997
7318 2 0.0472563258407124
7318 3 0.044666911715102016
7318 4 0.04023171886799297
7318 5 0.03509886748634976
7318 6 0.033709330064790474
7318 7 0.030691073261978626
7318 8 0.0256074186775559
7318 9 0.025375740450823133
7318 10 0.023926518359931637
7318 11 0.023149038818872335
7318 12 0.0213004740205555
7318 13 0.020914105339098592
7318 14 0.019110508235614748
7318 15 0.018726248446427785
7318 16 0.018244787209413988
7318 17 0.0181822881686446
7318 18 0.01799411386178822
7318 19 0.016739441798569225
7320 0 0.21197456330845701
7320 1 0.19631835836285463
7320 2 0.09816811273580162
7320 3 0.0954208410444463
7320 4 0.09026629334894894
7320 5 0.06420568164507462
7320 6 0.05830587254802664
7320 7 0.05376162846665086
7320 8 0.05304898510189088
7320 9 0.048531881219066084
7320 10 0.04567857261352219
7320 11 0.04398558860727424
7320 12 0.04178172827809338
7320 13 0.04022733131573904
7320 14 0.0318743334794412
7320 15 0.03120729160897995
7320 16 0.026951607370079574
7320 17 0.0264632365871044
7320 18 0.016852535390738017
7320 19 0.013802340565145654
7321 0 0.20334315019375157
7321 1 0.16262556367341152
7321 2 0.1572924731593676
7321 3 0.14522479551742035
7321 4 0.10215417566388157
7321 5 0.09344033089247065
7321 6 0.08393441032920895
7321 7 0.07770864344859077
7321 8 0.0670527314808943
7321 9 0.06350230005226942
7321 10 0.06221649070398779
7321 11 0.05304898510189088
7321 12 0.04772695589757052
7321 13 0.04426310977572126
7321 14 0.04304461143974805
7321 15 0.04289353703733293
7321 16 0.03754475621389594
7321 17 0.026182569057023864
7321 18 0.023031450154897385
7321 19 0.019781307631480057
7322 0 0.1924855768174723
7322 1 0.17582330576278127
7322 2 0.12426341741519371
7322 3 0.12131772876490168
7322 4 0.09690366016594607
7322 5 0.08503802119416837
7322 6 0.0801972570508367
7322 7 0.07467730887287415
7322 8 0.07356510398896851
7322 9 0.06042015588604894
7322 10 0.05400224213406587
7322 11 0.04749298580669823
7322 12 0.044635067064564216
7322 13 0.04211532560879532
7322 14 0.0368070136357693
7322 15 0.03349421928063995
7322 16 0.031212607224737295
7322 17 0.029145847528798237
7322 18 0.026747214587608696
7322 19 0.022236631671310927
7410 0 0.17764259694827403
7410 1 0.17764259694827403
7410 2 0.04940008085389181
7410 3 0.04150167568439925
7410 4 0.03724865868491722
7410 5 0.03565038242740766
7410 6 0.030347772763265404
7410 7 0.02631652521494008
7410 8 0.02623397660714272
7410 9 0.025133972362952665
7413 0 0.1775752633002704
7413 1 0.15031055333518922
7413 2 0.12525369135426087
7413 3 0.10343540128388416
7413 4 0.08170074256205877
7413 5 0.07994044754350241
7413 6 0.05665068638015545
7413 7 0.055937929836919434
7413 8 0.04646841124416351
7413 9 0.04532321860711222
7413 10 0.04388943217404271
7413 11 0.04205073465252739
7413 12 0.03768942848718387
7413 13 0.03615085010316206
7413 14 0.03393547197773764
7413 15 0.029434784632860398
7413 16 0.02643336312835739
7413 17 0.019590518901827482
7413 18 0.016689203759369303
7413 19 0.01633096370182067
7420 0 0.18670107017918355
7420 1 0.15957884437018713
7420 2 0.0923240138572694
7420 3 0.0921227598912003
7420 4 0.07300554205826516
7420 5 0.06105865980378028
7420 6 0.051511055607798284
7420 7 0.047281836269208614
7420 8 0.04406411183394095
7420 9 0.03168116422917622
7420 10 0.029988619732676833
7420 11 0.02749350402698322
7420 12 0.025761603601753794
7420 13 0.02506680282373928
7420 14 0.025041458390341234
7420 15 0.023056856836457244
7420 16 0.022064987080878114
7420 17 0.020123938490876795
7420 18 0.019845992903144673
7420 19 0.013790577548870706
7422 0 0.14086052784862083
7422 1 0.09671436539217702
7422 2 0.06694564200687868
7422 3 0.0600889164402642
7422 4 0.052875969165590224
7422 5 0.04844727653562093
7422 6 0.0465848568055306
7422 7 0.04163177434259092
7422 8 0.03772132218172794
7422 9 0.03715494690676784
7422 10 0.03149382367042656
7422 11 0.030085726865106976
7422 12 0.028533191688683256
7422 13 0.027763672367104433
7422 14 0.021961866398755133
7422 15 0.021560282757504486
7422 16 0.02049602404865925
7422 17 0.020279415536009315
7422 18 0.019088819466992334
7422 19 0.018709673458613803
7423 0 0.19208976905111483
7423 1 0.12728827063684994
7423 2 0.10322343308875129
7423 3 0.0975737069249458
7423 4 0.09126249784015986
7423 5 0.061481637949615676
7423 6 0.049831588884203686
7423 7 0.0472511083129676
7423 8 0.04241328681001261
7423 9 0.04130432637575304
7423 10 0.040040749052778754
7423 11 0.039946969367543765
7423 12 0.03643899495789204
7423 13 0.03353156063249673
7423 14 0.02986958615682462
7423 15 0.0294763060430984
7423 16 0.02515757762043578
7423 17 0.02514100074631387
7423 18 0.024386834085007945
7423 19 0.021185792157106483
7424 0 0.16356924580651475
7424 1 0.08404223923593461
7424 2 0.06411590093265922
7424 3 0.05039246368522893
7424 4 0.0481942924607763
7424 5 0.04683081626962989
7424 6 0.0424227673936877
7424 7 0.03267899094521017
7424 8 0.03009829344856171
7424 9 0.02891462012966164
7424 10 0.027506185675221912
7424 11 0.027075784907667162
7424 12 0.022448190537622172
7424 13 0.021073090916987915
7424 14 0.020569429721901653
7424 15 0.020279415536009315
7424 16 0.019212046305381304
7424 17 0.01880237983463448
7424 18 0.01585435216250458
7424 19 0.01460903430032912
7425 0 0.15183220021919758
7425 1 0.140954073631672
7425 2 0.11761904862314647
7425 3 0.10727594687272186
7425 4 0.10127038003505949
7425 5 0.09428726051903526
7425 6 0.07776874121936048
7425 7 0.07660276901411085
7425 8 0.03772499670958291
7425 9 0.03528421987653722
7425 10 0.02837352326732191
7425 11 0.028216225935033305
7425 12 0.025226431632634015
7425 13 0.022780420295072136
7425 14 0.021885116301546163
7425 15 0.021631992639914437
7425 16 0.02152371667820848
7425 17 0.020708260099518715
7425 18 0.019689189783534716
7425 19 0.018551312248650555
7426 0 0.19544721608765223
7426 1 0.15296131396742146
7426 2 0.08277190138532571
7426 3 0.0624427910668014
7426 4 0.05827244717144035
7426 5 0.0510831504256399
7426 6 0.03791821123123831
7426 7 0.037447434042361345
7426 8 0.0363300719925648
7426 9 0.03419255688603027
7426 10 0.031595837089792425
7426 11 0.029068859756789613
7426 12 0.028463939665510994
7426 13 0.02845205781183622
7426 14 0.026543861160809323
7426 15 0.02516178408712807
7426 16 0.021607002832407938
7426 17 0.021206047331699236
7426 18 0.018274660668161
7426 19 0.015954424571006605
7428 0 0.06335021836141767
7428 1 0.05425363039239853
7428 2 0.05394392126536977
7428 3 0.041178392685479126
7428 4 0.03252128805671581
7428 5 0.03248859079499195
7428 6 0.029538684360160026
7428 7 0.024119853605294794
7428 8 0.01968656592919885
7428 9 0.018659724024527747
7432 0 0.15854825625795957
7432 1 0.10150914889331528
7432 2 0.08639221675028066
7432 3 0.08578238094052665
7432 4 0.08142700909994274
7432 5 0.07152384717629393
7432 6 0.05273655969143749
7432 7 0.05243283016055876
7432 8 0.05143664075981132
7432 9 0.051192888275994525
7432 10 0.049075684933290765
7432 11 0.03958287043755287
7432 12 0.03239044619319823
7432 13 0.030106159352645503
7432 14 0.029842221487629512
7432 15 0.02809023376921344
7432 16 0.026997744575831498
7432 17 0.025683485931292847
7432 18 0.02324897918581899
7432 19 0.017012409419664143
7433 0 0.17513098547969966
7433 1 0.16226576175289373
7433 2 0.1306436050085015
7433 3 0.11451623052197193
7433 4 0.09482012741985998
7433 5 0.08714234859891626
7433 6 0.07693890154267577
7433 7 0.0745777495401301
7433 8 0.07199854034044138
7433 9 0.05541557344390164
7433 10 0.04123139793841788
7433 11 0.03976276385258003
7433 12 0.035848007137012194
7433 13 0.03108972180808434
7433 14 0.02259307407739868
7433 15 0.02187500380471326
7433 16 0.01899763722778214
7433 17 0.016569221370626407
7433 18 0.016035345295057124
7433 19 0.013953113158291371
7434 0 0.1977623497218458
7434 1 0.1769014590158666
7434 2 0.172815142593723
7434 3 0.1433470438764444
7434 4 0.11253100460016187
7434 5 0.10684177160299164
7434 6 0.07888108191743735
7434 7 0.06380665960999803
7434 8 0.0593969771913852
7434 9 0.05518093182740493
7434 10 0.04322120381589112
7434 11 0.034975865118604905
7434 12 0.034417016212300526
7434 13 0.034276029784715174
7434 14 0.033065378489746416
7434 15 0.028929669094357204
7434 16 0.028511508578984643
7434 17 0.020954640210287236
7434 18 0.018180166072219117
7434 19 0.01814182497715744
7438 0 0.16752783654584735
7438 1 0.14306850410171315
7438 2 0.1136654830081494
7438 3 0.10146811037790832
7438 4 0.09790948482761917
7438 5 0.0923878540629797
7438 6 0.08292353790750509
7438 7 0.07465304340761421
7438 8 0.06788149973467263
7438 9 0.06386195861338424
7438 10 0.05600198508173417
7438 11 0.04893737706297136
7438 12 0.04823329376361479
7438 13 0.03515993859201328
7438 14 0.033990118318578774
7438 15 0.031052348388992682
7438 16 0.026322900935756198
7438 17 0.023934259767691802
7438 18 0.01840741147530754
7438 19 0.016461298148504062
7453 0 0.07239937323113439
7453 1 0.061741265601003015
7453 2 0.060417692367887445
7453 3 0.04631220231155269
7453 4 0.039953175320645844
7453 5 0.03626324764770329
7453 6 0.03535772929671599
7453 7 0.029710951432210978
7453 8 0.023913842370616747
7453 9 0.021609351285785474
7466 0 0.09629494105048884
7466 1 0.06518260806920248
7466 2 0.05727312272690699
7466 3 0.04659672922766571
7466 4 0.03634549444623125
7466 5 0.0340802913830444
7466 6 0.02810116680999753
7466 7 0.025076515423290226
7466 8 0.021981749970684934
7466 9 0.017146084517698227
7561 0 0.12190870149531806
7561 1 0.06261487516698278
7561 2 0.062494272182929675
7561 3 0.05656126406624745
7561 4 0.03564872624904182
7561 5 0.03183845967515689
7561 6 0.03147245368784495
7561 7 0.025760724582256662
7561 8 0.023562360954394793
7561 9 0.02224056839596869
7564 0 0.05026640549863138
7564 1 0.04917842458121113
7564 2 0.048607578756448014
7564 3 0.04533065820560298
7564 4 0.04063649791488341
7564 5 0.03880247843704383
7564 6 0.03696951151903129
7564 7 0.03466343970815152
7564 8 0.03399483408841318
7564 9 0.027738648606055127
7564 10 0.026994330358471385
7564 11 0.025560232684592805
7564 12 0.02221515228286916
7564 13 0.021300543813949052
7564 14 0.020598429820075335
7564 15 0.020519129434539915
7564 16 0.019740453974250605
7564 17 0.018654962983302926
7564 18 0.018021421941745316
7564 19 0.017591900193687695
7565 0 0.1749175761453054
7565 1 0.15954888980019896
7565 2 0.15901520046911513
7565 3 0.09789618258407028
7565 4 0.08475260771332647
7565 5 0.08095225557394141
7565 6 0.05693593386589916
7565 7 0.048214283552258326
7565 8 0.04676108323793452
7565 9 0.04058980047567516
7565 10 0.039196075450502924
7565 11 0.03865351669951453
7565 12 0.03854890960673974
7565 13 0.03661821684729478
7565 14 0.03161866518840683
7565 15 0.026731033838152875
7565 16 0.026221247801205685
7565 17 0.02228615291349602
7565 18 0.017031755393832823
7565 19 0.015903858314226204
7569 0 0.19796780638199132
7569 1 0.19543235198113418
7569 2 0.18889084733333092
7569 3 0.15484641466410737
7569 4 0.13723397257702097
7569 5 0.13454773426517053
7569 6 0.07827304941806802
7569 7 0.06236019341499776
7569 8 0.05905025115746426
7569 9 0.058745159712257355
7569 10 0.04965973491359023
7569 11 0.045834672140272856
7569 12 0.04529836461377695
7569 13 0.04476503745381639
7569 14 0.03965027953787384
7569 15 0.033222462669238506
7569 16 0.029108955118229692
7569 17 0.028721299974761954
7569 18 0.028686416482142863
7569 19 0.020464224669511862
7570 0 0.17864442263712757
7570 1 0.08242345503856918
7570 2 0.07825751378592555
7570 3 0.06876933206247296
7570 4 0.05663606372105291
7570 5 0.05063192293218847
7570 6 0.047222127077873266
7570 7 0.045707761342489245
7570 8 0.04517736173244189
7570 9 0.04272518405424454
7570 10 0.0361622773566248
7570 11 0.03183845967515689
7570 12 0.028048601066807344
7570 13 0.027381285681695698
7570 14 0.0244421802460925
7570 15 0.024357285071225542
7570 16 0.024116792127518296
7570 17 0.02372592648794729
7570 18 0.023149078431338944
7570 19 0.021429671023554833
7571 0 0.19648494198910116
7571 1 0.1219559346459795
7571 2 0.11970670861099163
7571 3 0.08764886755052217
7571 4 0.08242345503856918
7571 5 0.07929094645051722
7571 6 0.07709783430394294
7571 7 0.06681166887219106
7571 8 0.04480911292499671
7571 9 0.04083758211323847
7571 10 0.03604573747986102
7571 11 0.0356091816895184
7571 12 0.035564566734269026
7571 13 0.031008103150098325
7571 14 0.02522181772342803
7571 15 0.023422926958238926
7571 16 0.022798804252194597
7571 17 0.021462170222945644
7571 18 0.02018431354891276
7571 19 0.018017538033709694
7577 0 0.0659381875751508
7577 1 0.04295585310623274
7577 2 0.033696816297957885
7577 3 0.03135759639775809
7577 4 0.030967524893827203
7577 5 0.028324573576440748
7577 6 0.02784921831820854
7577 7 0.026862351051269755
7577 8 0.021743856359310414
7577 9 0.01424943610106818
7578 0 0.2085605873957606
7578 1 0.1989776752878744
7578 2 0.18454515602506308
7578 3 0.16356443194866777
7578 4 0.1577232002581949
7578 5 0.10679003394898438
7578 6 0.03932455188387156
7578 7 0.03488119132340931
7578 8 0.03372204755287991
7578 9 0.019111575885905258
7579 0 0.2145272661090605
7579 1 0.11654203470005312
7579 2 0.08990595571697797
7579 3 0.07614747464075422
7579 4 0.06840554625959908
7579 5 0.062321459967885864
7579 6 0.052127327500222295
7579 7 0.04763908790139995
7579 8 0.041622384301696645
7579 9 0.03859384900695372
7579 10 0.03741248075634871
7579 11 0.037011591276417684
7579 12 0.03135759639775809
7579 13 0.02621525122828425
7579 14 0.025864358340137627
7579 15 0.025606660381766528
7579 16 0.024311281793336918
7579 17 0.02349060202797856
7579 18 0.019531966017255528
7579 19 0.019363773370341505
7580 0 0.052628738329943574
7580 1 0.03136198395001203
7580 2 0.03135759639775809
7580 3 0.031278250740832264
7580 4 0.031247998134190567
7580 5 0.03032651030023602
7580 6 0.030080243367943526
7580 7 0.029739776103746816
7580 8 0.029385816078899896
7580 9 0.028324573576440748
7580 10 0.027760841018895855
7580 11 0.02515984873518803
7580 12 0.021165904812560813
7580 13 0.0210929065818321
7580 14 0.020521836286424868
7580 15 0.019869443483377224
7580 16 0.019531966017255528
7580 17 0.01900452791066418
7580 18 0.01879566457839028
7580 19 0.017743300927375357
7581 0 0.18018224649797585
7581 1 0.07763190089661354
7581 2 0.07604651189490746
7581 3 0.07294543674226373
7581 4 0.0659512559165159
7581 5 0.06043713643006868
7581 6 0.052628738329943574
7581 7 0.04429424517447596
7581 8 0.043246695381308
7581 9 0.037395994425007614
7581 10 0.037076638719205586
7581 11 0.03043986986182347
7581 12 0.02975706411595976
7581 13 0.028324573576440748
7581 14 0.026862351051269755
7581 15 0.026528223668038423
7581 16 0.02515984873518803
7581 17 0.021465409013667915
7581 18 0.020521836286424868
7581 19 0.01727960305217381
7582 0 0.1807077567978589
7582 1 0.14700524384994104
7582 2 0.13039479344680638
7582 3 0.12131538219783208
7582 4 0.10926316473570998
7582 5 0.09362231433668841
7582 6 0.0928805954214374
7582 7 0.08372346828559206
7582 8 0.08033713055674113
7582 9 0.06799856400504199
7582 10 0.06792177618167435
7582 11 0.06733026773980479
7582 12 0.05348580497534423
7582 13 0.052782329067142336
7582 14 0.04143886540282079
7582 15 0.04118127873661778
7582 16 0.03516665007564161
7582 17 0.030106038628937744
7582 18 0.025529052014447697
7582 19 0.02532023583987214
7583 0 0.18820142441923557
7583 1 0.09978538788682004
7583 2 0.07938191930954676
7583 3 0.05170887649342793
7583 4 0.0503635503572202
7583 5 0.025664852981523132
7583 6 0.024631427862163192
7583 7 0.016413774506420824
7583 8 0.016413774506420824
7583 9 0.016413774506420824
7584 0 0.12830307412428776
7584 1 0.12786255331466836
7584 2 0.1168940423961886
7584 3 0.10041526383206235
7584 4 0.08103649054103156
7584 5 0.0740459842431387
7584 6 0.06938120508479544
7584 7 0.06681781823605512
7584 8 0.049177194708438315
7584 9 0.04898499502045128
7584 10 0.048512440929500716
7584 11 0.04261506516968729
7584 12 0.03683364453117817
7584 13 0.03680329383652392
7584 14 0.033523988992450605
7584 15 0.024469097860307307
7584 16 0.024420063285569123
7584 17 0.02171186080413792
7584 18 0.021380423296020135
7584 19 0.017447226034091837
7585 0 0.15775662563478116
7585 1 0.09868376896303868
7585 2 0.07714306796819459
7585 3 0.06703600370213768
7585 4 0.06668941348238798
7585 5 0.05946848335253831
7585 6 0.054318625018564284
7585 7 0.05300806731019168
7585 8 0.046721829169832904
7585 9 0.04022293621825337
7585 10 0.03407258392882705
7585 11 0.02919280150588548
7585 12 0.02911373124991798
7585 13 0.028564825072732468
7585 14 0.02761295259058086
7585 15 0.02719676138069115
7585 16 0.022511315832625566
7585 17 0.020812176803589745
7585 18 0.019157371669921167
7585 19 0.015787089251048474
7586 0 0.1257142749350638
7586 1 0.0990799992623733
7586 2 0.07665176774899829
7586 3 0.06943551566282435
7586 4 0.0645198500040588
7586 5 0.045907593032376286
7586 6 0.040631416201309854
7586 7 0.04061487705334661
7586 8 0.0380406627970665
7586 9 0.03459749815540302
7586 10 0.0318053247899924
7586 11 0.02820660576457111
7586 12 0.02782567530888724
7586 13 0.026683304588504854
7586 14 0.02588192552592477
7586 15 0.024902199820823208
7586 16 0.02221640479133718
7586 17 0.020056135152197663
7586 18 0.016254130607062618
7586 19 0.015820328826303288
7587 0 0.08951027621956
7587 1 0.08522859111210063
7587 2 0.0477499386734355
7587 3 0.04596231482553476
7587 4 0.04559358312325854
7587 5 0.04504355459285244
7587 6 0.04339280502124145
7587 7 0.03798248906038923
7587 8 0.02825009082136816
7587 9 0.025709166127503104
7587 10 0.025143026641034728
7587 11 0.024687011698047403
7587 12 0.02078562324680616
7587 13 0.02065888410304452
7587 14 0.020368430407403618
7587 15 0.019088968485319102
7587 16 0.018580106739259455
7587 17 0.018424075119594405
7587 18 0.016922062814868605
7587 19 0.01366837780515167
7612 0 0.206462801706927
7612 1 0.15913115559041943
7612 2 0.11617932786531734
7612 3 0.06839397941934923
7612 4 0.025003277631453925
7612 5 0.02497074070590444
7612 6 0.021863370943685737
7612 7 0.02014618183403173
7612 8 0.019708896042518742
7612 9 0.015366812298174232
7617 0 0.21674553405823943
7617 1 0.17406816413749995
7617 2 0.16925922578162672
7617 3 0.1483495928786391
7617 4 0.10939320680466363
7617 5 0.10471886029248031
7617 6 0.09025715607331779
7617 7 0.054975859974077904
7617 8 0.0435665302093252
7617 9 0.03742062206139083
7685 0 0.17358784977570987
7685 1 0.07237442869501831
7685 2 0.07067499351563689
7685 3 0.056849888043192603
7685 4 0.04842702136102817
7685 5 0.04592365683074021
7685 6 0.03665272119201918
7685 7 0.02096089332108766
7685 8 0.015164330345640256
7685 9 0.01455418895400098
7687 0 0.17543428870498534
7687 1 0.1589541293634516
7687 2 0.15750571649866368
7687 3 0.1290898908896192
7687 4 0.10201670908690062
7687 5 0.07991044770212383
7687 6 0.07667328674990666
7687 7 0.0740712532242194
7687 8 0.07298620362932823
7687 9 0.06502669340062932
7687 10 0.05992671659365574
7687 11 0.049633254922816054
7687 12 0.04701358064533224
7687 13 0.045152390788014723
7687 14 0.04279430969478523
7687 15 0.037652883157275135
7687 16 0.02508705233940823
7687 17 0.024328526420467383
7687 18 0.021665606647294104
7687 19 0.019420158887097562
7690 0 0.18466778113122118
7690 1 0.12122657482031049
7690 2 0.09271302336983359
7690 3 0.057648894130392016
7690 4 0.05394392126536977
7690 5 0.04578691459600583
7690 6 0.04578691459600583
7690 7 0.035615017926265466
7690 8 0.03507507737068913
7690 9 0.028644349928912006
7690 10 0.02736649136857119
7690 11 0.024291924501320634
7690 12 0.023801756066884585
7690 13 0.023540728775010393
7690 14 0.02314966884572221
7690 15 0.02119672142527471
7690 16 0.019897647559602855
7690 17 0.01772543570493468
7690 18 0.01570966385559922
7690 19 0.015378531929366704
7694 0 0.08882113247903885
7694 1 0.0790852106167975
7694 2 0.07187747709725244
7694 3 0.06592731489622057
7694 4 0.06517811111108839
7694 5 0.05217342886612347
7694 6 0.04392938417607982
7694 7 0.04283968294582398
7694 8 0.0422046800156177
7694 9 0.03721915682883315
7694 10 0.03521436234851823
7694 11 0.03324922560620275
7694 12 0.03249840714147925
7694 13 0.029596122436743123
7694 14 0.026951607370079574
7694 15 0.0228493818268226
7694 16 0.02222468945578227
7694 17 0.01838160866908159
7694 18 0.017353655729037496
7694 19 0.015221118589140173
7698 0 0.05860129477876508
7698 1 0.046330344821259625
7698 2 0.045351754673534195
7698 3 0.04523697660838055
7698 4 0.04072622958329254
7698 5 0.040579806816242084
7698 6 0.03707277933317311
7698 7 0.034214472011604734
7698 8 0.032598536139219286
7698 9 0.029710951432210978
7698 10 0.028081649181806882
7698 11 0.02751518147775803
7698 12 0.02298543178654529
7698 13 0.02186833381985947
7698 14 0.02050514623382693
7698 15 0.018836720070568642
7698 16 0.017077611539702612
7698 17 0.016669516363464615
7698 18 0.01578315535585261
7698 19 0.013443023425766846
7699 0 0.14615322119195528
7699 1 0.09484234812731972
7699 2 0.05750829250962516
7699 3 0.053818644010256794
7699 4 0.04891146673719318
7699 5 0.04853774009150835
7699 6 0.044504376105681344
7699 7 0.040882434743287496
7699 8 0.02996811933805269
7699 9 0.02909968202842731
7699 10 0.02477709799234808
7699 11 0.02475148758953137
7699 12 0.024216692881998344
7699 13 0.023635047944314435
7699 14 0.02106450821588929
7699 15 0.020130810310679495
7699 16 0.018488043594244195
7699 17 0.017938156536933127
7699 18 0.016963171123669116
7699 19 0.013783834941161468
7700 0 0.13398891931240894
7700 1 0.0782949984971853
7700 2 0.07722648050502562
7700 3 0.06594575544258105
7700 4 0.04131610825510733
7700 5 0.036856265135919865
7700 6 0.03495737175562229
7700 7 0.023682897917670212
7700 8 0.022487065457829105
7700 9 0.02231220659867716
7700 10 0.02225809974190509
7700 11 0.021041791409442977
7700 12 0.020577359760455195
7700 13 0.020203135129475854
7700 14 0.01998015466862567
7700 15 0.019729577522704527
7700 16 0.019439144576450892
7700 17 0.01620414721943375
7700 18 0.01620414721943375
7700 19 0.012618155113641567
7701 0 0.2058497818093808
7701 1 0.18203903748519185
7701 2 0.15414203710071311
7701 3 0.12729143963417866
7701 4 0.12116052386170183
7701 5 0.08560333259145382
7701 6 0.06054810038058025
7701 7 0.05319139003304242
7701 8 0.05055991878574084
7701 9 0.041693030306431955
7701 10 0.04151959183715413
7701 11 0.04110061643675419
7701 12 0.038569244006265706
7701 13 0.03344286266083531
7701 14 0.030165732729809623
7701 15 0.0257519777723678
7701 16 0.025239105735640973
7701 17 0.01615402424501779
7701 18 0.015642249096354446
7701 19 0.01280664914969272
7704 0 0.15068274452621597
7704 1 0.1491394126462011
7704 2 0.11561003258567577
7704 3 0.09705101854173166
7704 4 0.09674020781086959
7704 5 0.048525196143748825
7704 6 0.04546838509307879
7704 7 0.04469015857407772
7704 8 0.04190085616934228
7704 9 0.03916912388274531
7704 10 0.03465344604871844
7704 11 0.030832553902242623
7704 12 0.025952824295923202
7704 13 0.024229649931195366
7704 14 0.02262082543972021
7704 15 0.021964071492729702
7704 16 0.02141611224212694
7704 17 0.020670935724433338
7704 18 0.020341297754084362
7704 19 0.015629006271505458
7705 0 0.12384117870206836
7705 1 0.12205979476081251
7705 2 0.10369427063948213
7705 3 0.08899573668661973
7705 4 0.0652657414324593
7705 5 0.06250088935116131
7705 6 0.05970596952139914
7705 7 0.04269907755244125
7705 8 0.041253829912366195
7705 9 0.037449116629038263
7705 10 0.0336582903447187
7705 11 0.03273038529117349
7705 12 0.0320210995545356
7705 13 0.029333389922496806
7705 14 0.027358506627087567
7705 15 0.027226900808856824
7705 16 0.024617374868056655
7705 17 0.023450963153058453
7705 18 0.02132338700302693
7705 19 0.018994415413831272
7710 0 0.11069336341108947
7710 1 0.1020167694487545
7710 2 0.09675051459741967
7710 3 0.07137248982768875
7710 4 0.057707958204414024
7710 5 0.0541753071143728
7710 6 0.04890389132453119
7710 7 0.0419211151165509
7710 8 0.040655553397630294
7710 9 0.02543871106857596
7710 10 0.022734615079516556
7710 11 0.02122832840101285
7710 12 0.02093251381822419
7710 13 0.019744386926292504
7710 14 0.01863460028915795
7710 15 0.017632242661467096
7710 16 0.0171830901067428
7710 17 0.016898761252962826
7710 18 0.016529014717018238
7710 19 0.01406383000246362
7818 0 0.14952379693171167
7818 1 0.11035237175328717
7818 2 0.0836913859602546
7818 3 0.08148229301286548
7818 4 0.0701002053072922
7818 5 0.061558531406227614
7818 6 0.054334043699614865
7818 7 0.037780171216645494
7818 8 0.027404028896453082
7818 9 0.021672469035557137
7819 0 0.11515551537118786
7819 1 0.08211585103119451
7819 2 0.062164587054882356
7819 3 0.03428932448303234
7819 4 0.01906180187845704
7819 5 0.01735737552828288
7819 6 0.016608681046292807
7819 7 0.015891037079200414
7819 8 0.013809906546267979
7819 9 0.013300444954285397
7820 0 0.09194823868116851
7820 1 0.06825053701883411
7820 2 0.05447858393134743
7820 3 0.039435632785475024
7820 4 0.03797173710516678
7820 5 0.036974389511348
7820 6 0.036765552587385175
7820 7 0.03657835538803848
7820 8 0.027169815471857338
7820 9 0.026334712996037426
7820 10 0.021995825600486678
7820 11 0.021552207473240045
7820 12 0.021047022141343304
7820 13 0.021010735235621494
7820 14 0.02021774835703872
7820 15 0.01930118001417543
7820 16 0.016835820816136937
7820 17 0.016698616435958782
7820 18 0.015428522862227305
7820 19 0.015124522646160078
7821 0 0.04606326248091805
7821 1 0.036293805836230264
7821 2 0.03606475146383336
7821 3 0.02970571126877098
7821 4 0.02457184316715147
7821 5 0.019832073836901432
7821 6 0.01941851968550312
7821 7 0.016781232950841756
7821 8 0.01562883933325332
7821 9 0.01489738759208578
7823 0 0.13714358070083504
7823 1 0.08966075077605218
7823 2 0.08535911607588532
7823 3 0.06869207643473775
7823 4 0.06052715104466787
7823 5 0.05177198858427579
7823 6 0.04956159031179651
7823 7 0.043838879121417845
7823 8 0.04232267234949048
7823 9 0.036974389511348
7823 10 0.03636843195070581
7823 11 0.034287928615161355
7823 12 0.032143615254833544
7823 13 0.02777728773777034
7823 14 0.024270154621457072
7823 15 0.023925909082469034
7823 16 0.0228493818268226
7823 17 0.019843668971770277
7823 18 0.018414666215620795
7823 19 0.016104959489352665
7824 0 0.10898318382171733
7824 1 0.08734410055027987
7824 2 0.08713214744561047
7824 3 0.08066810214679927
7824 4 0.0745477421535198
7824 5 0.07221382843753768
7824 6 0.06864241371945762
7824 7 0.06442397274440148
7824 8 0.04820376172660379
7824 9 0.03446288367601792
7824 10 0.02569904419913053
7824 11 0.025076413562661805
7824 12 0.024863224926295786
7824 13 0.021905871347741364
7824 14 0.02002422636719012
7824 15 0.019794707963041513
7824 16 0.01955261165759057
7824 17 0.0192523717963893
7824 18 0.01871259723591114
7824 19 0.015998290662006275
7827 0 0.13130299790029135
7827 1 0.08614481614691998
7827 2 0.07447816757169086
7827 3 0.07204942538326259
7827 4 0.058882033988547106
7827 5 0.057325886532430224
7827 6 0.04619164459889
7827 7 0.04401077081818998
7827 8 0.03855214273853821
7827 9 0.03286545625707856
7827 10 0.028494077207368736
7827 11 0.027026158032237776
7827 12 0.025060951496528747
7827 13 0.02489745764267773
7827 14 0.023017602768355627
7827 15 0.021376663884308145
7827 16 0.020327816311281756
7827 17 0.01872316433295608
7827 18 0.018657728310733826
7827 19 0.017803457173691008
7829 0 0.17710948105480204
7829 1 0.1650155610968803
7829 2 0.1017918385455008
7829 3 0.07926466640838402
7829 4 0.04381736766574121
7829 5 0.04003605214602368
7829 6 0.031201530824550235
7829 7 0.029310212856914656
7829 8 0.028017065770770688
7829 9 0.026475903144879624
7829 10 0.02521734151470121
7829 11 0.018699706207491798
7829 12 0.018549501393034143
7829 13 0.017803457173691008
7829 14 0.016814737552361264
7829 15 0.016463618307262593
7829 16 0.016306415290370673
7829 17 0.015407706511024258
7829 18 0.014775408546394996
7829 19 0.013407160939330134
7834 0 0.21341288065318342
7834 1 0.1953966479445639
7834 2 0.19054738787029857
7834 3 0.15692690668180423
7834 4 0.15221003524356214
7834 5 0.1477658484802249
7834 6 0.14504482665007584
7834 7 0.12764390758944996
7834 8 0.12546241509974768
7834 9 0.11316457770895436
7834 10 0.07793606427831704
7834 11 0.06782743814929097
7834 12 0.06750060889145537
7834 13 0.0434073220470997
7834 14 0.04208331873577523
7834 15 0.03730224492069957
7834 16 0.03605367883626217
7834 17 0.034340937640715975
7834 18 0.030469032182479455
7834 19 0.029679444430793324
7836 0 0.1700559720719215
7836 1 0.16702146095364442
7836 2 0.1460732417355637
7836 3 0.10349437481512534
7836 4 0.0848484170658982
7836 5 0.05666608242551082
7836 6 0.033708643448702585
7836 7 0.03345941689926201
7836 8 0.03282490818173438
7836 9 0.03263740917311829
7836 10 0.031150310018916823
7836 11 0.0283369515291021
7836 12 0.02523809656089641
7836 13 0.021952195297978726
7836 14 0.021457369569254217
7836 15 0.020074596447945407
7836 16 0.019812186492355766
7836 17 0.01880216102291416
7836 18 0.017146816405176526
7836 19 0.014951339771607283
7841 0 0.08924626101591873
7841 1 0.07786903243958282
7841 2 0.07688379117008293
7841 3 0.07075747044373276
7841 4 0.059614374180751446
7841 5 0.0576615248483165
7841 6 0.056794241959146584
7841 7 0.049987450736154695
7841 8 0.0415999787360594
7841 9 0.03922076344874002
7841 10 0.035267288376523764
7841 11 0.027430307052278342
7841 12 0.02651854313572235
7841 13 0.02492738769066275
7841 14 0.024234446812270927
7841 15 0.023120340529968055
7841 16 0.020095093069953683
7841 17 0.01982669785929021
7841 18 0.019816617429692176
7841 19 0.01834960179606149
7842 0 0.2003326480028554
7842 1 0.1910120081500797
7842 2 0.17209384862077876
7842 3 0.1638886203753961
7842 4 0.15020003078073416
7842 5 0.14465196152409504
7842 6 0.12588696265378396
7842 7 0.12057585139978423
7842 8 0.09540837632162
7842 9 0.0881569181841703
7842 10 0.07615541976977123
7842 11 0.07217736233256217
7842 12 0.059497672081505366
7842 13 0.0336702797179457
7842 14 0.029593117548204637
7842 15 0.028100961202432752
7842 16 0.02650076468344663
7842 17 0.023553570759423454
7842 18 0.023359599828286618
7842 19 0.022843106080326966
7848 0 0.07781623845313264
7848 1 0.06046948283851685
7848 2 0.05942599992525409
7848 3 0.04771989733328238
7848 4 0.042448526814831175
7848 5 0.02428571666191062
7848 6 0.022429312367821065
7848 7 0.020227004470069698
7848 8 0.019668063134676565
7848 9 0.016144730405828134
7850 0 0.123653430700805
7850 1 0.09719699614010975
7850 2 0.0879608100661445
7850 3 0.0652861890104613
7850 4 0.04985825373315537
7850 5 0.04296715963598772
7850 6 0.0427881905118481
7850 7 0.0352443508720492
7850 8 0.02303095594221874
7850 9 0.022724915684121147
7851 0 0.17944623932314827
7851 1 0.06762430542051984
7851 2 0.0484085808146677
7851 3 0.04840547972442459
7851 4 0.046892125050093075
7851 5 0.031431941452351515
7851 6 0.030942878394364652
7851 7 0.025306294137933696
7851 8 0.020579434699182338
7851 9 0.0172748816234156
7855 0 0.18171273639357768
7855 1 0.17010299395609435
7855 2 0.0532139540485461
7855 3 0.050398322557671196
7855 4 0.04137560995256997
7855 5 0.03472820797736523
7855 6 0.02952210182711431
7855 7 0.027018603368963053
7855 8 0.022656961440807314
7855 9 0.01777849188818765
7957 0 0.042112503692126414
7957 1 0.0378000604474991
7957 2 0.028728196316567794
7957 3 0.027207881165960686
7957 4 0.027003812828454415
7957 5 0.025554583192331184
7957 6 0.025421236311877576
7957 7 0.024828986550990046
7957 8 0.023625390047693564
7957 9 0.019717527787623645
7960 0 0.179916880697854
7960 1 0.17689933126051732
7960 2 0.17684075008132635
7960 3 0.17538897204318463
7960 4 0.11498651727078611
7960 5 0.0736543867160894
7960 6 0.06367124533604901
7960 7 0.06363720125046045
7960 8 0.06312822632592478
7960 9 0.05956542448987028
7960 10 0.05308348944661528
7960 11 0.043385327696592015
7960 12 0.04239371070627601
7960 13 0.04135258945054632
7960 14 0.03518948194687189
7960 15 0.027887446234794194
7960 16 0.025504809184882966
7960 17 0.02274420884166768
7960 18 0.02150273527506123
7960 19 0.02065888410304452
7964 0 0.16976658225395524
7964 1 0.13442506388762201
7964 2 0.11080713796042234
7964 3 0.09270786997655854
7964 4 0.07930193985315519
7964 5 0.07255707611962876
7964 6 0.04944296417845799
7964 7 0.04682909218417843
7964 8 0.03628438184179318
7964 9 0.03226476904080331
7964 10 0.030918026287337315
7964 11 0.028236805554590665
7964 12 0.027774039515508397
7964 13 0.026743896571953207
7964 14 0.026652308776537254
7964 15 0.025487549467289032
7964 16 0.0221711805586252
7964 17 0.020331192802483192
7964 18 0.02027706142370798
7964 19 0.019547818549130878
7968 0 0.06342459925586183
7968 1 0.061660825885475605
7968 2 0.04534002183818618
7968 3 0.04337105966338103
7968 4 0.04065981268094473
7968 5 0.039280087833256885
7968 6 0.03681722987953856
7968 7 0.03636301824693591
7968 8 0.03570153155333959
7968 9 0.03355213647943822
7968 10 0.033241823733870655
7968 11 0.03297975520001702
7968 12 0.032294161491027214
7968 13 0.03051377729297626
7968 14 0.02382190183561718
7968 15 0.020568929850299206
7968 16 0.020406160338694752
7968 17 0.019086354062522907
7968 18 0.018428845592358894
7968 19 0.015397297863845751
7971 0 0.12492034301620619
7971 1 0.11550860958069319
7971 2 0.10827594661549551
7971 3 0.09303962627071713
7971 4 0.09119095395284808
7971 5 0.06507303621394603
7971 6 0.06382822388229681
7971 7 0.06300794401422041
7971 8 0.058838607407296
7971 9 0.04236707981086714
7971 10 0.04051502345656491
7971 11 0.03767391549073659
7971 12 0.033283186694242226
7971 13 0.032962880289241575
7971 14 0.026177808015799043
7971 15 0.022794614762273707
7971 16 0.019270917975994062
7971 17 0.016643283479029766
7971 18 0.016643283479029766
7971 19 0.014567071494034618
7973 0 0.18455381795109493
7973 1 0.10196556750620042
7973 2 0.10154872363376563
7973 3 0.09875934200409699
7973 4 0.0960808903713971
7973 5 0.09464389344222432
7973 6 0.08962411113074677
7973 7 0.08096308298148122
7973 8 0.07823557979727175
7973 9 0.06771333160976174
7973 10 0.06631261970000285
7973 11 0.06013777558836454
7973 12 0.05195533017020587
7973 13 0.04867745892016222
7973 14 0.03497378263464603
7973 15 0.031007648549886288
7973 16 0.02422257439013582
7973 17 0.022147807317017935
7973 18 0.019935288834421104
7973 19 0.015353663788721933
7976 0 0.17128691626764167
7976 1 0.09522839236381202
7976 2 0.09518736139363679
7976 3 0.09472192622882825
7976 4 0.08513138589165793
7976 5 0.06361673858199499
7976 6 0.063336169139927
7976 7 0.05603491247302595
7976 8 0.05510434395267827
7976 9 0.053630398023698934
7976 10 0.04782527026707828
7976 11 0.0441136198719705
7976 12 0.04292260126997636
7976 13 0.04284110144939017
7976 14 0.036406493872193295
7976 15 0.03596656913588097
7976 16 0.03569656301824206
7976 17 0.029871898770351415
7976 18 0.028839875177786262
7976 19 0.02722130601952528
7977 0 0.1446330984447574
7977 1 0.14172892365947165
7977 2 0.10259970650737305
7977 3 0.10204557714351895
7977 4 0.09887025691060228
7977 5 0.09838654719453144
7977 6 0.09764768037687627
7977 7 0.09627403321335101
7977 8 0.05677196088983297
7977 9 0.04322623271284253
7977 10 0.04317428379234669
7977 11 0.042506183703134595
7977 12 0.032673584786672004
7977 13 0.026584088563804762
7977 14 0.02626237120046966
7977 15 0.025925884046013193
7977 16 0.02517224743723666
7977 17 0.02504690604765394
7977 18 0.02011277532052478
7977 19 0.018704491770719756
7979 0 0.19235214693946961
7979 1 0.1836095925613068
7979 2 0.15342158819372323
7979 3 0.15100904561783013
7979 4 0.13983979380903924
7979 5 0.1255862927143738
7979 6 0.11252232003843482
7979 7 0.11055736815429686
7979 8 0.09518736139363679
7979 9 0.07877575048241599
7979 10 0.06565102360054637
7979 11 0.06441024042264368
7979 12 0.055579195566692156
7979 13 0.04133632193092554
7979 14 0.03402715408855029
7979 15 0.0329530375344432
7979 16 0.032441685861910985
7979 17 0.026134807740140972
7979 18 0.024490111330689433
7979 19 0.02093251381822419
7980 0 0.0524107641303496
7980 1 0.03687377007354519
7980 2 0.03458798739080098
7980 3 0.03120696716401534
7980 4 0.029348146509462637
7980 5 0.02733712155404249
7980 6 0.025877677560457932
7980 7 0.022127406896714285
7980 8 0.021881283323824757
7980 9 0.02005660861548904
7980 10 0.019925340446378437
7980 11 0.0195105054918931
7980 12 0.019192413612406693
7980 13 0.018914373709277885
7980 14 0.018795738144399696
7980 15 0.015934637200781424
7980 16 0.014720838601025184
7980 17 0.013552062399032012
7980 18 0.012616507423661426
7980 19 0.012430680627028614
7982 0 0.1925582675800078
7982 1 0.1421160091379434
7982 2 0.06725558503609122
7982 3 0.04682145640966256
7982 4 0.04009890769899255
7982 5 0.029548943989011763
7982 6 0.029354024244984248
7982 7 0.023935363257833055
7982 8 0.021881283323824757
7982 9 0.020372714212721195
7982 10 0.019412506135810286
7982 11 0.019109099163588227
7982 12 0.018657385002689878
7982 13 0.0182264296606026
7982 14 0.017557492050667915
7982 15 0.0154875529827065
7982 16 0.014349240653843609
7982 17 0.013931936522272976
7982 18 0.013785211945953115
7982 19 0.013046803501125854
7983 0 0.13713636745929633
7983 1 0.10211812454665148
7983 2 0.08652273416883363
7983 3 0.06885386883883252
7983 4 0.04506702780878019
7983 5 0.03842139896303319
7983 6 0.03117907810121465
7983 7 0.029754019614954663
7983 8 0.02878357454488722
7983 9 0.028324586780596284
7983 10 0.027990074590546463
7983 11 0.02535017720570477
7983 12 0.022628825271667298
7983 13 0.021952851733139676
7983 14 0.021630315712161324
7983 15 0.020275608966598982
7983 16 0.018795738144399696
7983 17 0.01781932102341396
7983 18 0.015734539541475724
7983 19 0.014445981842534603
7984 0 0.12130758797344977
7984 1 0.08004963459194037
7984 2 0.07108080625927503
7984 3 0.03192491294037714
7984 4 0.031530427475881244
7984 5 0.02863920030825283
7984 6 0.02604094128474103
7984 7 0.02505189155952288
7984 8 0.022261146129218118
7984 9 0.02143323425924171
7984 10 0.02037589075528165
7984 11 0.018542393784739722
7984 12 0.018395871043368775
7984 13 0.0177034470133508
7984 14 0.01678370024161912
7984 15 0.016076612053724067
7984 16 0.015824657903011276
7984 17 0.015540381865853447
7984 18 0.014461245846334618
7984 19 0.011999969561818757
7985 0 0.1301743670468985
7985 1 0.09447447280884541
7985 2 0.08278759546733462
7985 3 0.08277165993791019
7985 4 0.034021555526602874
7985 5 0.030094417085757826
7985 6 0.02997761689849919
7985 7 0.0257610509135292
7985 8 0.02191151895369505
7985 9 0.02076291587189951
7985 10 0.02028853960748493
7985 11 0.01978130951778799
7985 12 0.01973512704064566
7985 13 0.018710707155361505
7985 14 0.018370898212633678
7985 15 0.0178500508659629
7985 16 0.016763999641558894
7985 17 0.014766718325744147
7985 18 0.014683018126953227
7985 19 0.014182721162066833
7987 0 0.1719820131960018
7987 1 0.16413091285687215
7987 2 0.10828801898627159
7987 3 0.09368591309498318
7987 4 0.08036571943978525
7987 5 0.07295486073670081
7987 6 0.06656601121736117
7987 7 0.06611707747435719
7987 8 0.06043753255473477
7987 9 0.05883000584311804
7987 10 0.05679218211088291
7987 11 0.05519215913222669
7987 12 0.05433124819125703
7987 13 0.051136329218908566
7987 14 0.05104247030874036
7987 15 0.03484638516941551
7987 16 0.027472479238753494
7987 17 0.027275839181890384
7987 18 0.025180426468437458
7987 19 0.016187919312279586
7989 0 0.21487119286200773
7989 1 0.20592650172566282
7989 2 0.1686531927686672
7989 3 0.16252388413054994
7989 4 0.15382901561695267
7989 5 0.14609497200296065
7989 6 0.14082672521044778
7989 7 0.13362161743154652
7989 8 0.12294955112270528
7989 9 0.11248319801188857
7989 10 0.09755769594320401
7989 11 0.08037670529719149
7989 12 0.05493688507955048
7989 13 0.05329598203535374
7989 14 0.03921184121221332
7989 15 0.03516665007564161
7989 16 0.032960907211142865
7989 17 0.03178250046399386
7989 18 0.031774027168755395
7989 19 0.01762928681693489
8089 0 0.19805999402333022
8089 1 0.11544326787386762
8089 2 0.11127617974600025
8089 3 0.10055455635512318
8089 4 0.06981070985608165
8089 5 0.05463758459970022
8089 6 0.051306436468375356
8089 7 0.04398482276625313
8089 8 0.026826090553859018
8089 9 0.020594366712786007
8092 0 0.09292348251861945
8092 1 0.08251983028352103
8092 2 0.056849888043192603
8092 3 0.04002645083864082
8092 4 0.02897513477448471
8092 5 0.01900771577107224
8092 6 0.01881290166028901
8092 7 0.018533284803727578
8092 8 0.017963648102350006
8092 9 0.017153924013470948
8094 0 0.06846064908696017
8094 1 0.06732832107001714
8094 2 0.06231644616139792
8094 3 0.046591715421177765
8094 4 0.042231035510068245
8094 5 0.03524616172766561
8094 6 0.030352599825267904
8094 7 0.02877682156248435
8094 8 0.025833522864344396
8094 9 0.01850412059676366
8095 0 0.1666213825861249
8095 1 0.1535739113319905
8095 2 0.11938820174375979
8095 3 0.10034291260495491
8095 4 0.081545016524279
8095 5 0.08022002101498137
8095 6 0.07515984907802606
8095 7 0.06255756913195504
8095 8 0.06011823343817075
8095 9 0.04999284557684526
8095 10 0.04482676876725673
8095 11 0.036557062744082165
8095 12 0.030687138423628794
8095 13 0.025128500183636816
8095 14 0.024963504828670522
8095 15 0.02291622503476344
8095 16 0.021881283323824757
8095 17 0.02121781977951385
8095 18 0.020940000574413295
8095 19 0.01924697884200667
8097 0 0.14258301371095283
8097 1 0.09508617229083799
8097 2 0.08967824062321404
8097 3 0.07262631116602962
8097 4 0.0576235346065305
8097 5 0.05107263614521711
8097 6 0.0435119970469601
8097 7 0.04223296708939242
8097 8 0.04149772575558595
8097 9 0.038716266619239104
8097 10 0.03868799840854372
8097 11 0.03827331624500102
8097 12 0.033542659668378993
8097 13 0.02965379064289414
8097 14 0.027003146961753797
8097 15 0.025882891315586853
8097 16 0.023944881567666824
8097 17 0.021717827196132414
8097 18 0.020441445614903735
8097 19 0.018934521364318415
8101 0 0.1735258430613112
8101 1 0.16972310662869786
8101 2 0.09160103729764826
8101 3 0.07179359675605385
8101 4 0.05626735465447189
8101 5 0.05321390123192395
8101 6 0.050397843435456016
8101 7 0.044383927798878814
8101 8 0.04361100557778748
8101 9 0.03723669572000129
8101 10 0.036577095334338734
8101 11 0.027058991108132865
8101 12 0.025164966288612332
8101 13 0.025060711935421157
8101 14 0.024570883036413183
8101 15 0.024080278864844436
8101 16 0.022309346955849574
8101 17 0.02201323433640738
8101 18 0.02184796546679069
8101 19 0.02019510888921769
8108 0 0.20244944767566136
8108 1 0.1903886965564469
8108 2 0.18893488130573668
8108 3 0.11736526475373793
8108 4 0.09824448557142383
8108 5 0.060706621926717864
8108 6 0.05864752441360575
8108 7 0.0415797876959364
8108 8 0.033677293010843434
8108 9 0.032143818976090394
8108 10 0.031861914028005305
8108 11 0.03137786289019845
8108 12 0.022924132437621775
8108 13 0.0201480794598131
8108 14 0.020037104191453926
8108 15 0.019659276712321094
8108 16 0.019143507306608007
8108 17 0.01611916150178597
8108 18 0.014921147526819464
8108 19 0.01396373590142036
8111 0 0.21676945244283957
8111 1 0.18117960540964223
8111 2 0.17367299017060822
8111 3 0.16248716903292718
8111 4 0.15273091277115985
8111 5 0.14585002359991386
8111 6 0.12126018882769016
8111 7 0.11733528754805456
8111 8 0.11516662195230186
8111 9 0.11110737782162361
8111 10 0.09438589933350762
8111 11 0.09146805258831794
8111 12 0.09130798049705877
8111 13 0.08296525549376821
8111 14 0.07254685233062776
8111 15 0.057370980609894776
8111 16 0.028760591769022247
8111 17 0.028760591769022247
8111 18 0.02392632972913826
8111 19 0.015426370584874881
8112 0 0.08446837128863526
8112 1 0.08296804722951018
8112 2 0.08130657965621955
8112 3 0.06788598160232324
8112 4 0.06475792470099496
8112 5 0.06008253694683221
8112 6 0.05583402067808014
8112 7 0.05324058494395497
8112 8 0.04734365058019804
8112 9 0.03586675703787381
8112 10 0.035140177630099176
8112 11 0.03270334318063506
8112 12 0.02980506122133437
8112 13 0.027218748185967097
8112 14 0.023479312474994986
8112 15 0.02070789226947163
8112 16 0.019928781072049623
8112 17 0.019439702923599287
8112 18 0.018245834110317227
8112 19 0.01717619376493696
8117 0 0.2043436026504293
8117 1 0.19045689036086833
8117 2 0.16085702171656874
8117 3 0.1595073306638023
8117 4 0.12658801276998305
8117 5 0.10878645699468927
8117 6 0.09482012741985998
8117 7 0.07930998307018476
8117 8 0.07521996948449096
8117 9 0.0698344169741932
8117 10 0.06374818406405136
8117 11 0.04860147466397435
8117 12 0.04588877522442906
8117 13 0.04493646134622095
8117 14 0.03377490190118396
8117 15 0.028800783332166947
8117 16 0.02851079366827775
8117 17 0.026255731396542813
8117 18 0.015152943647798093
8117 19 0.014520172219877456
8118 0 0.17187843225474297
8118 1 0.09705270112840858
8118 2 0.08725533089891696
8118 3 0.05948499986480634
8118 4 0.052378927025043535
8118 5 0.049159161604591536
8118 6 0.04098778504138819
8118 7 0.0405528514758686
8118 8 0.03034768033417665
8118 9 0.02415014959701897
8119 0 0.08586740815694897
8119 1 0.05496989924100721
8119 2 0.03460212338245661
8119 3 0.03438541300917825
8119 4 0.0323765667394216
8119 5 0.03141276335958894
8119 6 0.027774820446992976
8119 7 0.02434077044526544
8119 8 0.022567635328603945
8119 9 0.020488058170254963
8120 0 0.18664208155747888
8120 1 0.15287502669729938
8120 2 0.13513786192963256
8120 3 0.08660657678387354
8120 4 0.07635677182385288
8120 5 0.07258245073395375
8120 6 0.05781895988108427
8120 7 0.0564804923605237
8120 8 0.04908126463215884
8120 9 0.045011287409337485
8120 10 0.043007417219910096
8120 11 0.03773779719522143
8120 12 0.034555339173083406
8120 13 0.03419663508378307
8120 14 0.03192978716007798
8120 15 0.02753803221206764
8120 16 0.027444767488898573
8120 17 0.02554279754036103
8120 18 0.022712107653250893
8120 19 0.019687620375333826
8121 0 0.1870655350529136
8121 1 0.10808203415990462
8121 2 0.08515044514702068
8121 3 0.07061600489393223
8121 4 0.05317740871863737
8121 5 0.05176349642595799
8121 6 0.04187124490739806
8121 7 0.03779238317420868
8121 8 0.02752006324269061
8121 9 0.02356861972411902
8217 0 0.18994950370761288
8217 1 0.13891553310242205
8217 2 0.1380292249114322
8217 3 0.1353290128304084
8217 4 0.13074551090831515
8217 5 0.11691458051697141
8217 6 0.10548789294661223
8217 7 0.09223501784895444
8217 8 0.0728231511715337
8217 9 0.0691164881746028
8217 10 0.05687884664259174
8217 11 0.05328603364731107
8217 12 0.05034305750782779
8217 13 0.03938669818505733
8217 14 0.03893777953251682
8217 15 0.03771206418238903
8217 16 0.03605436545235006
8217 17 0.027467603132744715
8217 18 0.021157995523394542
8217 19 0.017749148481970022
8220 0 0.09124784500013039
8220 1 0.07815497408664616
8220 2 0.057492198530334285
8220 3 0.03710204728707338
8220 4 0.03516665007564161
8220 5 0.02870976708805492
8220 6 0.02859415716110249
8220 7 0.02439778221625551
8220 8 0.016920434931121768
8220 9 0.016084964625254772
8221 0 0.11154641222059121
8221 1 0.08296525549376821
8221 2 0.03730224492069957
8221 3 0.03238536070700881
8221 4 0.03164686360570866
8221 5 0.022972880293554026
8221 6 0.02297058088418277
8221 7 0.01942110581368031
8221 8 0.016567916045536243
8221 9 0.015917986760650094
8222 0 0.12110284056508734
8222 1 0.10466712263847305
8222 2 0.07685729986146116
8222 3 0.0521130368313161
8222 4 0.04666621326671382
8222 5 0.044155809035217056
8222 6 0.03854446546524779
8222 7 0.038079381153714925
8222 8 0.03516665007564161
8222 9 0.029056517643979
8222 10 0.019854488834078345
8222 11 0.019111106195229752
8222 12 0.016903867488539524
8222 13 0.01434755806716669
8222 14 0.013203973507628931
8223 0 0.16961830335989794
8223 1 0.14865013454910977
8223 2 0.1270583976068098
8223 3 0.10929946484558732
8223 4 0.10180056083338652
8223 5 0.09649135852301577
8223 6 0.07210537327657801
8223 7 0.06968287099479463
8223 8 0.057492198530334285
8223 9 0.04808401512635262
8223 10 0.047081091606281635
8223 11 0.04294740999192122
8223 12 0.03516665007564161
8223 13 0.033737488869625694
8223 14 0.025403188117567324
8223 15 0.02499610211607389
8223 16 0.02223463784382494
8223 17 0.019691413740588623
8223 18 0.018645107024349013
8223 19 0.016920434931121768
8227 0 0.1920684311357681
8227 1 0.190485320794046
8227 2 0.1858003204146528
8227 3 0.17507581474525294
8227 4 0.11765397550084804
8227 5 0.09715505219689459
8227 6 0.097012477498029
8227 7 0.07760929538233531
8227 8 0.07339793937987839
8227 9 0.0643708995843771
8227 10 0.06429342514492158
8227 11 0.04520567521452768
8227 12 0.042026510686042004
8227 13 0.0410442573283092
8227 14 0.03875544900763924
8227 15 0.03502923631528281
8227 16 0.031248207514371212
8227 17 0.025058725653166903
8227 18 0.017986732738843405
8227 19 0.015719728251579815
8229 0 0.1127194165818179
8229 1 0.106788079733965
8229 2 0.08494288336722107
8229 3 0.08221412767454359
8229 4 0.07618569123949226
8229 5 0.07163203825414287
8229 6 0.06118724564300907
8229 7 0.0581254773750891
8229 8 0.052765329660043256
8229 9 0.04774520404052175
8229 10 0.040617502793990415
8229 11 0.039967488625247245
8229 12 0.039404210667914386
8229 13 0.034939515964721286
8229 14 0.02977524435182537
8229 15 0.027007342110598485
8229 16 0.02596019032840455
8229 17 0.019554479102444997
8229 18 0.01563307126510272
8229 19 0.0154502861400131
8230 0 0.1582182278218683
8230 1 0.14784623537913016
8230 2 0.13413608151216944
8230 3 0.13013718414490816
8230 4 0.11407651705214819
8230 5 0.08696857436682623
8230 6 0.07228937129766905
8230 7 0.06849096582807161
8230 8 0.048703244749616764
8230 9 0.045061033122166694
8230 10 0.04193130117939323
8230 11 0.040622569417100504
8230 12 0.040622569417100504
8230 13 0.03865770430312748
8230 14 0.03742067110539711
8230 15 0.03457321382706375
8230 16 0.0315058319067329
8230 17 0.029458437048041856
8230 18 0.027795130324515808
8230 19 0.023713806959472863
8232 0 0.18438853210470682
8232 1 0.1690437188728101
8232 2 0.13140786153094514
8232 3 0.08898841781183672
8232 4 0.07363148693777351
8232 5 0.07330003999811606
8232 6 0.0710851900389131
8232 7 0.06555411264414134
8232 8 0.06300254540091399
8232 9 0.06256093430530887
8232 10 0.0499312085788016
8232 11 0.04898398773201466
8232 12 0.043390469772019456
8232 13 0.04335220035665926
8232 14 0.03693573528916932
8232 15 0.032625804606709774
8232 16 0.026416518398508882
8232 17 0.020385216661706177
8232 18 0.019445301485546698
8232 19 0.018973109565719414
8234 0 0.08316820713697769
8234 1 0.036557062744082165
8234 2 0.03003474562058115
8234 3 0.02910886834806474
8234 4 0.026776124143001557
8234 5 0.02594979677168951
8234 6 0.023423896520516883
8234 7 0.02268704616604291
8234 8 0.019646706356250494
8234 9 0.017621475615781174
8234 10 0.0161030618635713
8234 11 0.01546371570934753
8234 12 0.015229469274362945
8234 13 0.014626808036835007
8234 14 0.014083778652017136
8234 15 0.013808824748667967
8234 16 0.01312707533524716
8234 17 0.01301958030502578
8234 18 0.012684387157811871
8234 19 0.01166741064363435
8237 0 0.18561478316628782
8237 1 0.11486690271209031
8237 2 0.11482280837783065
8237 3 0.09868655315354892
8237 4 0.09803713505811282
8237 5 0.05316996534753073
8237 6 0.038624852364153056
8237 7 0.028104441440570546
8237 8 0.0277446753599035
8237 9 0.02509565390358619
8237 10 0.024822656101564335
8237 11 0.023479306816071185
8237 12 0.02126580933965673
8237 13 0.02103662103939653
8237 14 0.020084961710041437
8237 15 0.019639274302991467
8237 16 0.018145474983009273
8237 17 0.01661791075101271
8237 18 0.013936908829986376
8237 19 0.01384295654757545
8240 0 0.13990474316381457
8240 1 0.13462495216674705
8240 2 0.13419707716551563
8240 3 0.12935116717414064
8240 4 0.11378548991889542
8240 5 0.0998972006759018
8240 6 0.0777801118835852
8240 7 0.0753779892727182
8240 8 0.07100884738421782
8240 9 0.06850137070263426
8240 10 0.06716680783949658
8240 11 0.06379651127331439
8240 12 0.05232582745670809
8240 13 0.04704340694638091
8240 14 0.043867826402969386
8240 15 0.0426148086318083
8240 16 0.037940703567040504
8240 17 0.03297100650382023
8240 18 0.030666632370080854
8240 19 0.02767184878319676
8242 0 0.18913735005411514
8242 1 0.17842582218329958
8242 2 0.1607297789285888
8242 3 0.15378305006522272
8242 4 0.12461793767349696
8242 5 0.11734108983125881
8242 6 0.11041355603742672
8242 7 0.09092041212375598
8242 8 0.08203375136468538
8242 9 0.06905705438422578
8242 10 0.057595247532755786
8242 11 0.05636923414597446
8242 12 0.05514963420616793
8242 13 0.053638290336093804
8242 14 0.0518790101512058
8242 15 0.05016015354533834
8242 16 0.04366722887206124
8242 17 0.02877956425422004
8242 18 0.024153265777725547
8242 19 0.017442640419504857
8243 0 0.1780209752293235
8243 1 0.1679914608550395
8243 2 0.15693410483287945
8243 3 0.08471211245460444
8243 4 0.0790153417709309
8243 5 0.07309837104430153
8243 6 0.07076614746022807
8243 7 0.06716680783949658
8243 8 0.057083926041150514
8243 9 0.05358420234240106
8243 10 0.049025905266918746
8243 11 0.04773002680688669
8243 12 0.039070292664863705
8243 13 0.03887439958594237
8243 14 0.030024878343779635
8243 15 0.02908042471073152
8243 16 0.028161530550185897
8243 17 0.024359829700628187
8243 18 0.020802852783473155
8243 19 0.019279413906927733
8244 0 0.2078631514455626
8244 1 0.17922979680559653
8244 2 0.16245697301552348
8244 3 0.1236949294753478
8244 4 0.06949294242155984
8244 5 0.06739814464449333
8244 6 0.06710296763378629
8244 7 0.06649045326676634
8244 8 0.059284866365649905
8244 9 0.058981476370199244
8244 10 0.056175408460548526
8244 11 0.044620644354102665
8244 12 0.03871264490800628
8244 13 0.03281551436822424
8244 14 0.03274125042487197
8244 15 0.027578250183523414
8244 16 0.02679524187391025
8244 17 0.021856872612853923
8244 18 0.02113881743063197
8244 19 0.018357822326036832
8246 0 0.16432533838822103
8246 1 0.09985634324605648
8246 2 0.09250767234293236
8246 3 0.06659485663828428
8246 4 0.06310897466715279
8246 5 0.06074303521507124
8246 6 0.06048141939512171
8246 7 0.05809365158763065
8246 8 0.05747547829680941
8246 9 0.052566592028757804
8246 10 0.04812676640936343
8246 11 0.04454284546968252
8246 12 0.04312090127782118
8246 13 0.037829075636136245
8246 14 0.037505298424537474
8246 15 0.03663850220281447
8246 16 0.03343017158105695
8246 17 0.03133274806334663
8246 18 0.02693167664045143
8246 19 0.017778595635124007
8247 0 0.2019669451966681
8247 1 0.19066062670817824
8247 2 0.16250394962830592
8247 3 0.09677483287930175
8247 4 0.06525422740883162
8247 5 0.05288260142428533
8247 6 0.04961747407064219
8247 7 0.04865992002899409
8247 8 0.04845877924140102
8247 9 0.0483821385500522
8247 10 0.04781457490109384
8247 11 0.045223515914965214
8247 12 0.039773776118297334
8247 13 0.03632325110307631
8247 14 0.036135167339000754
8247 15 0.03228059893698345
8247 16 0.031783586977363706
8247 17 0.027185781182208713
8247 18 0.026958475417266408
8247 19 0.01604530122833153
8248 0 0.06708823934143945
8248 1 0.06194975544430603
8248 2 0.051027994781656656
8248 3 0.0368616863849215
8248 4 0.030868259825120835
8248 5 0.029677145021422068
8248 6 0.029633607148002873
8248 7 0.023769232345490634
8248 8 0.0159028132996309
8248 9 0.014738318073493404
8362 0 0.1651258572943833
8362 1 0.16427104290065558
8362 2 0.1008532796247457
8362 3 0.0895667145529382
8362 4 0.06107700980735993
8362 5 0.06000612638505132
8362 6 0.05400814250528268
8362 7 0.034606216670672874
8362 8 0.02986198810846742
8362 9 0.017259291288343043
8363 0 0.19995918921289718
8363 1 0.19831099370222852
8363 2 0.18115206531380929
8363 3 0.17001509200638099
8363 4 0.15186129463276793
8363 5 0.12862400301090654
8363 6 0.09362614731440982
8363 7 0.05830930562846609
8363 8 0.051739412046259696
8363 9 0.04730819553627502
8363 10 0.028989053840727946
8363 11 0.028322383572929648
8367 0 0.20215587779931388
8367 1 0.17227170482323745
8367 2 0.14478575357322102
8367 3 0.12414134311095228
8367 4 0.10881681146195939
8367 5 0.09125548077464626
8367 6 0.08801979114261743
8367 7 0.08629465690394642
8367 8 0.08542275256033878
8367 9 0.05426455211533502
8367 10 0.05227996376560657
8367 11 0.04929571520853254
8367 12 0.04274380568616665
8367 13 0.03310920496827948
8367 14 0.030719158500804433
8367 15 0.02739467092279368
8367 16 0.024315118543674193
8367 17 0.023921827112100367
8367 18 0.022145953076319048
8367 19 0.01798956220074405
8368 0 0.14152969936073928
8368 1 0.13079275914944005
8368 2 0.07171394174462688
8368 3 0.05498116804460351
8368 4 0.04766175000491619
8368 5 0.044198447139751844
8368 6 0.037599825087714235
8368 7 0.03725358194862434
8368 8 0.03271895803771075
8368 9 0.028879502734858765
8368 10 0.028457013142778216
8368 11 0.024513418551519013
8368 12 0.023392202774613787
8368 13 0.022715868951270816
8368 14 0.021603201921921406
8368 15 0.019372124055564276
8368 16 0.019182670831928803
8368 17 0.019011265802603584
8368 18 0.01718107364356161
8368 19 0.016878783365636335
8369 0 0.12384285374351353
8369 1 0.10714124185055594
8369 2 0.10548840602237021
8369 3 0.09066170121802444
8369 4 0.07972854725545514
8369 5 0.07845960527271723
8369 6 0.06821929221421927
8369 7 0.057677483013436136
8369 8 0.04965156720023703
8369 9 0.046635051459648046
8369 10 0.03986228168654952
8369 11 0.032134825059862204
8369 12 0.0271610139590384
8369 13 0.025322386230916632
8369 14 0.025322386230916632
8369 15 0.02140299485675555
8369 16 0.016985467283446198
8369 17 0.016820156915054965
8369 18 0.015914102852614475
8370 0 0.21029517580979565
8370 1 0.18682731699657446
8370 2 0.1225822794227698
8370 3 0.0816957551638819
8370 4 0.07437079892410105
8370 5 0.06879943753709583
8370 6 0.057788884587388345
8370 7 0.04766175000491619
8370 8 0.0408859545938919
8370 9 0.03598414952582364
8370 10 0.03441898929039924
8370 11 0.034220802461030445
8370 12 0.03171371058626537
8370 13 0.02824927782264871
8370 14 0.024047906048085186
8370 15 0.023607196607672416
8370 16 0.022180606439370216
8370 17 0.019282064169574672
8370 18 0.01661322327579731
8370 19 0.015705448900521224
8371 0 0.13079275914944005
8371 1 0.08230267851418617
8371 2 0.07607897148183167
8371 3 0.05498116804460351
8371 4 0.05018635813515419
8371 5 0.04804679072558773
8371 6 0.04766175000491619
8371 7 0.044388534162853065
8371 8 0.04271692957072639
8371 9 0.04103796837765803
8371 10 0.0410230665449813
8371 11 0.03658537245355209
8371 12 0.033933287633150344
8371 13 0.03298163773533492
8371 14 0.032883889258207295
8371 15 0.026398277800789387
8371 16 0.0253389102884164
8371 17 0.019011265802603584
8371 18 0.015385757431906986
8371 19 0.013754650927964246
8374 0 0.1942894455492986
8374 1 0.17949771289404481
8374 2 0.15939606867663716
8374 3 0.1369882545603372
8374 4 0.11861172194590539
8374 5 0.11584241817788371
8374 6 0.1105590582862055
8374 7 0.10343554464328712
8374 8 0.09424287946596967
8374 9 0.0936017988516008
8374 10 0.08942254781017653
8374 11 0.08625466717575063
8374 12 0.0638679118012232
8374 13 0.06322944560965053
8374 14 0.05842549087933832
8374 15 0.053625210676881085
8374 16 0.051238321888887155
8374 17 0.032328601701281864
8374 18 0.029449465767508877
8374 19 0.01787127560283361
8376 0 0.1850940565433248
8376 1 0.16224128502114524
8376 2 0.1336373718754093
8376 3 0.10229026900868673
8376 4 0.10172092091242303
8376 5 0.07990411725269812
8376 6 0.0694140645690016
8376 7 0.0519202297521744
8376 8 0.051896632039923014
8376 9 0.04864722894921573
8376 10 0.048206964677475324
8376 11 0.044586147554609996
8376 12 0.042117562770004766
8376 13 0.03315156012662421
8376 14 0.03259750621508745
8376 15 0.027121461854283244
8376 16 0.02353706367869509
8376 17 0.023028618806688807
8376 18 0.020590024431922486
8376 19 0.01713393103568099
8377 0 0.17766465920586733
8377 1 0.14233328163098602
8377 2 0.12437950835066926
8377 3 0.10199448837944089
8377 4 0.0844977826019385
8377 5 0.07251211408371958
8377 6 0.056928022690424955
8377 7 0.05136617206802178
8377 8 0.04506810300430244
8377 9 0.04385709708344213
8377 10 0.03808910695742141
8377 11 0.03781279679866787
8377 12 0.0374957687968561
8377 13 0.03351660221058199
8377 14 0.030631854510706054
8377 15 0.027257230754123805
8377 16 0.02471016235531848
8377 17 0.024441284249823964
8377 18 0.01978952438883953
8377 19 0.018895161662972504
8381 0 0.2095280520992927
8381 1 0.18832921046390044
8381 2 0.1652005399980969
8381 3 0.1097684387240796
8381 4 0.08761271834527953
8381 5 0.0850758454408562
8381 6 0.07293750670371019
8381 7 0.06064629779899611
8381 8 0.05142906534714932
8381 9 0.04796182009840342
8381 10 0.04393620129295244
8381 11 0.03847938784153295
8381 12 0.03725355554031327
8381 13 0.032991608759072796
8381 14 0.02798316504458509
8381 15 0.025331249991897387
8381 16 0.018617698970071428
8381 17 0.018488296359507318
8381 18 0.018340632401836445
8381 19 0.018070911116695534
8382 0 0.19218609147944454
8382 1 0.17817118570270496
8382 2 0.16857671429980067
8382 3 0.1220096189697744
8382 4 0.09440763714613631
8382 5 0.08001135763134844
8382 6 0.0757223159229474
8382 7 0.059154790343153435
8382 8 0.054630212908295075
8382 9 0.04387481328755604
8382 10 0.04271572233364878
8382 11 0.03875586776800054
8382 12 0.03373650421688427
8382 13 0.03266175386331144
8382 14 0.03173363377066178
8382 15 0.02644154404586612
8382 16 0.024582580031910453
8382 17 0.02376252463447817
8382 18 0.02000105873314764
8382 19 0.019300672597341247
8385 0 0.1433782509549006
8385 1 0.10382465224386386
8385 2 0.09139174765978134
8385 3 0.08600196981971193
8385 4 0.08347676184355099
8385 5 0.06465274417060832
8385 6 0.0637957642953726
8385 7 0.05490435758554066
8385 8 0.05284005763514723
8385 9 0.051513315404702935
8385 10 0.028569129627437316
8385 11 0.026739984369298583
8385 12 0.02468194884755318
8385 13 0.022926101743104627
8385 14 0.022297263267225885
8385 15 0.019927232413236
8385 16 0.019291384417075397
8385 17 0.0167181378367653
8385 18 0.01669424963309212
8385 19 0.01623260971984631
8387 0 0.19586110222924688
8387 1 0.12526785375422758
8387 2 0.1021709487140286
8387 3 0.09929611733496047
8387 4 0.08648040541879998
8387 5 0.08343156590545801
8387 6 0.05891041537771851
8387 7 0.05447602232517338
8387 8 0.04945668140975232
8387 9 0.04194645577733308
8387 10 0.040987868038937274
8387 11 0.03286715016160308
8387 12 0.0318996137783695
8387 13 0.031333598788224754
8387 14 0.02590698135420895
8387 15 0.023763784688177927
8387 16 0.021427952597027174
8387 17 0.018226672994326055
8387 18 0.018222304305151458
8387 19 0.016791011571170387
8388 0 0.07619613384021358
8388 1 0.07177773667894677
8388 2 0.046128985221946237
8388 3 0.036503955630514985
8388 4 0.03490678474945462
8388 5 0.032655295144946236
8388 6 0.027438321974688904
8388 7 0.02713446040225481
8388 8 0.026368432636661384
8388 9 0.024469548687903474
8388 10 0.024304166639810762
8388 11 0.023384612271488324
8388 12 0.021901080125589605
8388 13 0.02174449015877616
8388 14 0.021528732371004358
8388 15 0.020035838478830368
8388 16 0.01898815287149118
8388 17 0.01844124806702339
8388 18 0.016914259158946628
8388 19 0.013764530465767331
8389 0 0.12459742218840936
8389 1 0.07582929976371873
8389 2 0.06084179852586723
8389 3 0.05366732061519442
8389 4 0.0507383371079638
8389 5 0.04877019736341777
8389 6 0.039460192514772625
8389 7 0.03551491156422063
8389 8 0.03550723806354609
8389 9 0.03484567214501655
8389 10 0.03053117848366523
8389 11 0.026630086182769585
8389 12 0.024589814022836436
8389 13 0.022476436112622348
8389 14 0.021901080125589605
8389 15 0.019865314355310214
8389 16 0.018247273363270686
8389 17 0.016697746848001318
8389 18 0.016627321541294256
8389 19 0.01637174567934864
8390 0 0.04877019736341777
8390 1 0.04629945086992045
8390 2 0.0437527050297718
8390 3 0.03933799748682342
8390 4 0.03876205863063915
8390 5 0.03535621647775311
8390 6 0.027687024130523888
8390 7 0.026630086182769585
8390 8 0.02641666175791185
8390 9 0.02489386045344804
8390 10 0.024751327253357002
8390 11 0.0223176448244502
8390 12 0.021901080125589605
8390 13 0.019865314355310214
8390 14 0.019738961904675
8390 15 0.019317958723246258
8390 16 0.016914259158946628
8390 17 0.01637174567934864
8390 18 0.015918648854734846
8390 19 0.015241715185468937
8391 0 0.17501199717523785
8391 1 0.056359768652762834
8391 2 0.035080604252935056
8391 3 0.034963011816344244
8391 4 0.034472469892937306
8391 5 0.03440117122565691
8391 6 0.03237783811096896
8391 7 0.03161285724627877
8391 8 0.02771408133152579
8391 9 0.027296556501926906
8391 10 0.027097068120083813
8391 11 0.025818898318933928
8391 12 0.02493807173879959
8391 13 0.024763724069097697
8391 14 0.02475565067114119
8391 15 0.022726643542188472
8391 16 0.021502284447465058
8391 17 0.01704081721714662
8391 18 0.01637174567934864
8391 19 0.014298943195943771
8398 0 0.19454897134005752
8398 1 0.17396844635488948
8398 2 0.1566795890759926
8398 3 0.15592585060658765
8398 4 0.10318354899379979
8398 5 0.06576675236489862
8398 6 0.03797471369908626
8398 7 0.03560481677295967
8398 8 0.03394523173498694
8398 9 0.026778153810338285
8503 0 0.14597563661783905
8503 1 0.12719987070184205
8503 2 0.09901212235768476
8503 3 0.0767712314030594
8503 4 0.06837750063323987
8503 5 0.06625799976747279
8503 6 0.06399186486816666
8503 7 0.05990320942418518
8503 8 0.05508926857967163
8503 9 0.049020812235497584
8503 10 0.0486241933567286
8503 11 0.04195055283816521
8503 12 0.03919658098102917
8503 13 0.03851513714949364
8503 14 0.029648227920797472
8503 15 0.02892187298366696
8503 16 0.024469929722106095
8503 17 0.019777874551040606
8503 18 0.018471647805683923
8503 19 0.014791701531172877
8506 0 0.21238205109354036
8506 1 0.207155423799278
8506 2 0.19729993264973128
8506 3 0.1491883661096981
8506 4 0.13391072053070685
8506 5 0.11115168342237185
8506 6 0.08093895333039251
8506 7 0.07859400094038202
8506 8 0.06768612350412515
8506 9 0.0643828889576041
8506 10 0.06420949198710083
8506 11 0.06096887154613314
8506 12 0.0555958969371377
8506 13 0.05096307938042412
8506 14 0.047993842061886983
8506 15 0.04545007658827368
8506 16 0.043066722741347624
8506 17 0.03090288300724506
8506 18 0.030290736470272195
8506 19 0.018380469339089597
8509 0 0.1398076963932383
8509 1 0.07193745414431439
8509 2 0.06681301946867163
8509 3 0.05504619285169621
8509 4 0.053445664342513736
8509 5 0.053124282741990846
8509 6 0.04075048750332074
8509 7 0.04072622958329254
8509 8 0.038721220063873164
8509 9 0.03825383822927698
8509 10 0.03180343470944277
8509 11 0.03134408100141268
8509 12 0.027439178358490832
8509 13 0.025266941981819523
8509 14 0.02465998656428037
8509 15 0.022878506421319906
8509 16 0.01977599201572271
8509 17 0.019444954404886885
8509 18 0.01873421621114
8509 19 0.015571530468763684
8511 0 0.16269359148273477
8511 1 0.15851102808457881
8511 2 0.12300762677137
8511 3 0.11417983391029629
8511 4 0.11269873510163213
8511 5 0.09201870360034219
8511 6 0.07467078979265505
8511 7 0.07465304340761421
8511 8 0.061221504767702085
8511 9 0.054433052230442244
8511 10 0.053665253221699016
8511 11 0.05021674655596712
8511 12 0.03621145340445801
8511 13 0.03180343470944277
8511 14 0.028990730768481063
8511 15 0.027564019876471103
8511 16 0.026988565801425803
8511 17 0.024975169756932914
8511 18 0.023965276329046676
8511 19 0.017339742321718057
8517 0 0.18971611459958418
8517 1 0.17227170482323745
8517 2 0.10778198292949673
8517 3 0.10072113998136971
8517 4 0.08320113452826947
8517 5 0.07639473942994367
8517 6 0.06936703513959701
8517 7 0.06688144717527683
8517 8 0.062255831542254364
8517 9 0.05784731863456047
8517 10 0.05019113803945834
8517 11 0.04295418938263516
8517 12 0.04255666507605797
8517 13 0.03715396602664229
8517 14 0.03398255422376438
8517 15 0.03263495320018853
8517 16 0.026509981184010996
8517 17 0.026349162114810053
8517 18 0.018485257517426027
8517 19 0.017358296046554558
8519 0 0.1654479028752989
8519 1 0.13106918625928551
8519 2 0.12331410653921615
8519 3 0.12179773377219061
8519 4 0.10544825029907626
8519 5 0.08710635784354005
8519 6 0.06608697199973432
8519 7 0.05891141889353927
8519 8 0.05445077597978789
8519 9 0.052183848831149585
8519 10 0.04919874011765776
8519 11 0.048970911845417804
8519 12 0.048614475098253854
8519 13 0.04699036019466761
8519 14 0.044831409084773795
8519 15 0.035009656438930344
8519 16 0.025785007024287997
8519 17 0.024623235626806857
8519 18 0.019251792699853634
8519 19 0.01923218264257423
8520 0 0.19148086885009596
8520 1 0.12278117173130582
8520 2 0.10918578083903527
8520 3 0.08362428621443477
8520 4 0.048916156098716516
8520 5 0.038056387060002354
8520 6 0.03748612976331457
8520 7 0.03658117353209153
8520 8 0.03657304354489701
8520 9 0.03304742838344873
8520 10 0.03304742838344873
8520 11 0.03304742838344873
8520 12 0.030967577710449348
8520 13 0.030904537299302974
8520 14 0.029208346569567625
8520 15 0.025897549814540132
8520 16 0.02456121193563678
8520 17 0.02434782712324565
8520 18 0.020519129434539915
8520 19 0.012910538502298712
8526 0 0.05268988111530858
8526 1 0.04993919520659316
8526 2 0.04623796100389562
8526 3 0.03434130358445513
8526 4 0.034331411785650474
8526 5 0.03378609902507878
8526 6 0.02851525101392523
8526 7 0.027977589118332882
8526 8 0.027775633445712426
8526 9 0.026724328013448345
8526 10 0.023588544794823363
8526 11 0.019436073667134728
8526 12 0.018333607791091108
8526 13 0.017766645874363614
8526 14 0.01769561317650188
8526 15 0.01769317229403559
8526 16 0.017113585318307416
8526 17 0.016083863021421455
8526 18 0.015755487934234137
8526 19 0.015608555864041562
8527 0 0.13324580452928694
8527 1 0.09279332727118976
8527 2 0.0773870732172745
8527 3 0.06467013592975761
8527 4 0.04977779138193275
8527 5 0.04583447219163188
8527 6 0.04049774487589164
8527 7 0.040024624892560944
8527 8 0.039348304273373505
8527 9 0.038853925599629295
8527 10 0.03673433796369726
8527 11 0.0326941832693087
8527 12 0.03137087600561179
8527 13 0.02790099747099035
8527 14 0.026568269985472223
8527 15 0.02575863455306605
8527 16 0.024672549375119236
8527 17 0.02000178684801007
8527 18 0.019293142456069664
8527 19 0.01888542642772635
8601 0 0.08152867355234086
8601 1 0.06335176513392336
8601 2 0.052376799269694255
8601 3 0.049298065548218015
8601 4 0.03402058219170905
8601 5 0.032624623777943236
8601 6 0.03261017088655474
8601 7 0.025034758224560506
8601 8 0.022520081505593766
8601 9 0.013703534812421155
8605 0 0.1748418371091489
8605 1 0.17174202955543666
8605 2 0.10528990606588441
8605 3 0.08494187230616858
8605 4 0.06355271729072305
8605 5 0.059585438217047516
8605 6 0.052399163336556955
8605 7 0.04350172044133696
8605 8 0.04345686403867206
8605 9 0.04128098142876479
8605 10 0.03902443651899391
8605 11 0.03851898899029438
8605 12 0.03463976654358279
8605 13 0.03379035830839322
8605 14 0.033772019622661166
8605 15 0.0325803068593474
8605 16 0.03199177123878145
8605 17 0.024555969885888852
8605 18 0.020126526505361918
8605 19 0.016271495957900846
8606 0 0.1941291546463191
8606 1 0.11938756794429405
8606 2 0.08811429517009899
8606 3 0.08092977832860268
8606 4 0.07522452680445894
8606 5 0.07474702681410604
8606 6 0.053747601880855395
8606 7 0.0488137597588401
8606 8 0.04043616446708599
8606 9 0.03176253955343877
8606 10 0.031068314099344057
8606 11 0.029705245350711344
8606 12 0.022169567765341833
8606 13 0.021879159341091338
8606 14 0.021730663521621674
8606 15 0.02034492701054892
8606 16 0.020077561724017284
8606 17 0.015512008021913777
8606 18 0.014492115275670658
8606 19 0.013055697443033549
8608 0 0.18988915694419592
8608 1 0.1456739782530716
8608 2 0.1380955173174564
8608 3 0.13097535375742836
8608 4 0.1182965198901735
8608 5 0.0710086059368023
8608 6 0.06348224482631765
8608 7 0.05998656537177819
8608 8 0.051030148945317017
8608 9 0.051030148945317017
8608 10 0.046198416444372205
8608 11 0.04221173480728998
8608 12 0.041887912324300794
8608 13 0.0395062938806738
8608 14 0.03469660854685882
8608 15 0.03384240531690162
8608 16 0.0333960558157669
8608 17 0.03141921076010654
8608 18 0.030481064940788935
8608 19 0.02653215096115652
8609 0 0.15780109723062757
8609 1 0.10587053428359203
8609 2 0.10421265069537554
8609 3 0.1038989652312224
8609 4 0.10050198118039333
8609 5 0.09464624755452566
8609 6 0.0825004314927302
8609 7 0.07634263960481312
8609 8 0.071267482837632
8609 9 0.06993364431674089
8609 10 0.05952060581336406
8609 11 0.050662450939788495
8609 12 0.041887912324300794
8609 13 0.03762632771418361
8609 14 0.0333960558157669
8609 15 0.030920578461971698
8609 16 0.028117949291684225
8609 17 0.02653215096115652
8609 18 0.01969832328655
8609 19 0.014372164954162636
8610 0 0.1872104638640805
8610 1 0.1783840065090239
8610 2 0.1483080941040963
8610 3 0.13848334222863817
8610 4 0.12217495763278464
8610 5 0.12197944558806592
8610 6 0.09773198325105202
8610 7 0.07586522261200931
8610 8 0.06122933671824307
8610 9 0.06057983939787375
8610 10 0.056292020017013784
8610 11 0.05203361949468879
8610 12 0.051030148945317017
8610 13 0.04282893099060153
8610 14 0.041078848443198555
8610 15 0.03636387840335371
8610 16 0.0361808537171565
8610 17 0.03316185559532669
8610 18 0.019568026566025284
8610 19 0.016660007485170512
8611 0 0.17548702987481338
8611 1 0.13905771544923742
8611 2 0.13766945317184134
8611 3 0.05240067238290396
8611 4 0.04820559521791541
8611 5 0.04125780624949057
8611 6 0.04003722542955848
8611 7 0.035578932855492566
8611 8 0.029629783601821134
8611 9 0.02558952516049622
8611 10 0.025197852181129566
8611 11 0.023050169874832053
8611 12 0.02278645082153638
8611 13 0.022614579874151518
8611 14 0.02092208442165841
8611 15 0.020663962044002213
8611 16 0.020299749935535287
8611 17 0.019683727035758537
8611 18 0.019172081099188654
8611 19 0.017118710416963452
8615 0 0.07667515796737695
8615 1 0.049597162306811424
8615 2 0.04820559521791541
8615 3 0.04151323120680148
8615 4 0.04125780624949057
8615 5 0.04003722542955848
8615 6 0.03401593432896026
8615 7 0.027713856860881673
8615 8 0.027543545890158033
8615 9 0.023164553701627538
8615 10 0.02284158382982442
8615 11 0.02240218914604148
8615 12 0.021725696872832073
8615 13 0.02092208442165841
8615 14 0.019683727035758537
8615 15 0.017363943652508245
8615 16 0.017095880432041112
8615 17 0.016046546191567812
8615 18 0.015527196573396441
8615 19 0.015506211397633321
8616 0 0.2138506399079878
8616 1 0.18189771529479426
8616 2 0.17748885530644057
8616 3 0.17248807188847187
8616 4 0.16011214134922075
8616 5 0.1590490332882151
8616 6 0.14787804607612515
8616 7 0.122803294350753
8616 8 0.10653369224601765
8616 9 0.09213381365569216
8616 10 0.07172141906927632
8616 11 0.06875011435724378
8616 12 0.06873017985499977
8616 13 0.06519984892371708
8616 14 0.060964246319079554
8616 15 0.059901013761750284
8616 16 0.05479885638280527
8616 17 0.045118486289213264
8616 18 0.042595406068401606
8616 19 0.015905984183267555
8618 0 0.1964757368063844
8618 1 0.1345551135018074
8618 2 0.13211217873248549
8618 3 0.1154600107430877
8618 4 0.11183866168138505
8618 5 0.10558793517418731
8618 6 0.09910101273275543
8618 7 0.09574595753467804
8618 8 0.09574595753467804
8618 9 0.07863463955850701
8618 10 0.06784210607978391
8618 11 0.054966462387951893
8618 12 0.051672666926331406
8618 13 0.044198552772996134
8618 14 0.04211140586090897
8618 15 0.03688940379370022
8618 16 0.036665023692363186
8618 17 0.028402115922981898
8618 18 0.02609311090326513
8618 19 0.013916268848575136
8625 0 0.06719538917730897
8625 1 0.049474137303371364
8625 2 0.04367394035568957
8625 3 0.03787805928056022
8625 4 0.028496242688876697
8625 5 0.025990803219861598
8625 6 0.024235391852545744
8625 7 0.02396020027439692
8625 8 0.02281830867622971
8625 9 0.022371266900083297
8625 10 0.0211953689424862
8625 11 0.02114440090211591
8625 12 0.02016144583783175
8625 13 0.019787125005147784
8625 14 0.019151978715538538
8625 15 0.018748442745576445
8625 16 0.017552217933685114
8625 17 0.015030533580744444
8625 18 0.014450769292070495
8625 19 0.014162480134783583
8626 0 0.15723549156930444
8626 1 0.09834390154476491
8626 2 0.08816720233502517
8626 3 0.08183714526136508
8626 4 0.07191045730516636
8626 5 0.07013125393588195
8626 6 0.06693631610045414
8626 7 0.06678035616049058
8626 8 0.051110166127867264
8626 9 0.05104417553111248
8626 10 0.04744457182727026
8626 11 0.04267393306768418
8626 12 0.04077629974108636
8626 13 0.03921276927571673
8626 14 0.03795903093492495
8626 15 0.03706262345125772
8626 16 0.033370628384819766
8626 17 0.027412911520513176
8626 18 0.023522648513465267
8626 19 0.017687098382488872
8629 0 0.17660595756019495
8629 1 0.0941234459928355
8629 2 0.08891224115223961
8629 3 0.08816720233502517
8629 4 0.07649638879187833
8629 5 0.07427171494095632
8629 6 0.07196855558952628
8629 7 0.06771299961956541
8629 8 0.0659486301758721
8629 9 0.05624923100784429
8629 10 0.04560442939387768
8629 11 0.04394392761024914
8629 12 0.042065240360538034
8629 13 0.04042232273946804
8629 14 0.037940703567040504
8629 15 0.03423005291513762
8629 16 0.03276178477303892
8629 17 0.028042302684616507
8629 18 0.02174444111476988
8629 19 0.0210243675830588
8634 0 0.1129007813170334
8634 1 0.07376281924135386
8634 2 0.06261075547045544
8634 3 0.04144665585458723
8634 4 0.036555806462998275
8634 5 0.03044056025052723
8634 6 0.026098792462761623
8634 7 0.023887022844414497
8634 8 0.021450824080724056
8634 9 0.017736066936449375
8635 0 0.1666866488406331
8635 1 0.10630563007159391
8635 2 0.058296286331107255
8635 3 0.050407697508102
8635 4 0.04054738495547656
8635 5 0.029915934629065125
8635 6 0.020958654273570285
8635 7 0.020831922675040384
8635 8 0.017994989108669486
8635 9 0.017994989108669486
8636 0 0.08321380297235262
8636 1 0.07614323422051912
8636 2 0.07571187332222608
8636 3 0.06953319623286637
8636 4 0.06832783791795975
8636 5 0.06447442016378205
8636 6 0.031910075242170155
8636 7 0.03108190872062269
8636 8 0.021899918159902405
8636 9 0.01605823375552541
8638 0 0.09394148518431293
8638 1 0.060127797019394934
8638 2 0.03806519611805303
8638 3 0.03272995144034872
8638 4 0.03232553833719743
8638 5 0.027808364660979093
8638 6 0.02291753224616154
8638 7 0.020394012515601318
8638 8 0.018883568414411595
8638 9 0.017487396847849265
8639 0 0.19457373479061196
8639 1 0.1927800973930184
8639 2 0.17432996858824285
8639 3 0.15643462558248236
8639 4 0.030760596913493348
8639 5 0.030724257191149393
8639 6 0.02666539409467377
8639 7 0.02541653751881457
8639 8 0.018270041100031213
8639 9 0.017788293144211483
8737 0 0.18281440058874945
8737 1 0.15129421010602476
8737 2 0.11768377162096975
8737 3 0.11609572669769294
8737 4 0.11596114994446652
8737 5 0.09607283960913579
8737 6 0.08786675875256707
8737 7 0.07630299695727714
8737 8 0.06963658099810008
8737 9 0.05988233931320602
8737 10 0.04977044987145454
8737 11 0.04836012156384931
8737 12 0.04304147262334627
8737 13 0.03524810085222152
8737 14 0.033896297134569243
8737 15 0.03191445524919235
8737 16 0.031317580261251234
8737 17 0.030976528241595056
8737 18 0.026800065163296884
8737 19 0.022315475570326374
8742 0 0.09660567632903357
8742 1 0.08202161863205541
8742 2 0.04350172044133696
8742 3 0.038720540993017014
8742 4 0.02931341769409412
8742 5 0.028733617565569428
8742 6 0.028347863820498923
8742 7 0.02322700935731445
8742 8 0.02152230383356609
8742 9 0.017915319006779052
8743 0 0.18382568799819873
8743 1 0.16812706375978187
8743 2 0.16770173904687688
8743 3 0.14518904620945966
8743 4 0.12878192471112124
8743 5 0.12648954749584057
8743 6 0.11835190943634052
8743 7 0.11077095857425276
8743 8 0.10738260626852858
8743 9 0.07802881026680432
8743 10 0.07497226707186087
8743 11 0.06681301946867163
8743 12 0.06094023739169861
8743 13 0.054907843482602255
8743 14 0.04338830051789563
8743 15 0.0378709856258086
8743 16 0.03662797660454407
8743 17 0.027955149599152834
8743 18 0.02475683338621566
8743 19 0.020347354688859676
8744 0 0.13406367746843986
8744 1 0.12674533085165893
8744 2 0.03880267838568481
8744 3 0.03349409101170046
8744 4 0.03284197549591907
8744 5 0.028602132471046444
8744 6 0.028146853188153284
8744 7 0.02793514530351527
8744 8 0.027728658719237916
8744 9 0.024520780811384493
8744 10 0.023724645684860268
8744 11 0.022761181840455683
8744 12 0.021879529057446355
8744 13 0.020657510870868742
8744 14 0.019839692634645904
8744 15 0.018105298510328043
8744 16 0.017483137564534824
8744 17 0.016751344401631275
8744 18 0.015766289876616834
8744 19 0.012976504577050355
8746 0 0.16635037295266525
8746 1 0.10332617650928752
8746 2 0.07571363136122035
8746 3 0.0633791543251216
8746 4 0.0595625761648903
8746 5 0.0591306757825282
8746 6 0.05053115636236682
8746 7 0.04681342828309646
8746 8 0.04661622610646909
8746 9 0.04516653055228622
8746 10 0.04059073985702618
8746 11 0.034248218060539765
8746 12 0.03123759137331999
8746 13 0.02982339424814262
8746 14 0.02326975875401733
8746 15 0.023154673220670486
8746 16 0.022929057587636834
8746 17 0.020485366408833482
8746 18 0.020118998250398267
8746 19 0.019237830248527918
8753 0 0.12883658236980997
8753 1 0.09634688997098469
8753 2 0.07741598654528323
8753 3 0.06908778611308265
8753 4 0.0546475669412857
8753 5 0.045992216578900784
8753 6 0.03926629137702933
8753 7 0.03663139459452005
8753 8 0.03528066607239001
8753 9 0.033311360589540914
8753 10 0.03069941451566173
8753 11 0.030388462311704615
8753 12 0.029941701595440334
8753 13 0.02925304263605815
8753 14 0.026156394648134962
8753 15 0.02299906036136673
8753 16 0.022416892916385166
8753 17 0.019344076542897146
8753 18 0.019285851875905667
8753 19 0.019005363545078837
8758 0 0.20781697462734408
8758 1 0.20612334173116692
8758 2 0.18418210965489923
8758 3 0.1712406639971058
8758 4 0.12108553180348713
8758 5 0.07537121365462013
8758 6 0.07444274270869479
8758 7 0.048723198114940115
8758 8 0.04671780378870225
8758 9 0.045625872942468705
8758 10 0.04524123211907912
8758 11 0.035253118431325337
8758 12 0.03220075529476311
8758 13 0.027832267955115744
8758 14 0.025887082691815676
8758 15 0.025060036637180868
8758 16 0.018909167499380698
8758 17 0.016442563338105922
8758 18 0.016182805531471153
8758 19 0.016177838882681553
8761 0 0.16259671070725668
8761 1 0.11582783324493985
8761 2 0.08879551641729834
8761 3 0.07189427278309467
8761 4 0.06678596981290146
8761 5 0.05758671010304757
8761 6 0.05149975662327504
8761 7 0.04354582609344421
8761 8 0.04324680101455229
8761 9 0.03650174110500075
8761 10 0.03642960868961363
8761 11 0.03295328652709046
8761 12 0.03246414424417037
8761 13 0.028140096433134542
8761 14 0.02632581339520593
8761 15 0.022759254033747376
8761 16 0.022703353298130294
8761 17 0.022137932494984684
8761 18 0.02159427779908677
8761 19 0.019051197055253422
8762 0 0.12482989077816636
8762 1 0.10535284084378649
8762 2 0.05568757904795034
8762 3 0.05361354197600282
8762 4 0.05257381658814411
8762 5 0.047615852360271854
8762 6 0.039379654711232656
8762 7 0.03642960868961363
8762 8 0.031765187929777776
8762 9 0.028900123853190667
8762 10 0.02807467738768369
8762 11 0.027383505866133737
8762 12 0.026387825768528404
8762 13 0.02412402611844428
8762 14 0.022893804378662726
8762 15 0.022759254033747376
8762 16 0.022137932494984684
8762 17 0.020301807897491024
8762 18 0.019155992778821587
8762 19 0.017366073294165462
8764 0 0.06870612565622841
8764 1 0.03826601623329736
8764 2 0.03504717133111703
8764 3 0.030969088643104294
8764 4 0.029727745231745272
8764 5 0.025366639015042724
8764 6 0.02330587966464097
8764 7 0.023250686294499046
8764 8 0.022221916583119637
8764 9 0.022024950194983985
8764 10 0.019765734273178907
8764 11 0.01951955222474343
8764 12 0.019251226807473504
8764 13 0.0185539964648403
8764 14 0.017975963806849547
8764 15 0.01796033197300245
8764 16 0.01669631891289546
8764 17 0.016177569140647025
8764 18 0.01593891911979107
8764 19 0.01561904562246122
8768 0 0.1892695274236498
8768 1 0.1517526734767101
8768 2 0.08474922744950918
8768 3 0.05771365862698986
8768 4 0.05052632741405638
8768 5 0.044009544718033033
8768 6 0.03718955688473654
8768 7 0.026335471291826798
8768 8 0.022614936386351
8768 9 0.020835114308064312
8769 0 0.18513748689719176
8769 1 0.1250792984131686
8769 2 0.10021212355805949
8769 3 0.07348095201942745
8769 4 0.07095482352499484
8769 5 0.06510405466160883
8769 6 0.06440984052536172
8769 7 0.06103808018422292
8769 8 0.06040946429268037
8769 9 0.05230675311088188
8769 10 0.05022581969712852
8769 11 0.0480305873404367
8769 12 0.04649430270686235
8769 13 0.044431821157317065
8769 14 0.04078235856216961
8769 15 0.036877222017063976
8769 16 0.034404566579937686
8769 17 0.027037404200138875
8769 18 0.02280469141925587
8769 19 0.019919600411335996
8771 0 0.14410567165601368
8771 1 0.12021519686808038
8771 2 0.11945648609096203
8771 3 0.0771966013873548
8771 4 0.07341967719250708
8771 5 0.0619097128994881
8771 6 0.054589234754742
8771 7 0.0431439368703083
8771 8 0.04200003824049957
8771 9 0.021608966478966988
8876 0 0.10185868175344165
8876 1 0.09375812850791938
8876 2 0.09250692536499058
8876 3 0.05817061295132819
8876 4 0.05199259984236117
8876 5 0.04086664257326603
8876 6 0.03810586868972084
8876 7 0.03728167661898981
8876 8 0.036992505612743865
8876 9 0.02958471970528352
8876 10 0.02643113917130348
8876 11 0.02643113917130348
8876 12 0.022673281777050237
8876 13 0.021525263450714167
8876 14 0.021114716074162272
8876 15 0.020411117555944686
8876 16 0.017751304531938315
8876 17 0.017524296803649544
8876 18 0.016234571480097423
8876 19 0.01603239133683285
8878 0 0.17791372730544144
8878 1 0.16861202598432073
8878 2 0.1522191951548885
8878 3 0.12626166640697847
8878 4 0.09742766896471383
8878 5 0.09250663110095292
8878 6 0.08981339835928406
8878 7 0.07658161218432576
8878 8 0.050105631700820843
8878 9 0.03922556976135525
8878 10 0.037204341766321376
8878 11 0.03310787700749411
8878 12 0.03137459580485717
8878 13 0.031370962775776744
8878 14 0.02877709319082681
8878 15 0.02643113917130348
8878 16 0.020061758236148215
8878 17 0.019590166162243867
8878 18 0.019096849479866364
8878 19 0.018627013558648355
8879 0 0.1373358332054442
8879 1 0.07544713377633824
8879 2 0.05174317711689549
8879 3 0.04646398219313504
8879 4 0.03624174750987426
8879 5 0.026219897204725107
8879 6 0.022191452709989356
8879 7 0.02111324475397394
8879 8 0.019747770962725675
8879 9 0.015162437435628725
8883 0 0.14469008003482053
8883 1 0.12127815402445133
8883 2 0.11603126023774864
8883 3 0.09126733433370203
8883 4 0.08618172742056786
8883 5 0.08050906375228781
8883 6 0.07858404877972347
8883 7 0.06093043236305891
8883 8 0.05579297461744144
8883 9 0.047107164154542115
8883 10 0.046541894256031204
8883 11 0.04248196728188094
8883 12 0.039970208681287735
8883 13 0.03813704181463421
8883 14 0.03574833085317627
8883 15 0.032422404022212054
8883 16 0.029956418569939556
8883 17 0.02524563990632353
8883 18 0.018064741003444195
8883 19 0.017360516230992596
8884 0 0.09411624784176026
8884 1 0.06456577028439835
8884 2 0.05400758415813429
8884 3 0.05090902156765833
8884 4 0.05077519933760541
8884 5 0.048769239118987416
8884 6 0.045517919539419416
8884 7 0.04421220209720485
8884 8 0.03646471665287684
8884 9 0.03427474709532022
8884 10 0.03181812527563092
8884 11 0.030252433101369193
8884 12 0.028380455448978492
8884 13 0.028034593344091217
8884 14 0.02743715812269377
8884 15 0.027110385454096185
8884 16 0.026497967288780858
8884 17 0.02526518771544112
8884 18 0.023056587094422716
8884 19 0.01588282032184094
8887 0 0.2076824884168985
8887 1 0.13910828359232574
8887 2 0.13778733987246986
8887 3 0.09920721941465806
8887 4 0.08051784640202742
8887 5 0.06804446164968632
8887 6 0.05370343586689426
8887 7 0.05330509667528968
8887 8 0.04967899411759395
8887 9 0.0492056364594636
8887 10 0.04494202218200968
8887 11 0.04053275852375816
8887 12 0.04022513942592
8887 13 0.031641165069440765
8887 14 0.02499610211607389
8887 15 0.023661748633116857
8887 16 0.021861505385139247
8887 17 0.020531082967916177
8887 18 0.01689027286726089
8887 19 0.012836793293628228
8889 0 0.21057999321733045
8889 1 0.18901596236596158
8889 2 0.1702925905391328
8889 3 0.13800422001346224
8889 4 0.13196482035669987
8889 5 0.13108258659084696
8889 6 0.10779477964251938
8889 7 0.10197828122167399
8889 8 0.10148052982934422
8889 9 0.08936543040594216
8889 10 0.08854468273349819
8889 11 0.07487048944098673
8889 12 0.06605354662314804
8889 13 0.05807741424893681
8889 14 0.03998008538962892
8889 15 0.035786551224530186
8889 16 0.02938932083904083
8889 17 0.02927108139882873
8889 18 0.025336984368016027
8889 19 0.016346259772855563
8894 0 0.09785160535497957
8894 1 0.046850000021316264
8894 2 0.04625982708546381
8894 3 0.03811845790887077
8894 4 0.03722322748135422
8894 5 0.030421506654088284
8894 6 0.0247657858036693
8894 7 0.02055912859427537
8894 8 0.019940385638458135
8894 9 0.015622134451702758
8898 0 0.10198037879609634
8898 1 0.06620011274960146
8898 2 0.06045696907168427
8898 3 0.05730938511062566
8898 4 0.050646877581487344
8898 5 0.043401466947273294
8898 6 0.040077739551359855
8898 7 0.03498602854575202
8898 8 0.03469688772043302
8898 9 0.03394620506988076
8898 10 0.027442326606432282
8898 11 0.026474339395602533
8898 12 0.023094407568494676
8898 13 0.02125942418730094
8898 14 0.0195525965671271
8898 15 0.019413777507357642
8898 16 0.019134522821919492
8898 17 0.018409503390806083
8898 18 0.01761644105990596
8898 19 0.015700658621523433
8900 0 0.19831099370222852
8900 1 0.15069300604137564
8900 2 0.11050882967854525
8900 3 0.09750278929186802
8900 4 0.09686195767014642
8900 5 0.08761029632589258
8900 6 0.06107838681215158
8900 7 0.06085593451752285
8900 8 0.055307623813468224
8900 9 0.04794737852486252
8900 10 0.04432990393965582
8900 11 0.04420367598534424
8900 12 0.03469688772043302
8900 13 0.024831487795310216
8900 14 0.023623164204331724
8900 15 0.023361352208357083
8900 16 0.02320119334693296
8900 17 0.021857696929420977
8900 18 0.018409503390806083
8900 19 0.017248350702327216
8903 0 0.17513779127872467
8903 1 0.13996994905646892
8903 2 0.11474880474497325
8903 3 0.09572931275347052
8903 4 0.06916673187272653
8903 5 0.06864582416420187
8903 6 0.05906216507837392
8903 7 0.05697970375519421
8903 8 0.05215784041735885
8903 9 0.04734879642824135
8903 10 0.043336083741673186
8903 11 0.04046883154788291
8903 12 0.04006951902138451
8903 13 0.031581718074908206
8903 14 0.0309676475038429
8903 15 0.026969791378561054
8903 16 0.024061051728075586
8903 17 0.023689249116483194
8903 18 0.020902644132093043
8903 19 0.02060813110177868
8905 0 0.11534250130404597
8905 1 0.11474880474497325
8905 2 0.09705970310345871
8905 3 0.0967877578612639
8905 4 0.0699661944464459
8905 5 0.06736099192342992
8905 6 0.059086532404262274
8905 7 0.04334634525683286
8905 8 0.038193891363141975
8905 9 0.03810849065774877
8905 10 0.03449443406251805
8905 11 0.03199279361768155
8905 12 0.031941010692283875
8905 13 0.027511052349691024
8905 14 0.02334397176705539
8905 15 0.023330820428141188
8905 16 0.019859961013394194
8905 17 0.019781994247567946
8905 18 0.018830300964670046
8905 19 0.018659048726287458
9007 0 0.14051165142365538
9007 1 0.12799993689410022
9007 2 0.10096725789533544
9007 3 0.08877568000306688
9007 4 0.07552214847024814
9007 5 0.06302700704219903
9007 6 0.054962172923710514
9007 7 0.05398329228456328
9007 8 0.05287949656142636
9007 9 0.05269746407320231
9007 10 0.044685080633120024
9007 11 0.04412058034824609
9007 12 0.03789199909619073
9007 13 0.02971920402942119
9007 14 0.028543866305280424
9007 15 0.028514545534758004
9007 16 0.027557862967375297
9007 17 0.025730036238482263
9007 18 0.025715598437557236
9007 19 0.02063822337224601
9011 0 0.20086540172520412
9011 1 0.17882491967069353
9011 2 0.1365191675033689
9011 3 0.12718986572456137
9011 4 0.12530244109650107
9011 5 0.09425256754351748
9011 6 0.08739743024818324
9011 7 0.06971339900239466
9011 8 0.06422200952654929
9011 9 0.04727240095692393
9011 10 0.04135836155282363
9011 11 0.037681954935150294
9011 12 0.03525381636526083
9011 13 0.03219376463756058
9011 14 0.026730017118176574
9011 15 0.025633366729492752
9011 16 0.02294997674262227
9011 17 0.02134419863846014
9011 18 0.02125654190877815
9011 19 0.01767283789450962
9014 0 0.18768465149770172
9014 1 0.10642260379918245
9014 2 0.0957199038494969
9014 3 0.09252137448376321
9014 4 0.09098539165945826
9014 5 0.05885945110996409
9014 6 0.05421629658577348
9014 7 0.05098252721522122
9014 8 0.04760243693824693
9014 9 0.04087740207372022
9014 10 0.036651853490369646
9014 11 0.03509205791470887
9014 12 0.03462671329268115
9014 13 0.03384537436558936
9014 14 0.0315487887973085
9014 15 0.027014579874140337
9014 16 0.026638876377740924
9014 17 0.02178124486886554
9014 18 0.019724854207638382
9014 19 0.013630930820050598
9016 0 0.17690062904037576
9016 1 0.11378092505369572
9016 2 0.10996051768835888
9016 3 0.09796082258434448
9016 4 0.0844662284428225
9016 5 0.07866332652956369
9016 6 0.0711387008223781
9016 7 0.05600173986170279
9016 8 0.0543626778540494
9016 9 0.04098055670938601
9016 10 0.039478368978022364
9016 11 0.035059066388947346
9016 12 0.03271330288652533
9016 13 0.029642684061780143
9016 14 0.02559633661844504
9016 15 0.024068840293534094
9016 16 0.02207648601404234
9016 17 0.020467910515214436
9016 18 0.019720970299602764
9016 19 0.0158446376766457
9019 0 0.1410646867289079
9019 1 0.10373721809851805
9019 2 0.10146473011409102
9019 3 0.08388569076789572
9019 4 0.07848264086520435
9019 5 0.07361968619533989
9019 6 0.05691081956206903
9019 7 0.04760879002336784
9019 8 0.046174864003511236
9019 9 0.039773274360386954
9019 10 0.037103107392132156
9019 11 0.035556266979360464
9019 12 0.035059066388947346
9019 13 0.03282856007389415
9019 14 0.02503334726622605
9019 15 0.024181132204831035
9019 16 0.020471675585850228
9019 17 0.019269163709615664
9019 18 0.017413989288298924
9019 19 0.01648379048430626
9022 0 0.14932215815882408
9022 1 0.11603199212522694
9022 2 0.11555240965091516
9022 3 0.08745725639061047
9022 4 0.08735433942974434
9022 5 0.06687114793395849
9022 6 0.058063885648435856
9022 7 0.05518459126479643
9022 8 0.0370144358287818
9022 9 0.034642033885719174
9022 10 0.03321135986074038
9022 11 0.03052040200643964
9022 12 0.02729504934188783
9022 13 0.025121592523983376
9022 14 0.02195635083435681
9022 15 0.021637781718963158
9022 16 0.019799665180291443
9022 17 0.019461931176290755
9022 18 0.018207606193731574
9022 19 0.017813896001796455
9023 0 0.10064101716557516
9023 1 0.08313666806832516
9023 2 0.07537267742957672
9023 3 0.07290666179637728
9023 4 0.06413445465749572
9023 5 0.042050568657429226
9023 6 0.0391747601708514
9023 7 0.03474239301302713
9023 8 0.029375015079671166
9023 9 0.027524884645769312
9023 10 0.026095921502086436
9023 11 0.025121592523983376
9023 12 0.024649568485562195
9023 13 0.02260333936517422
9023 14 0.021995310638420758
9023 15 0.019463008258120935
9023 16 0.018207606193731574
9023 17 0.017595459656758707
9023 18 0.017073874763685826
9023 19 0.01694371197102441
9024 0 0.15256831302726945
9024 1 0.10895259545226342
9024 2 0.08971776254704225
9024 3 0.08015581109291604
9024 4 0.0733316469738542
9024 5 0.06973101711849601
9024 6 0.04642990792661953
9024 7 0.04366638003349104
9024 8 0.04157782216306941
9024 9 0.039727599300078804
9024 10 0.0391747601708514
9024 11 0.039164404340295035
9024 12 0.038155961483209856
9024 13 0.037955345089222374
9024 14 0.030996121322103058
9024 15 0.02823336492891948
9024 16 0.027826363811283065
9024 17 0.021279126673669102
9024 18 0.018207606193731574
9024 19 0.01782730010597378
9028 0 0.13509600098396649
9028 1 0.10464146885057386
9028 2 0.0655416856474737
9028 3 0.06523202179183535
9028 4 0.057932402440220805
9028 5 0.04804835636117275
9028 6 0.04444823203634081
9028 7 0.040118525301503685
9028 8 0.03888314073690743
9028 9 0.03454465889756243
9028 10 0.03452333607267917
9028 11 0.03087095535915818
9028 12 0.029845531958053267
9028 13 0.02948923291136848
9028 14 0.026268588471419347
9028 15 0.025757212276883993
9028 16 0.025309065124288394
9028 17 0.02308827518140201
9028 18 0.018585354447931187
9028 19 0.018120215433468246
9029 0 0.17139232315498037
9029 1 0.15700773120415012
9029 2 0.1266769257807489
9029 3 0.11201822310621587
9029 4 0.0850130162961984
9029 5 0.06510246261771274
9029 6 0.058842896871537376
9029 7 0.05481627077764977
9029 8 0.054432946597197954
9029 9 0.047081755586674316
9029 10 0.04310392073380144
9029 11 0.043017082661762705
9029 12 0.042273783020463196
9029 13 0.03809849322569982
9029 14 0.03593672397175296
9029 15 0.03179790028196511
9029 16 0.025218607227324764
9029 17 0.02314544351595058
9029 18 0.019845151609806218
9029 19 0.01494875175712216
9037 0 0.138109596719874
9037 1 0.12852288181519336
9037 2 0.09376905400347174
9037 3 0.07894508057301408
9037 4 0.07606970593726102
9037 5 0.06791660769793584
9037 6 0.05000591769082624
9037 7 0.039641677973695874
9037 8 0.02989128812960257
9037 9 0.02532539300576305
9038 0 0.19507490417291773
9038 1 0.15101826589101036
9038 2 0.11600091331571025
9038 3 0.1127207294521398
9038 4 0.055152557983465265
9038 5 0.0499706739133918
9038 6 0.03959856074694591
9038 7 0.038043250811551625
9038 8 0.03714206719619611
9038 9 0.024627645814755995
9039 0 0.10826222183896944
9039 1 0.10524624935506538
9039 2 0.07897208495739383
9039 3 0.07284768071990437
9039 4 0.06656029947693773
9039 5 0.061129822656889446
9039 6 0.03624174750987426
9039 7 0.03371715447009972
9039 8 0.03264148737087109
9039 9 0.020333401669073627
9083 0 0.13927860965351285
9083 1 0.13263378060232978
9083 2 0.08673497399230896
9083 3 0.0703827365096113
9083 4 0.05749281723933656
9083 5 0.05231777292183092
9083 6 0.048049921996757776
9083 7 0.04611898401728143
9083 8 0.03254954494956359
9083 9 0.018727119920693182
9084 0 0.11609204462460623
9084 1 0.06879791340028535
9084 2 0.052229742703178046
9084 3 0.04376788980863859
9084 4 0.039773727074291054
9084 5 0.03739143710503964
9084 6 0.0332563407597289
9084 7 0.03106087450085329
9084 8 0.03017430599936858
9084 9 0.029749930099354265
9085 0 0.07664037444907836
9085 1 0.07047069882117857
9085 2 0.04557161140844607
9085 3 0.04454258138657179
9085 4 0.04050573527629906
9085 5 0.03697248811295077
9085 6 0.03580097016237587
9085 7 0.03317107964112279
9085 8 0.02962038978831099
9085 9 0.026828125880119548
9085 10 0.0244969812641842
9085 11 0.024278573213765458
9085 12 0.023331365571134046
9085 13 0.020271308184510003
9085 14 0.019493890891612513
9085 15 0.019036142431634054
9085 16 0.018916177019662563
9085 17 0.018284080889982214
9085 18 0.01744371938764297
9085 19 0.015438649506369714
9086 0 0.07664037444907836
9086 1 0.05985573859872409
9086 2 0.05210121722580314
9086 3 0.047292252461618854
9086 4 0.04478424761381384
9086 5 0.04304286471860138
9086 6 0.03635614454082528
9086 7 0.03308536203599671
9086 8 0.029127959670662357
9086 9 0.028299934622209928
9086 10 0.025328326214600055
9086 11 0.025247803501523558
9086 12 0.02480059950289484
9086 13 0.024786395604153598
9086 14 0.024357818896370797
9086 15 0.02279958329737124
9086 16 0.022520126776984176
9086 17 0.02224453341524546
9086 18 0.0196534442481899
9086 19 0.01945010968446986
9087 0 0.054792103400402394
9087 1 0.043237867460177985
9087 2 0.04013517385532708
9087 3 0.040048664000868824
9087 4 0.03786141449935269
9087 5 0.03697248811295077
9087 6 0.03635614454082528
9087 7 0.032898572279163714
9087 8 0.02962038978831099
9087 9 0.028299934622209928
9087 10 0.02823454198507015
9087 11 0.025117984016906084
9087 12 0.024786395604153598
9087 13 0.023331365571134046
9087 14 0.02311153147191738
9087 15 0.020271308184510003
9087 16 0.01945010968446986
9087 17 0.017357217078416445
9087 18 0.01643716849741536
9087 19 0.014595367999349004
9088 0 0.09673408108270072
9088 1 0.08449718652863143
9088 2 0.057531769498168774
9088 3 0.0563381628816895
9088 4 0.04219293963503796
9088 5 0.04054583818297087
9088 6 0.03899633807601258
9088 7 0.03882635155025354
9088 8 0.03842847639040067
9088 9 0.035983191281393295
9088 10 0.03515616220352989
9088 11 0.02940779533894411
9088 12 0.029127959670662357
9088 13 0.025328326214600055
9088 14 0.02480059950289484
9088 15 0.02224453341524546
9088 16 0.021576333351712877
9088 17 0.020494107559798545
9088 18 0.01945010968446986
9088 19 0.018655138409940767
9095 0 0.18788933854421025
9095 1 0.18553821415464047
9095 2 0.16612815078760443
9095 3 0.1519496643868489
9095 4 0.14522453897954135
9095 5 0.10786359215594307
9095 6 0.10753111151953791
9095 7 0.08240816839907397
9095 8 0.07009994122418148
9095 9 0.07007285384225263
9095 10 0.06885548351842381
9095 11 0.05198013134691899
9095 12 0.037830218738744106
9095 13 0.02696192547447726
9095 14 0.02638518682372907
9095 15 0.02638323826763349
9095 16 0.024673911289447414
9095 17 0.022780133576266206
9095 18 0.019470976022833153
9095 19 0.01850243612377881
9096 0 0.17176000229742958
9096 1 0.1479684530427746
9096 2 0.12713554005606897
9096 3 0.10072184923315279
9096 4 0.09272786484065644
9096 5 0.08519136293871987
9096 6 0.057858840203419894
9096 7 0.048171155007660754
9096 8 0.03786658675570707
9096 9 0.03403608387030872
9096 10 0.03168994310629995
9096 11 0.0313261988022006
9096 12 0.029167728700829895
9096 13 0.028903381506992277
9096 14 0.02812969344487984
9096 15 0.027480505479011656
9096 16 0.027173133487512827
9096 17 0.026971340037374676
9096 18 0.020627329943928525
9096 19 0.018358275039940933
9098 0 0.20970910748000704
9098 1 0.2055426908777641
9098 2 0.20332710903108284
9098 3 0.19878356665625843
9098 4 0.19036847533539697
9098 5 0.13008602747374448
9098 6 0.11503258845576037
9098 7 0.0928044187618403
9098 8 0.07765603809293398
9098 9 0.07666306296090566
9098 10 0.063218040991883
9098 11 0.06030092990678748
9098 12 0.05995717669417015
9098 13 0.04577184299561506
9098 14 0.04248564558235177
9098 15 0.02963889446914121
9098 16 0.02655163463580436
9098 17 0.020982799015122455
9098 18 0.018503060491704887
9098 19 0.015412771247826413
9099 0 0.15433952599614642
9099 1 0.14772567766646746
9099 2 0.11305931418101862
9099 3 0.07874902527161043
9099 4 0.07700549575796936
9099 5 0.07275538744532119
9099 6 0.06641433696902312
9099 7 0.06299227256790671
9099 8 0.04208915497252229
9099 9 0.03919908222534934
9099 10 0.03799363714027777
9099 11 0.03530156259168025
9099 12 0.03096567253943625
9099 13 0.0303866401382406
9099 14 0.029850421268217582
9099 15 0.028201212810188482
9099 16 0.02687057346755303
9099 17 0.02353519434753273
9099 18 0.020451886329317114
9099 19 0.016051241212014948
9101 0 0.13134837492394597
9101 1 0.11709196891506253
9101 2 0.10309538296097569
9101 3 0.06986237205777157
9101 4 0.05834202929850102
9101 5 0.057758435804721536
9101 6 0.05439724633324355
9101 7 0.047106598262161986
9101 8 0.046423962284012306
9101 9 0.04540801569396662
9101 10 0.045124613017382124
9101 11 0.04423762952815198
9101 12 0.04135838418851884
9101 13 0.040428317426081536
9101 14 0.03095448107446523
9101 15 0.026884477443332798
9101 16 0.023803429222021832
9101 17 0.02219478770241625
9101 18 0.020635891895639878
9101 19 0.014848232293639836
9103 0 0.17406188650469637
9103 1 0.12083226100983657
9103 2 0.05629847496276312
9103 3 0.05412775329136262
9103 4 0.05305476474939993
9103 5 0.04905752356050449
9103 6 0.04318929880349944
9103 7 0.040959871456584356
9103 8 0.03779072322322697
9103 9 0.0347508889439608
9103 10 0.02880604235868628
9103 11 0.027527257621149985
9103 12 0.024666503758191526
9103 13 0.02305232781110828
9103 14 0.021573334122098196
9103 15 0.02118798593323345
9103 16 0.020639917276770527
9103 17 0.01792537868698981
9103 18 0.0172656632365433
9103 19 0.016145550949779323
9104 0 0.20034650104832097
9104 1 0.130617106154648
9104 2 0.09541674398361417
9104 3 0.08304756642676592
9104 4 0.08267849141644575
9104 5 0.055573197107462786
9104 6 0.05377824306693145
9104 7 0.05003534032197708
9104 8 0.044634557761422104
9104 9 0.04314141299029292
9104 10 0.043125511414411295
9104 11 0.03845016515902309
9104 12 0.03581277090480949
9104 13 0.034894353980171114
9104 14 0.028823818924654066
9104 15 0.028064223469114774
9104 16 0.027527257621149985
9104 17 0.026648304144793872
9104 18 0.020144410590881928
9104 19 0.01769391361305356
9111 0 0.13609791721560083
9111 1 0.09158075571474444
9111 2 0.0683891504710388
9111 3 0.0655885641722436
9111 4 0.06311220025371952
9111 5 0.05477066739704311
9111 6 0.05311024483834778
9111 7 0.03660418271626758
9111 8 0.03267090245679019
9111 9 0.02353153113752536
9111 10 0.022404731889136196
9111 11 0.020146444030834525
9111 12 0.019385956351642565
9111 13 0.018319607613606716
9111 14 0.018051640594844206
9111 15 0.01800845734731656
9111 16 0.017918067357438543
9111 17 0.01753602209376582
9111 18 0.01644941252221342
9111 19 0.015598709336627315
9112 0 0.21078490662079105
9112 1 0.20353381819969638
9112 2 0.1604736183111837
9112 3 0.1568993967668982
9112 4 0.14197886700592705
9112 5 0.13440807202575467
9112 6 0.1267039377103604
9112 7 0.12590109487282372
9112 8 0.10334894801866391
9112 9 0.09142865893342922
9112 10 0.08494949299022098
9112 11 0.08069222425265625
9112 12 0.07456797091980148
9112 13 0.06562912733805125
9112 14 0.051394832630767384
9112 15 0.04023641954736391
9112 16 0.03960208437016618
9112 17 0.029704700207718485
9112 18 0.028379519840243343
9112 19 0.024116211144674698
9113 0 0.14887700457691938
9113 1 0.14766623633085874
9113 2 0.13598360695481476
9113 3 0.12933770648072532
9113 4 0.10176567168184364
9113 5 0.09107444802962711
9113 6 0.09006041415582626
9113 7 0.0812728600155956
9113 8 0.07541156555393919
9113 9 0.06913929741013787
9113 10 0.04875558602216284
9113 11 0.04748515762877312
9113 12 0.042621784198547355
9113 13 0.04092282814138111
9113 14 0.03591589158693248
9113 15 0.032125827371018156
9113 16 0.0298966810839852
9113 17 0.02832954777046208
9113 18 0.02597866105569196
9113 19 0.023647972926276583
9182 0 0.19508266067114136
9182 1 0.12142269048356802
9182 2 0.04826998245292649
9182 3 0.0473499055773064
9182 4 0.04546852467986589
9182 5 0.0431439368703083
9182 6 0.04110042403334494
9182 7 0.03556486854353843
9182 8 0.027203255938907097
9182 9 0.02700630652754285
9182 10 0.024476844926991273
9182 11 0.023942751926009607
9182 12 0.023507275103805098
9182 13 0.02278497761504011
9182 14 0.02103578917759774
9182 15 0.020178079301191674
9182 16 0.018998701105456782
9182 17 0.0185362972374978
9182 18 0.018270863530290334
9182 19 0.017174235777301716
9185 0 0.11776033308738536
9185 1 0.08211172378943543
9185 2 0.08031112968818213
9185 3 0.07442671663648953
9185 4 0.06333062339460174
9185 5 0.06286350941573214
9185 6 0.056690702516662306
9185 7 0.05419015613042739
9185 8 0.053924907281397434
9185 9 0.0507732715308971
9185 10 0.0394804325989019
9185 11 0.03125151609848704
9185 12 0.02970817101431661
9185 13 0.02868853480595248
9185 14 0.02844997910049321
9185 15 0.027535957273340503
9185 16 0.022816893945279387
9185 17 0.018998701105456782
9185 18 0.018737064536119983
9185 19 0.018542550348298225
9187 0 0.09174672063198869
9187 1 0.04302941534303365
9187 2 0.031079407476302518
9187 3 0.02942037135393851
9187 4 0.028585787612800385
9187 5 0.025291984605948167
9187 6 0.02293265854948239
9187 7 0.022578387283826398
9187 8 0.02061248092787394
9187 9 0.0188353543836246
9188 0 0.18552193154455623
9188 1 0.13948387013763328
9188 2 0.12927681646062342
9188 3 0.11693553362549966
9188 4 0.0814500069662712
9188 5 0.07389056001462833
9188 6 0.07037267871570847
9188 7 0.06974746572367843
9188 8 0.05745023572403978
9188 9 0.04754579111099601
9188 10 0.04683062009360478
9188 11 0.03875485293433217
9188 12 0.03803372872910198
9188 13 0.035424429145253865
9188 14 0.03347851010816757
9188 15 0.03332204841029362
9188 16 0.02286494009466028
9188 17 0.02223129153355044
9188 18 0.0193941542459227
9188 19 0.017352771050616562
9191 0 0.17132529131624616
9191 1 0.11449942729089797
9191 2 0.086156292444389
9191 3 0.08507450993483909
9191 4 0.07973293858032494
9191 5 0.06052307284691508
9191 6 0.05250088060557721
9191 7 0.049889679623331865
9191 8 0.04873124887720142
9191 9 0.048370439668247
9191 10 0.042459437219920064
9191 11 0.039520825996995516
9191 12 0.03807143602469792
9191 13 0.0324610280634638
9191 14 0.02737358388640214
9191 15 0.02278589624700385
9191 16 0.019326926231163367
9191 17 0.017532038211409712
9191 18 0.01569959474384879
9191 19 0.015247652339690457
9194 0 0.16592913775536064
9194 1 0.12733859733252273
9194 2 0.12070989244155747
9194 3 0.11411544290266934
9194 4 0.10133391843150039
9194 5 0.08507450993483909
9194 6 0.07220333302019422
9194 7 0.05154456398193366
9194 8 0.050351568529224934
9194 9 0.040902380563379116
9194 10 0.039342369948613884
9194 11 0.038367805182019106
9194 12 0.03357548142642648
9194 13 0.028810088489204203
9194 14 0.026766677512869267
9194 15 0.021115955378474757
9194 16 0.01973538735114052
9194 17 0.01874874078222998
9194 18 0.016815403419061882
9194 19 0.01574060590779071
9195 0 0.1503622079916474
9195 1 0.053344852501301686
9195 2 0.050532110834181306
9195 3 0.04394181117274745
9195 4 0.03380243822440104
9195 5 0.026450170132047222
9195 6 0.023778260215261627
9195 7 0.023608054877782277
9195 8 0.020458305435215714
9195 9 0.019143767617102864
9195 10 0.01833591285938617
9197 0 0.16937884788555427
9197 1 0.12869406803279826
9197 2 0.09511144881715042
9197 3 0.0825802223183284
9197 4 0.08059332890030489
9197 5 0.06743605188873024
9197 6 0.058765622380722825
9197 7 0.057475565066974356
9197 8 0.05465836039528269
9197 9 0.04778628782731912
9197 10 0.04571912068886637
9197 11 0.04432282273967248
9197 12 0.04263577683080001
9197 13 0.03772315190042369
9197 14 0.03504841252173745
9197 15 0.03426865432069416
9197 16 0.028022954824139894
9197 17 0.02405514947055084
9197 18 0.023272073253852058
9197 19 0.017681411164068576
9198 0 0.12869406803279826
9198 1 0.12063355733209392
9198 2 0.09622452140270558
9198 3 0.09461071705828529
9198 4 0.08443256161882069
9198 5 0.07186736648672747
9198 6 0.059553586021277985
9198 7 0.0588652118943938
9198 8 0.057956977259981876
9198 9 0.0555307212254103
9198 10 0.051464418530443916
9198 11 0.04877348331183838
9198 12 0.033703146747383596
9198 13 0.031773442413295924
9198 14 0.027021197042371978
9198 15 0.025225424344197386
9198 16 0.02457067931515634
9198 17 0.02050140757150221
9198 18 0.01933818937583587
9198 19 0.014356329399058692
9199 0 0.19933100339956353
9199 1 0.17989024602982925
9199 2 0.1419547524453018
9199 3 0.11069313705413741
9199 4 0.08150890504519502
9199 5 0.07116501859066997
9199 6 0.06375886056695647
9199 7 0.06225530337603291
9199 8 0.047730245618607
9199 9 0.04091060863858619
9199 10 0.03868473886843418
9199 11 0.03227122775916851
9199 12 0.02966011543339605
9199 13 0.02899735359563651
9199 14 0.02405514947055084
9199 15 0.023279831638383628
9199 16 0.02182722362475103
9199 17 0.021580262531138907
9199 18 0.014828294961933924
9199 19 0.014090169463296727
9202 0 0.19812474720208045
9202 1 0.18205456557210256
9202 2 0.16374290686012874
9202 3 0.16180862634299376
9202 4 0.13581954343596775
9202 5 0.09827473440544966
9202 6 0.0697057028660249
9202 7 0.06405972668239174
9202 8 0.0596429592911797
9202 9 0.05736741926051583
9202 10 0.052574499431616135
9202 11 0.04599423492838991
9202 12 0.04080548092482168
9202 13 0.03742062206139083
9202 14 0.0373075152650665
9202 15 0.024776415148876057
9202 16 0.02461183289534726
9202 17 0.02322103730639615
9202 18 0.020364676654615426
9202 19 0.01881128132177391
9203 0 0.18142229024316853
9203 1 0.15768357270112238
9203 2 0.10759621932417969
9203 3 0.09898334484384727
9203 4 0.06416864210248725
9203 5 0.06274969336762472
9203 6 0.057810075370716245
9203 7 0.05362766664981085
9203 8 0.0443338689589326
9203 9 0.04129385359410479
9203 10 0.039893967887220876
9203 11 0.0392139350140198
9203 12 0.03728778825669521
9203 13 0.034191591096368185
9203 14 0.029351226850318473
9203 15 0.025962248290360285
9203 16 0.02430362526943377
9203 17 0.021810758042797206
9203 18 0.020466412786715026
9203 19 0.020260503412665404
9204 0 0.16755376196208902
9204 1 0.16425116876026544
9204 2 0.13643930877068508
9204 3 0.11643627318682287
9204 4 0.11111038082385416
9204 5 0.09245982048326865
9204 6 0.0875998839060982
9204 7 0.08637748845793383
9204 8 0.07929094645051722
9204 9 0.06743605188873024
9204 10 0.06012508450858618
9204 11 0.05919853759675328
9204 12 0.05074647464039005
9204 13 0.047607782734931214
9204 14 0.0408903459187617
9204 15 0.040197663464556804
9204 16 0.025937303754244197
9204 17 0.02183065293257461
9204 18 0.01989932448735597
9204 19 0.01677056776578426
9205 0 0.0893335593470933
9205 1 0.06924907298665117
9205 2 0.0677888518341979
9205 3 0.06354394218621519
9205 4 0.05720415553623273
9205 5 0.0556300881547451
9205 6 0.05448046646666532
9205 7 0.051367628297746645
9205 8 0.05048246320936465
9205 9 0.045656234954970565
9205 10 0.041442788923323017
9205 11 0.04119105358433055
9205 12 0.03365129214228444
9205 13 0.033543504734333325
9205 14 0.029282606740304026
9205 15 0.028447743825591704
9205 16 0.02608804993907884
9205 17 0.020364676654615426
9205 18 0.018140504561603803
9205 19 0.014450769292070495
9206 0 0.21110390392808567
9206 1 0.19868848164593328
9206 2 0.19679514155619268
9206 3 0.19653187333049318
9206 4 0.19209852151992748
9206 5 0.175288318651839
9206 6 0.17326372171083543
9206 7 0.15789001024139346
9206 8 0.14116755841838363
9206 9 0.11741564426603288
9206 10 0.09468913465170771
9206 11 0.09351664336623898
9206 12 0.08794629304028627
9206 13 0.07661539218680359
9206 14 0.07585868844132676
9206 15 0.05633802329490241
9206 16 0.04164289978678425
9206 17 0.034048348644494054
9206 18 0.02461344757493856
9206 19 0.02213214152962803
9209 0 0.18448375292920322
9209 1 0.17431910345454438
9209 2 0.11265460304121379
9209 3 0.07881607974603985
9209 4 0.07317296320523428
9209 5 0.06902664710033352
9209 6 0.0593799928747496
9209 7 0.04938305881109753
9209 8 0.048856299775362336
9209 9 0.04595534680402744
9209 10 0.042773235862549226
9209 11 0.03822294805055367
9209 12 0.03599012157674194
9209 13 0.03531944101827646
9209 14 0.028814645809172174
9209 15 0.028149524200187494
9209 16 0.025305532069528455
9209 17 0.022586396547313158
9209 18 0.02163187757513048
9209 19 0.015960939878609824
9210 0 0.12920314481796236
9210 1 0.11774696293675084
9210 2 0.11214428883804516
9210 3 0.09764714466542308
9210 4 0.09746473114299642
9210 5 0.07757848820116109
9210 6 0.07078175854468789
9210 7 0.0640194653258535
9210 8 0.05222739990872431
9210 9 0.04662561614736336
9210 10 0.043271190976135854
9210 11 0.04323081644112158
9210 12 0.04253458772800121
9210 13 0.033268616851761836
9210 14 0.02825324284192548
9210 15 0.02711267920454364
9210 16 0.02169169805863392
9210 17 0.019375606180010004
9210 18 0.0185563260551385
9210 19 0.01790760400732996
9214 0 0.21925909219660145
9214 1 0.15803284147813804
9214 2 0.1402338359911707
9214 3 0.13808261497118945
9214 4 0.12815876402212312
9214 5 0.10221929101375508
9214 6 0.07578909876903435
9214 7 0.05552703160709186
9214 8 0.04295822230899755
9214 9 0.022531010773761993
9306 0 0.08126130826580923
9306 1 0.06758248220101244
9306 2 0.05502587731524957
9306 3 0.044692723952867636
9306 4 0.040146801057430806
9306 5 0.025946591934510047
9306 6 0.01894464895161479
9306 7 0.01827231032847553
9306 8 0.017547339941368402
9306 9 0.014751475071331404
9309 0 0.18874932896690824
9309 1 0.13075233179780366
9309 2 0.10978457042952915
9309 3 0.1004453013995996
9309 4 0.09672276323509814
9309 5 0.058659174251404676
9309 6 0.057398777243606716
9309 7 0.054285260003831874
9309 8 0.0515941663353599
9309 9 0.049359249832357566
9309 10 0.044888722665033264
9309 11 0.03363360989171334
9309 12 0.032536114437075186
9309 13 0.030640005247287848
9309 14 0.029405167711992374
9309 15 0.025787936460509135
9309 16 0.025660874758090823
9309 17 0.02468419921291816
9309 18 0.02409975310795261
9309 19 0.018700575795449263
9311 0 0.1659859533503256
9311 1 0.16104609013338572
9311 2 0.14378501439773733
9311 3 0.10923699787205281
9311 4 0.09873944522801165
9311 5 0.08986887090300018
9311 6 0.08138725327393075
9311 7 0.05643315357661797
9311 8 0.034102806354541805
9311 9 0.03401820921632838
9311 10 0.024721772580650794
9311 11 0.02434646332260954
9311 12 0.023480383897901365
9311 13 0.02195273289573985
9311 14 0.021137074482101174
9311 15 0.020587404350202485
9311 16 0.019671481124652543
9311 17 0.019014615885493948
9311 18 0.013914237294930472
9311 19 0.01316288689136966
9312 0 0.20704705918109917
9312 1 0.12692555625688243
9312 2 0.11161688468499661
9312 3 0.10948782401062121
9312 4 0.10254528275086809
9312 5 0.08823384182170918
9312 6 0.08464025921279153
9312 7 0.06472862656616775
9312 8 0.04748231684902487
9312 9 0.04512835922493858
9312 10 0.04186342050208881
9312 11 0.041476614197191265
9312 12 0.03410519064777008
9312 13 0.029797514103291383
9312 14 0.028018048537204177
9312 15 0.02699675426416627
9312 16 0.026181199597463952
9312 17 0.022694842276733154
9312 18 0.020433892837936944
9312 19 0.0200418180749804
9313 0 0.2177890999690513
9313 1 0.20666118093970504
9313 2 0.19581896965523835
9313 3 0.18423086694237115
9313 4 0.1816717808757198
9313 5 0.16855007963177596
9313 6 0.1484217856558801
9313 7 0.14210576271324718
9313 8 0.09324023134685702
9313 9 0.08294636223350363
9313 10 0.07524040951726123
9313 11 0.06867061779568326
9313 12 0.06786529257690574
9313 13 0.05672485600811102
9313 14 0.054909360074181
9313 15 0.053483990347111945
9313 16 0.051681400532064735
9313 17 0.047961895550720765
9313 18 0.028897311368061427
9313 19 0.02553743476690534
9315 0 0.1887306771540592
9315 1 0.12569808286776035
9315 2 0.1213312271844757
9315 3 0.05969380660784223
9315 4 0.05591830091656069
9315 5 0.053075895170873945
9315 6 0.042707343353807
9315 7 0.04132810517356607
9315 8 0.03843101536087952
9315 9 0.03756697314873981
9315 10 0.03442846987407434
9315 11 0.0343666102916945
9315 12 0.031348330853187445
9315 13 0.019926283600345318
9315 14 0.01867958873337821
9315 15 0.017368274615524166
9315 16 0.017224549268818987
9315 17 0.016760006327663116
9315 18 0.016603589901179577
9315 19 0.016195226869214985
9318 0 0.14842561863360149
9318 1 0.12407609194690752
9318 2 0.1172957580789946
9318 3 0.06860886007393184
9318 4 0.06242688194568804
9318 5 0.051397073564592693
9318 6 0.038673481382685476
9318 7 0.03789278380029117
9318 8 0.030687251602104823
9318 9 0.02940758973137933
9318 10 0.025947223847667858
9318 11 0.02531824389869409
9318 12 0.02423669906394384
9318 13 0.02084962567499875
9318 14 0.02014216965705662
9318 15 0.01974738238329132
9318 16 0.017602433337189832
9318 17 0.017287265235000758
9318 18 0.017287265235000758
9318 19 0.013831942395550205
9319 0 0.13748346320957228
9319 1 0.10420942133619293
9319 2 0.06109081758143508
9319 3 0.06074606462561286
9319 4 0.05811073021966294
9319 5 0.04243004476969616
9319 6 0.041259073848422055
9319 7 0.03935237869851044
9319 8 0.0348992583807989
9319 9 0.033248655941206746
9319 10 0.031051818336463293
9319 11 0.028364983951305763
9319 12 0.02423669906394384
9319 13 0.0227935697476784
9319 14 0.021079336482556606
9319 15 0.02073416099375722
9319 16 0.01974738238329132
9319 17 0.017287265235000758
9319 18 0.016406621626735993
9319 19 0.013725928117056828
9321 0 0.21185116858866196
9321 1 0.206773272902361
9321 2 0.1986599003081209
9321 3 0.17121250519227058
9321 4 0.1710915249466307
9321 5 0.1607482647463397
9321 6 0.1478356267833107
9321 7 0.11130868460431485
9321 8 0.08118406772853748
9321 9 0.07899793492131812
9321 10 0.07703136835758885
9321 11 0.05494586767793106
9321 12 0.0474681280407471
9321 13 0.04610688523819426
9321 14 0.043648599694907385
9321 15 0.02911321062892826
9321 16 0.025647391428980284
9321 17 0.02051134275538934
9321 18 0.020155068230707694
9321 19 0.018431978749836875
9323 0 0.09237745673364879
9323 1 0.05698871653450173
9323 2 0.05607509083201511
9323 3 0.055383325123466026
9323 4 0.05119702306298534
9323 5 0.05065605258327717
9323 6 0.04998201439668959
9323 7 0.045574901129482544
9323 8 0.041832583139987646
9323 9 0.035991155273489644
9323 10 0.03515560762899736
9323 11 0.030969088643104294
9323 12 0.02838307175808262
9323 13 0.027755674421465277
9323 14 0.020328438792899896
9323 15 0.01908799892304115
9323 16 0.01875421296154583
9323 17 0.01772720883439242
9323 18 0.017700547758056608
9323 19 0.017564622294657543
9324 0 0.19958488535698463
9324 1 0.18007852974254582
9324 2 0.15698046273665964
9324 3 0.1420403908254947
9324 4 0.09812775329125081
9324 5 0.08312945482678645
9324 6 0.04777384196757215
9324 7 0.0434761571962186
9324 8 0.04312476066385366
9324 9 0.04265291959730206
9324 10 0.03688884167393596
9324 11 0.03408502224334228
9324 12 0.030875210869856753
9324 13 0.028911128573676243
9324 14 0.026917142637821783
9324 15 0.02615369722778968
9324 16 0.02615369722778968
9324 17 0.02170524552221421
9324 18 0.020155068230707694
9324 19 0.013889577591312381
9325 0 0.1049425839586564
9325 1 0.09749362183530993
9325 2 0.06988730904865592
9325 3 0.06970200570247473
9325 4 0.05355914085519308
9325 5 0.04899144242096889
9325 6 0.04659048932102082
9325 7 0.039144435884508215
9325 8 0.03766474426156264
9325 9 0.03526763922979945
9325 10 0.03298982431176745
9325 11 0.03174527983584484
9325 12 0.026562844963854717
9325 13 0.02594271368539823
9325 14 0.022217004637260118
9325 15 0.020648028400885712
9325 16 0.01916961758102716
9325 17 0.01899256871836412
9325 18 0.01816377405627471
9325 19 0.015219269064211118
9326 0 0.1467429112329767
9326 1 0.08619721023608819
9326 2 0.06969255152711071
9326 3 0.0686854366308109
9326 4 0.06374357392746124
9326 5 0.061587071245265454
9326 6 0.058223323940229284
9326 7 0.05498741549648013
9326 8 0.04302499383723691
9326 9 0.03255196319633467
9326 10 0.02986713018389486
9326 11 0.02919271662202846
9326 12 0.026409714485791796
9326 13 0.025016304474044498
9326 14 0.02243461100680701
9326 15 0.02223518110050986
9326 16 0.020799706421839634
9326 17 0.020384922397668512
9326 18 0.01714008605846886
9326 19 0.014761136740568141
9328 0 0.17354478159296619
9328 1 0.16997552481116235
9328 2 0.15875543323094068
9328 3 0.15775310955679264
9328 4 0.14338600745312421
9328 5 0.14123312648216124
9328 6 0.12569808286776035
9328 7 0.12095795702531084
9328 8 0.10250392733572827
9328 9 0.09370863178773743
9328 10 0.06875407560390469
9328 11 0.06264234358311424
9328 12 0.06016462529549373
9328 13 0.04884354833373009
9328 14 0.04302499383723691
9328 15 0.04193526242605413
9328 16 0.029893827100081413
9328 17 0.024449114314057014
9328 18 0.02067537232069355
9328 19 0.017426951996419745
9330 0 0.192400662779526
9330 1 0.18641044294321274
9330 2 0.1834376367300649
9330 3 0.18310529945306273
9330 4 0.17504155939317578
9330 5 0.15428965201437772
9330 6 0.15334987831131328
9330 7 0.1456544964647317
9330 8 0.13101205376458766
9330 9 0.11434818312076882
9330 10 0.056661117663029156
9330 11 0.03691341272108116
9330 12 0.03450872850404011
9330 13 0.034483444432495944
9330 14 0.027838713469325413
9330 15 0.026280762702823857
9330 16 0.025416905348861655
9330 17 0.020384922397668512
9330 18 0.020010714743460573
9330 19 0.019414530144223213
9334 0 0.14371654896497346
9334 1 0.10720870376749905
9334 2 0.05410447625145998
9334 3 0.043766339263517036
9334 4 0.043763626752708285
9334 5 0.03825643378899384
9334 6 0.03561599880639102
9334 7 0.03286062353615226
9334 8 0.027292385875085357
9334 9 0.024988015513961844
9334 10 0.02190616561177903
9334 11 0.021685626033395137
9334 12 0.01919194014911532
9334 13 0.01867157946989145
9334 14 0.017333542027539776
9334 15 0.015100129855114615
9334 16 0.014084180435607028
9334 17 0.013860910426489011
9334 18 0.013084368380472788
9334 19 0.011424192928116784
9427 0 0.15132072405034172
9427 1 0.09329447401780032
9427 2 0.07940472854508183
9427 3 0.050292255462555675
9427 4 0.04726133587458447
9427 5 0.0450683859504925
9427 6 0.044571641846599355
9427 7 0.0423353672018847
9427 8 0.04029372935500751
9427 9 0.03925456231429719
9427 10 0.038609535543730894
9427 11 0.030479706799076623
9427 12 0.02686472968557423
9427 13 0.023632420317362703
9427 14 0.023121702444296233
9427 15 0.021343304528499536
9427 16 0.02003515752166628
9427 17 0.017739992343259535
9427 18 0.015980861176698297
9427 19 0.015961771740408612
9430 0 0.213489072403244
9430 1 0.13910187014535094
9430 2 0.13845498724777783
9430 3 0.11926439958145102
9430 4 0.10150479529460414
9430 5 0.09751197938412132
9430 6 0.0871498259235657
9430 7 0.08300796150538861
9430 8 0.08281351333834454
9430 9 0.08101851779903865
9430 10 0.05848020512726507
9430 11 0.051753480130829706
9430 12 0.05098622060615553
9430 13 0.03237923775145581
9430 14 0.028734536197533172
9430 15 0.026834484624164264
9430 16 0.025480132504493474
9430 17 0.023632420317362703
9430 18 0.021966804752925725
9430 19 0.016333200863030115
9434 0 0.1450438306794868
9434 1 0.14054495607653392
9434 2 0.08832860993230146
9434 3 0.07747735946021617
9434 4 0.057562007014347
9434 5 0.05750584408192713
9434 6 0.05007149707245146
9434 7 0.04287884647114478
9434 8 0.040358324083891305
9434 9 0.036191816938867534
9434 10 0.03395271660486811
9434 11 0.033508400543685986
9434 12 0.032002640145095795
9434 13 0.03034454717669867
9434 14 0.028544524626749307
9434 15 0.027736368059763206
9434 16 0.024600467890046333
9434 17 0.023922230781998195
9434 18 0.023240281419936407
9434 19 0.015945530629098908
9445 0 0.20261182106259973
9445 1 0.17751016304086037
9445 2 0.15935120472874054
9445 3 0.12421462240156311
9445 4 0.12421462240156311
9445 5 0.10930995271769904
9445 6 0.10167764146319076
9445 7 0.09595170845886124
9445 8 0.07912896541562908
9445 9 0.06616174524622871
9445 10 0.05216857728211784
9445 11 0.049811627973648596
9445 12 0.049542583873055906
9445 13 0.0423884026357504
9445 14 0.041176544103704034
9445 15 0.0356600440966444
9445 16 0.030211860504021876
9445 17 0.02505509451039441
9445 18 0.022269228958714294
9445 19 0.02161478196632678
9449 0 0.1790826496962995
9449 1 0.15592852161862186
9449 2 0.095712411434384
9449 3 0.07502445743977225
9449 4 0.07489191035388255
9449 5 0.06927683189420443
9449 6 0.06633161104827998
9449 7 0.044864034666796164
9449 8 0.041082232479631726
9449 9 0.039524598612863046
9449 10 0.03738533301256598
9449 11 0.03687764077742527
9449 12 0.03666374100296822
9449 13 0.03327493221072408
9449 14 0.03012706718978334
9449 15 0.0270078514137406
9449 16 0.022969435895266975
9449 17 0.019001213667624556
9449 18 0.018498116478610493
9449 19 0.013627495853303214
9450 0 0.16378193079866243
9450 1 0.08827804933444486
9450 2 0.06710571409813784
9450 3 0.04631260598145051
9450 4 0.04161230387209861
9450 5 0.038597380175405725
9450 6 0.03600703421367606
9450 7 0.03253818937580233
9450 8 0.030566884406543437
9450 9 0.030182126632061962
9450 10 0.027178766003003046
9450 11 0.02558073873814075
9450 12 0.024692683826004227
9450 13 0.02319385560907062
9450 14 0.021232434893384652
9450 15 0.019939031269361692
9450 16 0.01987750556348613
9450 17 0.01894617308842527
9450 18 0.018408637575464487
9450 19 0.01604557851559779
9453 0 0.20295346915556298
9453 1 0.14226537454537053
9453 2 0.11665564325428783
9453 3 0.10364673567955128
9453 4 0.06015491835486658
9453 5 0.056849888043192603
9453 6 0.049676074112912486
9453 7 0.048896787488852636
9453 8 0.04538806610125914
9453 9 0.0408979439671189
9453 10 0.03665157431679545
9453 11 0.03224882973876301
9453 12 0.028766520434858067
9453 13 0.02777446204848556
9453 14 0.02728779082895871
9453 15 0.025140114181585
9453 16 0.024496898266635113
9453 17 0.023052537191288927
9453 18 0.02067358787338821
9453 19 0.019435139944707514
